Product_Weight,Product_Sugar_Content,Product_Allocated_Area,Product_Type,Product_MRP,Store_Id,Store_Establishment_Year,Store_Size,Store_Location_City_Type,Store_Type,Store_Age,target
13.77,0,0.015,6,155.54,3,2009,1,1,3,17,3879.32
8.31,0,0.078,14,85.35,1,1998,2,2,1,28,1209.07
11.41,2,0.099,4,167.06,3,2009,1,1,3,17,3582.09
13.07,0,0.086,13,139.77,3,2009,1,1,3,17,3399.93
11.14,0,0.165,13,94.94,1,1998,2,2,1,28,2045.18
12.75,2,0.038,13,114.56,3,2009,1,1,3,17,2811.88
12.22,2,0.038,13,162.19,3,2009,1,1,3,17,3664.75
9.83,0,0.081,13,154.0,2,1999,1,0,0,27,6325.97
14.92,2,0.067,3,187.06,0,1987,0,1,2,39,4784.89
9.12,2,0.057,13,136.29,0,1987,0,1,2,39,2434.56
10.1,0,0.006,6,117.76,1,1998,2,2,1,28,2277.36
13.73,2,0.015,5,156.86,3,2009,1,1,3,17,3896.71
9.45,1,0.033,9,118.24,1,1998,2,2,1,28,2141.05
11.75,0,0.055,6,180.2,3,2009,1,1,3,17,3927.26
12.98,0,0.046,0,110.57,3,2009,1,1,3,17,2780.32
13.27,2,0.042,0,153.54,3,2009,1,1,3,17,3726.43
12.54,0,0.023,6,178.97,0,1987,0,1,2,39,4081.38
12.16,0,0.024,14,139.22,3,2009,1,1,3,17,3181.12
12.61,0,0.048,6,214.03,0,1987,0,1,2,39,4814.55
11.16,0,0.014,1,162.72,3,2009,1,1,3,17,3436.33
9.37,0,0.068,13,104.81,1,1998,2,2,1,28,1847.26
12.2,0,0.015,6,154.52,3,2009,1,1,3,17,3503.22
13.01,0,0.013,0,152.14,3,2009,1,1,3,17,3637.71
12.76,0,0.032,6,82.59,1,1998,2,2,1,28,2159.2
15.34,0,0.029,3,188.03,0,1987,0,1,2,39,4899.16
14.8,2,0.147,0,145.64,3,2009,1,1,3,17,3910.7
11.41,2,0.096,4,150.57,3,2009,1,1,3,17,3244.38
12.31,1,0.129,9,105.99,3,2009,1,1,3,17,2536.09
13.36,1,0.142,8,166.4,0,1987,0,1,2,39,4010.25
11.97,2,0.081,5,133.78,3,2009,1,1,3,17,3027.5
11.12,0,0.111,4,97.35,1,1998,2,2,1,28,2091.07
12.16,1,0.21,9,173.09,3,2009,1,1,3,17,3875.63
14.26,2,0.065,5,164.81,0,1987,0,1,2,39,4180.58
8.71,2,0.033,6,88.61,2,1999,1,0,0,27,5609.12
11.59,0,0.021,13,192.9,0,1987,0,1,2,39,4151.13
12.67,1,0.046,8,175.83,0,1987,0,1,2,39,4045.46
14.29,2,0.041,13,184.99,0,1987,0,1,2,39,4599.33
12.88,0,0.123,15,158.39,3,2009,1,1,3,17,3738.06
13.34,1,0.045,9,195.56,0,1987,0,1,2,39,4601.23
15.45,0,0.069,5,161.96,2,1999,1,0,0,27,4391.3
12.41,0,0.029,5,118.15,3,2009,1,1,3,17,2808.07
12.65,1,0.019,8,190.83,2,1999,1,0,0,27,4347.97
11.07,0,0.091,10,102.25,2,1999,1,0,0,27,6035.09
12.99,0,0.007,4,110.11,3,2009,1,1,3,17,2773.61
12.1,1,0.055,9,138.4,3,2009,1,1,3,17,3151.91
12.08,0,0.011,6,143.91,3,2009,1,1,3,17,3259.38
11.31,0,0.036,6,112.2,0,1987,0,1,2,39,2437.51
12.43,0,0.128,4,135.64,3,2009,1,1,3,17,3169.51
13.75,0,0.025,13,198.23,0,1987,0,1,2,39,4749.18
12.5,1,0.032,9,149.26,3,2009,1,1,3,17,3463.5
10.86,1,0.151,8,90.61,1,1998,2,2,1,28,1893.65
12.38,0,0.015,3,146.22,3,2009,1,1,3,17,3374.78
14.57,0,0.021,4,158.74,0,1987,0,1,2,39,4125.19
15.55,2,0.025,6,163.35,2,1999,1,0,0,27,4442.13
17.44,1,0.094,11,181.24,2,1999,1,0,0,27,5235.95
14.57,0,0.053,13,208.65,2,1999,1,0,0,27,5147.25
16.68,2,0.015,4,191.27,2,1999,1,0,0,27,5269.5
12.01,0,0.094,5,116.6,2,1999,1,0,0,27,6275.74
9.49,0,0.055,13,140.55,3,2009,1,1,3,17,2605.92
12.52,0,0.011,4,126.79,3,2009,1,1,3,17,2964.71
16.96,2,0.173,6,204.5,2,1999,1,0,0,27,5602.23
10.7,0,0.041,0,160.61,3,2009,1,1,3,17,3289.27
8.9,2,0.223,13,146.94,3,2009,1,1,3,17,2602.9
10.98,0,0.125,5,184.29,3,2009,1,1,3,17,3836.73
13.45,0,0.092,7,153.92,3,2009,1,1,3,17,3774.1
15.05,0,0.076,13,168.99,2,1999,1,0,0,27,4443.71
13.94,0,0.133,13,150.89,3,2009,1,1,3,17,3823.7
13.43,0,0.027,0,170.69,0,1987,0,1,2,39,4112.45
13.76,0,0.153,4,164.47,0,1987,0,1,2,39,4060.69
16.11,2,0.102,5,169.5,0,1987,0,1,2,39,4693.52
13.46,1,0.063,9,192.52,0,1987,0,1,2,39,4566.7
13.1,0,0.16,13,139.51,3,2009,1,1,3,17,3399.29
12.04,1,0.086,9,162.26,1,1998,2,2,1,28,512.42
9.72,0,0.075,6,107.95,1,1998,2,2,1,28,1990.47
9.68,2,0.041,10,160.78,3,2009,1,1,3,17,3061.6
11.01,2,0.083,1,97.66,1,1998,2,2,1,28,2269.28
13.44,0,0.063,0,150.64,3,2009,1,1,3,17,3703.97
14.36,2,0.097,14,194.29,0,1987,0,1,2,39,4806.35
14.19,0,0.093,14,198.31,0,1987,0,1,2,39,4849.99
14.06,1,0.142,9,144.51,3,2009,1,1,3,17,5020.74
15.01,1,0.094,9,164.47,2,1999,1,0,0,27,4342.22
8.73,0,0.056,13,101.72,1,1998,2,2,1,28,1638.91
11.05,2,0.16,0,163.96,3,2009,1,1,3,17,3437.86
12.76,1,0.042,8,140.2,3,2009,1,1,3,17,3337.52
12.31,0,0.029,0,132.27,3,2009,1,1,3,17,3073.84
14.94,1,0.077,9,188.74,0,1987,0,1,2,39,4823.62
9.27,0,0.06,6,105.33,1,1998,2,2,1,28,1835.94
12.82,0,0.038,5,150.37,3,2009,1,1,3,17,3560.07
9.36,2,0.036,0,117.28,1,1998,2,2,1,28,2100.59
9.85,1,0.021,8,171.56,3,2009,1,1,3,17,3322.39
15.56,2,0.03,6,137.87,3,2009,1,1,3,17,3924.03
13.98,2,0.27,4,121.45,3,2009,1,1,3,17,3228.85
13.69,0,0.028,13,169.01,0,1987,0,1,2,39,4138.23
14.39,0,0.021,0,114.68,3,2009,1,1,3,17,3184.62
12.54,0,0.188,14,113.72,3,2009,1,1,3,17,2746.67
7.86,0,0.064,13,90.25,1,1998,2,2,1,28,1208.89
16.29,3,0.184,5,217.94,2,1999,1,0,0,27,5726.19
11.71,2,0.103,4,176.85,2,1999,1,0,0,27,5720.18
15.61,1,0.102,9,143.44,0,1987,0,1,2,39,4048.25
13.37,3,0.144,6,173.1,0,1987,0,1,2,39,4149.85
12.95,0,0.021,4,145.95,3,2009,1,1,3,17,3497.6
11.96,0,0.062,5,143.25,3,2009,1,1,3,17,3219.56
13.98,0,0.103,0,147.47,3,2009,1,1,3,17,3762.39
14.14,1,0.018,9,140.66,3,2009,1,1,3,17,3658.41
9.0,1,0.03,8,31.0,1,1998,2,2,1,28,253.53
11.95,3,0.041,3,135.58,3,2009,1,1,3,17,3059.57
10.55,1,0.072,8,111.63,1,1998,2,2,1,28,2254.13
13.19,0,0.235,13,141.68,3,2009,1,1,3,17,3464.61
12.39,1,0.021,9,118.51,3,2009,1,1,3,17,2810.58
11.73,1,0.015,9,170.07,3,2009,1,1,3,17,3716.96
14.88,2,0.099,3,146.81,3,2009,1,1,3,17,3951.97
16.01,1,0.104,8,237.33,2,1999,1,0,0,27,6058.97
10.9,0,0.061,10,150.45,3,2009,1,1,3,17,3126.88
12.58,1,0.026,8,120.93,3,2009,1,1,3,17,2903.64
13.32,0,0.047,6,142.68,3,2009,1,1,3,17,3514.42
15.93,2,0.01,10,168.69,0,1987,0,1,2,39,4636.72
13.48,0,0.066,4,155.95,3,2009,1,1,3,17,2703.72
14.08,3,0.121,13,159.31,0,1987,0,1,2,39,4028.09
15.37,1,0.118,8,194.52,2,1999,1,0,0,27,5038.36
17.48,0,0.041,1,223.98,2,1999,1,0,0,27,6118.55
11.34,1,0.049,9,187.99,3,2009,1,1,3,17,3993.7
16.1,0,0.027,10,156.81,2,1999,1,0,0,27,4433.44
14.46,2,0.058,6,181.06,0,1987,0,1,2,39,4558.79
13.36,1,0.022,11,104.11,3,2009,1,1,3,17,2735.27
10.38,2,0.164,3,146.6,3,2009,1,1,3,17,2931.13
10.46,2,0.047,0,119.9,0,1987,0,1,2,39,2403.26
15.0,0,0.161,6,202.46,2,1999,1,0,0,27,5118.71
10.32,2,0.034,14,127.13,3,2009,1,1,3,17,2519.76
11.64,0,0.097,13,78.01,1,1998,2,2,1,28,1811.7
13.79,0,0.106,6,162.59,0,1987,0,1,2,39,4027.44
16.13,0,0.042,0,206.83,2,1999,1,0,0,27,5462.98
13.26,2,0.28,4,137.37,3,2009,1,1,3,17,3393.59
9.79,0,0.027,4,136.67,3,2009,1,1,3,17,2593.29
14.82,0,0.011,1,131.95,3,2009,1,1,3,17,3633.51
11.76,0,0.124,5,185.36,0,1987,0,1,2,39,4034.76
18.27,1,0.053,8,198.07,2,1999,1,0,0,27,5767.82
13.0,0,0.027,5,146.74,3,2009,1,1,3,17,3525.12
13.41,2,0.029,6,159.99,3,2009,1,1,3,17,2495.13
12.79,0,0.049,6,161.86,3,2009,1,1,3,17,3788.51
13.69,0,0.096,5,117.1,3,2009,1,1,3,17,3075.49
16.58,2,0.184,3,148.33,2,1999,1,0,0,27,4367.87
14.78,2,0.011,3,204.99,2,1999,1,0,0,27,5118.9
14.51,0,0.023,13,181.84,0,1987,0,1,2,39,4585.27
12.68,0,0.064,6,183.73,2,1999,1,0,0,27,4209.48
9.4,0,0.067,10,133.71,0,1987,0,1,2,39,2444.93
12.02,1,0.043,11,142.68,3,2009,1,1,3,17,3221.4
14.71,2,0.107,4,193.86,0,1987,0,1,2,39,4877.12
9.44,1,0.085,8,118.9,1,1998,2,2,1,28,677.12
8.48,2,0.186,3,81.59,1,1998,2,2,1,28,1171.06
11.65,0,0.063,6,123.93,3,2009,1,1,3,17,2752.96
11.94,0,0.026,5,127.11,3,2009,1,1,3,17,2885.14
10.4,0,0.07,13,161.33,3,2009,1,1,3,17,3237.31
11.96,0,0.018,13,151.35,3,2009,1,1,3,17,3384.58
12.56,2,0.018,0,150.88,3,2009,1,1,3,17,3511.58
12.46,1,0.053,8,145.98,3,2009,1,1,3,17,3387.9
9.41,2,0.021,12,54.64,1,1998,2,2,1,28,829.1
11.5,0,0.081,0,142.71,3,2009,1,1,3,17,3103.4
13.48,0,0.057,13,109.65,1,1998,2,2,1,28,894.75
11.62,0,0.038,6,155.09,3,2009,1,1,3,17,3383.94
14.23,1,0.228,8,154.62,3,2009,1,1,3,17,3964.1
12.09,0,0.152,5,130.63,3,2009,1,1,3,17,2990.29
15.05,0,0.047,5,121.48,3,2009,1,1,3,17,3473.21
12.29,0,0.031,6,126.11,3,2009,1,1,3,17,2943.66
11.52,0,0.051,13,96.64,1,1998,2,2,1,28,2167.24
12.64,0,0.12,4,175.83,0,1987,0,1,2,39,4038.5
14.1,2,0.063,10,172.18,2,1999,1,0,0,27,4295.68
15.05,2,0.12,6,198.53,2,1999,1,0,0,27,5049.41
12.65,2,0.048,3,80.12,1,1998,2,2,1,28,2083.75
10.66,2,0.025,13,130.46,3,2009,1,1,3,17,2663.66
12.93,0,0.042,4,152.25,3,2009,1,1,3,17,3621.89
11.36,2,0.057,10,120.57,3,2009,1,1,3,17,2618.68
12.84,0,0.011,6,101.99,3,2009,1,1,3,17,2574.88
12.99,1,0.123,9,155.05,3,2009,1,1,3,17,3692.48
16.8,2,0.033,2,176.82,2,1999,1,0,0,27,4999.19
13.07,1,0.054,8,171.1,0,1987,0,1,2,39,4040.57
15.16,2,0.13,10,132.89,3,2009,1,1,3,17,3731.74
11.85,1,0.083,9,131.37,3,2009,1,1,3,17,2951.49
10.82,2,0.073,5,106.25,1,1998,2,2,1,28,2204.44
11.19,2,0.079,6,89.77,1,1998,2,2,1,28,1950.14
14.15,0,0.021,1,147.57,3,2009,1,1,3,17,3801.62
12.94,0,0.027,14,120.3,3,2009,1,1,3,17,2971.58
11.7,2,0.185,4,199.75,0,1987,0,1,2,39,3242.67
15.73,0,0.066,13,182.77,0,1987,0,1,2,39,3443.57
9.96,0,0.029,13,147.98,3,2009,1,1,3,17,2864.34
13.7,2,0.089,0,152.91,3,2009,1,1,3,17,3809.67
11.96,2,0.009,0,159.43,3,2009,1,1,3,17,3549.41
16.19,2,0.006,10,123.22,3,2009,1,1,3,17,3766.21
11.51,0,0.041,13,151.54,3,2009,1,1,3,17,3287.16
16.35,0,0.08,0,202.49,2,1999,1,0,0,27,5422.91
15.11,0,0.032,6,204.18,2,1999,1,0,0,27,5179.13
13.45,0,0.032,5,126.96,3,2009,1,1,3,17,3223.27
11.86,1,0.057,9,142.51,3,2009,1,1,3,17,3182.18
13.97,0,0.025,5,188.22,0,1987,0,1,2,39,4594.32
14.18,2,0.03,13,224.33,2,1999,1,0,0,27,5380.13
10.72,2,0.097,5,130.54,3,2009,1,1,3,17,2679.3
13.33,0,0.129,6,154.17,3,2009,1,1,3,17,3752.72
11.19,0,0.015,6,168.64,3,2009,1,1,3,17,3565.22
10.72,1,0.031,8,168.18,3,2009,1,1,3,17,3448.24
15.33,2,0.111,6,210.12,2,1999,1,0,0,27,5350.05
10.85,2,0.061,13,121.22,3,2009,1,1,3,17,1755.32
10.83,0,0.034,6,133.11,3,2009,1,1,3,17,1978.82
16.4,1,0.227,8,158.93,0,1987,0,1,2,39,4543.65
11.19,1,0.049,9,95.12,1,1998,2,2,1,28,2059.89
8.69,1,0.087,9,92.38,1,1998,2,2,1,28,1440.41
16.49,2,0.031,5,155.06,1,1998,2,2,1,28,950.99
14.35,0,0.039,4,179.76,0,1987,0,1,2,39,4505.87
10.92,0,0.052,6,100.26,1,1998,2,2,1,28,2104.26
14.09,0,0.074,1,179.77,2,1999,1,0,0,27,4448.32
12.15,2,0.053,3,156.65,3,2009,1,1,3,17,3536.88
8.44,1,0.188,8,102.17,0,1987,0,1,2,39,4466.61
12.36,1,0.098,9,102.01,0,1987,0,1,2,39,2466.62
13.42,2,0.033,0,148.54,3,2009,1,1,3,17,3658.66
11.36,0,0.03,10,117.89,3,2009,1,1,3,17,2565.43
11.48,2,0.025,0,159.46,3,2009,1,1,3,17,3441.95
14.3,2,0.02,3,138.49,3,2009,1,1,3,17,3650.65
16.64,2,0.094,3,194.6,2,1999,1,0,0,27,5327.33
13.45,2,0.106,0,141.05,3,2009,1,1,3,17,3511.42
7.3,0,0.066,10,106.72,1,1998,2,2,1,28,1417.59
12.28,1,0.012,9,206.85,0,1987,0,1,2,39,4593.12
9.41,0,0.055,13,139.67,3,2009,1,1,3,17,2569.44
12.46,1,0.053,11,155.15,3,2009,1,1,3,17,3575.15
11.9,2,0.076,6,136.6,3,2009,1,1,3,17,3070.39
15.72,1,0.028,8,147.45,0,1987,0,1,2,39,4155.54
8.81,2,0.123,10,142.88,3,2009,1,1,3,17,2500.82
17.33,1,0.038,8,195.06,2,1999,1,0,0,27,5492.55
11.27,0,0.123,7,116.22,3,2009,1,1,3,17,2509.49
14.24,0,0.135,5,101.53,3,2009,1,1,3,17,2881.17
13.95,1,0.021,8,111.9,3,2009,1,1,3,17,3027.72
15.59,2,0.05,6,180.74,0,1987,0,1,2,39,4806.88
13.92,0,0.172,5,147.74,3,2009,1,1,3,17,3754.24
12.26,0,0.157,4,133.14,3,2009,1,1,3,17,3079.25
10.16,1,0.054,8,111.96,1,1998,2,2,1,28,2173.27
17.19,0,0.077,13,175.17,2,1999,1,0,0,27,5054.71
12.55,0,0.025,14,138.27,3,2009,1,1,3,17,3251.68
7.04,2,0.025,15,110.88,1,1998,2,2,1,28,1445.88
13.1,1,0.068,8,152.97,3,2009,1,1,3,17,3674.87
13.52,0,0.024,4,169.29,0,1987,0,1,2,39,4104.04
11.72,0,0.054,13,143.43,3,2009,1,1,3,17,3167.74
13.65,1,0.077,9,187.98,0,1987,0,1,2,39,4516.13
14.88,2,0.056,13,144.87,3,2009,1,1,3,17,3911.89
13.55,0,0.026,5,201.53,0,1987,0,1,2,39,4770.38
14.15,0,0.014,6,169.94,2,1999,1,0,0,27,4260.86
12.7,0,0.021,5,153.44,3,2009,1,1,3,17,3594.93
12.3,1,0.054,8,119.13,3,2009,1,1,3,17,2802.63
13.15,0,0.143,2,123.37,3,2009,1,1,3,17,3919.52
10.5,0,0.041,10,95.15,1,1998,2,2,1,28,1905.89
11.99,2,0.091,1,176.49,3,2009,1,1,3,17,3906.85
11.19,0,0.077,0,160.45,3,2009,1,1,3,17,3398.06
12.62,0,0.007,15,181.96,0,1987,0,1,2,39,4159.59
12.87,0,0.014,14,150.73,3,2009,1,1,3,17,3578.6
9.84,2,0.033,5,112.43,1,1998,2,2,1,28,2108.62
13.22,1,0.292,9,195.82,0,1987,0,1,2,39,4579.84
13.9,0,0.079,14,185.16,0,1987,0,1,2,39,4515.95
11.92,0,0.035,0,164.91,3,2009,1,1,3,17,3652.58
14.31,2,0.133,12,154.2,3,2009,1,1,3,17,3973.92
11.6,0,0.061,4,171.07,3,2009,1,1,3,17,3707.4
13.89,1,0.193,9,168.44,0,1987,0,1,2,39,4171.82
15.34,0,0.035,0,161.43,2,1999,1,0,0,27,4354.58
12.29,2,0.059,5,162.33,3,2009,1,1,3,17,3683.78
13.76,0,0.036,6,145.03,3,2009,1,1,3,17,3662.76
14.8,0,0.017,13,177.73,0,1987,0,1,2,39,4567.8
13.25,0,0.065,6,160.72,3,2009,1,1,3,17,3869.27
10.15,0,0.087,13,92.32,1,1998,2,2,1,28,1769.09
14.2,1,0.084,11,176.23,2,1999,1,0,0,27,4400.12
15.29,0,0.082,4,189.49,0,1987,0,1,2,39,4918.47
15.43,0,0.196,15,179.02,0,1987,0,1,2,39,4735.32
10.07,2,0.049,1,119.27,0,1987,0,1,2,39,2301.45
12.55,1,0.011,9,147.76,3,2009,1,1,3,17,3445.18
10.81,1,0.024,9,163.75,3,2009,1,1,3,17,3377.91
15.92,0,0.14,10,96.04,3,2009,1,1,3,17,3147.34
15.19,0,0.022,3,208.18,2,1999,1,0,0,27,5277.92
10.5,2,0.035,14,117.21,0,1987,0,1,2,39,2357.33
14.15,1,0.126,8,155.8,3,2009,1,1,3,17,3971.23
12.59,0,0.018,6,125.11,3,2009,1,1,3,17,2989.62
15.39,1,0.006,11,179.95,0,1987,0,1,2,39,4744.98
16.58,0,0.064,5,171.9,2,1999,1,0,0,27,4848.73
15.01,2,0.141,1,146.88,3,2009,1,1,3,17,3982.14
11.09,0,0.021,6,120.78,3,2009,1,1,3,17,2562.86
9.28,1,0.145,9,110.31,1,1998,2,2,1,28,1938.57
16.0,0,0.048,1,177.06,0,1987,0,1,2,39,4824.37
14.28,1,0.019,9,133.7,3,2009,1,1,3,17,3547.78
10.93,2,0.022,10,202.82,2,1999,1,0,0,27,4204.58
11.45,2,0.052,0,154.54,3,2009,1,1,3,17,3335.9
10.18,0,0.08,13,139.93,3,2009,1,1,3,17,2749.29
12.21,0,0.205,15,142.68,3,2009,1,1,3,17,3264.16
10.91,0,0.099,0,109.32,1,1998,2,2,1,28,2287.11
10.53,0,0.008,5,142.38,3,2009,1,1,3,17,2878.31
10.65,2,0.132,5,156.8,3,2009,1,1,3,17,3199.93
13.58,1,0.086,9,170.01,1,1998,2,2,1,28,2060.28
13.56,0,0.091,3,181.83,2,1999,1,0,0,27,4371.43
10.06,0,0.031,6,134.53,3,2009,1,1,3,17,2611.62
11.5,0,0.181,5,134.89,3,2009,1,1,3,17,2943.54
13.93,1,0.086,8,186.31,0,1987,0,1,2,39,4545.15
17.6,2,0.031,13,158.67,2,1999,1,0,0,27,4809.97
14.65,0,0.011,5,187.82,0,1987,0,1,2,39,4738.77
13.15,0,0.025,14,159.47,3,2009,1,1,3,17,3820.25
13.2,0,0.033,13,131.79,3,2009,1,1,3,17,3266.18
11.76,1,0.091,8,132.54,3,2009,1,1,3,17,2955.04
11.69,2,0.079,0,125.99,3,2009,1,1,3,17,2804.18
12.98,0,0.116,13,165.88,3,2009,1,1,3,17,3912.06
8.93,0,0.031,13,126.48,1,1998,2,2,1,28,2190.98
13.5,0,0.028,13,149.52,3,2009,1,1,3,17,3695.41
14.23,0,0.045,4,139.65,3,2009,1,1,3,17,3657.89
12.65,1,0.145,8,134.69,3,2009,1,1,3,17,3201.1
12.57,0,0.036,15,196.84,2,1999,1,0,0,27,4452.7
14.88,0,0.038,3,96.49,3,2009,1,1,3,17,2922.28
12.27,2,0.061,10,134.88,3,2009,1,1,3,17,3117.77
11.41,0,0.119,13,144.12,3,2009,1,1,3,17,3113.96
9.94,0,0.184,5,92.19,1,1998,2,2,1,28,1717.23
11.54,2,0.035,12,152.03,3,2009,1,1,3,17,3303.99
12.25,0,0.012,7,188.2,2,1999,1,0,0,27,4205.63
12.34,0,0.016,4,75.29,1,1998,2,2,1,28,1913.64
13.56,2,0.062,12,135.41,3,2009,1,1,3,17,3421.04
10.14,0,0.122,12,162.93,3,2009,1,1,3,17,3210.54
11.61,0,0.173,3,159.99,3,2009,1,1,3,17,3481.87
10.84,0,0.049,10,124.93,1,1998,2,2,1,28,1215.18
14.68,0,0.108,10,220.49,2,1999,1,0,0,27,5415.4
10.32,0,0.024,10,117.27,0,1987,0,1,2,39,2316.16
12.97,0,0.115,3,136.05,3,2009,1,1,3,17,3301.17
12.35,1,0.025,8,151.39,3,2009,1,1,3,17,5119.47
14.39,3,0.057,0,184.41,0,1987,0,1,2,39,4609.95
11.87,0,0.058,5,140.58,3,2009,1,1,3,17,4479.13
15.3,0,0.087,4,199.37,2,1999,1,0,0,27,5121.75
13.91,2,0.103,14,151.64,3,2009,1,1,3,17,3832.02
10.71,0,0.108,6,147.38,3,2009,1,1,3,17,3020.84
11.76,1,0.035,8,119.88,3,2009,1,1,3,17,2695.4
17.36,0,0.024,1,208.6,2,1999,1,0,0,27,5777.83
9.21,0,0.01,0,144.35,2,1999,1,0,0,27,5789.67
16.12,1,0.12,8,175.82,0,1987,0,1,2,39,4825.55
12.2,2,0.045,13,134.63,3,2009,1,1,3,17,3097.32
7.66,2,0.04,1,93.85,1,1998,2,2,1,28,1235.63
9.44,1,0.067,9,117.62,1,1998,2,2,1,28,2124.37
11.95,0,0.12,5,127.05,3,2009,1,1,3,17,2886.22
12.81,0,0.066,6,157.7,3,2009,1,1,3,17,3706.67
11.42,0,0.081,6,163.88,3,2009,1,1,3,17,3520.32
10.72,0,0.068,13,111.08,1,1998,2,2,1,28,2281.16
13.51,0,0.131,4,131.84,3,2009,1,1,3,17,3336.51
15.21,2,0.039,3,123.72,3,2009,1,1,3,17,3553.2
13.61,1,0.03,9,146.14,3,2009,1,1,3,17,3652.07
11.3,0,0.081,14,149.55,3,2009,1,1,3,17,3199.05
12.75,3,0.056,6,227.47,2,1999,1,0,0,27,5120.87
13.91,0,0.162,6,110.35,3,2009,1,1,3,17,2986.62
10.69,1,0.171,9,145.44,3,2009,1,1,3,17,2978.05
14.86,1,0.162,8,151.92,0,1987,0,1,2,39,4051.45
11.36,0,0.039,10,138.6,3,2009,1,1,3,17,2989.5
12.48,0,0.026,3,123.16,3,2009,1,1,3,17,2925.81
12.47,0,0.174,10,157.88,3,2009,1,1,3,17,3633.95
8.25,2,0.031,4,119.55,1,1998,2,2,1,28,1894.93
12.65,0,0.072,6,187.61,2,1999,1,0,0,27,4283.89
13.47,1,0.04,9,180.22,2,1999,1,0,0,27,4316.5
12.87,0,0.029,1,160.47,3,2009,1,1,3,17,3778.34
12.22,0,0.029,6,165.36,3,2009,1,1,3,17,3731.51
12.16,2,0.092,5,115.92,3,2009,1,1,3,17,2705.2
14.18,2,0.139,3,131.76,3,2009,1,1,3,17,3486.87
15.26,2,0.057,4,210.59,2,1999,1,0,0,27,5342.89
9.61,1,0.075,9,114.56,1,1998,2,2,1,28,2101.31
15.41,1,0.075,11,176.5,0,1987,0,1,2,39,4678.65
15.54,0,0.027,4,186.52,0,1987,0,1,2,39,4913.95
13.59,0,0.053,5,145.62,3,2009,1,1,3,17,3635.47
9.6,1,0.041,8,164.6,3,2009,1,1,3,17,3123.57
12.51,0,0.118,15,173.4,3,2009,1,1,3,17,3959.66
13.0,1,0.077,9,136.76,3,2009,1,1,3,17,3322.54
14.83,0,0.071,5,167.45,2,1999,1,0,0,27,4362.79
16.06,0,0.089,2,152.28,2,1999,1,0,0,27,4330.5
11.63,0,0.074,13,114.86,3,2009,1,1,3,17,2562.71
14.41,2,0.122,10,155.09,0,1987,0,1,2,39,4014.47
9.38,2,0.039,14,115.72,2,1999,1,0,0,27,6697.87
12.54,0,0.09,7,203.53,1,1998,2,2,1,28,2104.95
14.3,0,0.038,13,102.93,3,2009,1,1,3,17,2922.59
14.44,2,0.027,10,184.72,0,1987,0,1,2,39,4629.45
10.77,2,0.066,0,114.34,0,1987,0,1,2,39,2359.43
14.75,0,0.027,12,135.64,3,2009,1,1,3,17,3693.34
12.34,0,0.01,6,134.28,3,2009,1,1,3,17,3120.62
15.25,1,0.176,9,152.71,0,1987,0,1,2,39,4157.51
12.0,2,0.031,6,127.38,3,2009,1,1,3,17,2903.93
11.14,1,0.099,9,147.29,3,2009,1,1,3,17,3117.58
11.66,0,0.047,10,188.95,0,1987,0,1,2,39,4086.72
12.51,1,0.073,9,169.48,3,2009,1,1,3,17,3880.61
12.15,0,0.013,3,141.87,3,2009,1,1,3,17,3233.42
14.53,0,0.016,10,181.25,0,1987,0,1,2,39,4578.3
14.36,0,0.024,4,173.68,2,1999,1,0,0,27,4384.63
10.39,1,0.041,8,128.16,3,2009,1,1,3,17,2556.77
15.83,0,0.065,5,180.77,0,1987,0,1,2,39,4861.63
7.23,0,0.067,5,103.66,1,1998,2,2,1,28,1339.52
14.38,0,0.129,0,194.04,0,1987,0,1,2,39,4805.93
11.55,0,0.096,10,117.09,3,2009,1,1,3,17,2591.89
14.94,1,0.233,9,150.65,0,1987,0,1,2,39,4044.67
12.98,0,0.044,4,155.83,3,2009,1,1,3,17,3706.21
15.83,1,0.027,8,192.62,2,1999,1,0,0,27,5104.78
14.68,2,0.143,6,145.32,3,2009,1,1,3,17,3876.17
11.85,0,0.061,0,182.97,0,1987,0,1,2,39,4007.47
10.58,0,0.016,6,144.73,3,2009,1,1,3,17,2938.62
14.73,1,0.031,9,194.18,0,1987,0,1,2,39,4888.66
8.95,0,0.129,10,113.79,1,1998,2,2,1,28,1937.49
9.98,2,0.027,0,125.22,0,1987,0,1,2,39,2403.73
11.7,0,0.032,3,156.24,3,2009,1,1,3,17,3425.48
12.95,1,0.141,9,148.36,3,2009,1,1,3,17,3548.75
14.23,0,0.037,13,199.32,0,1987,0,1,2,39,4878.79
10.73,0,0.044,5,109.2,1,1998,2,2,1,28,2243.85
16.32,0,0.033,13,173.95,0,1987,0,1,2,39,4833.88
13.7,1,0.09,8,181.34,2,1999,1,0,0,27,4392.88
15.2,0,0.077,5,184.73,2,1999,1,0,0,27,5994.13
13.89,2,0.044,7,151.6,3,2009,1,1,3,17,3826.81
12.67,0,0.042,1,159.77,3,2009,1,1,3,17,3718.86
14.74,1,0.067,9,142.5,3,2009,1,1,3,17,3832.21
16.46,0,0.01,6,186.04,2,1999,1,0,0,27,5111.44
15.17,0,0.184,0,140.35,2,1999,1,0,0,27,6526.25
12.47,0,0.033,14,175.32,3,2009,1,1,3,17,3991.24
13.37,0,0.064,14,143.54,3,2009,1,1,3,17,3543.33
11.8,0,0.019,5,97.54,1,1998,2,2,1,28,2248.89
10.17,0,0.098,5,74.27,1,1998,2,2,1,28,1402.37
13.56,2,0.017,5,150.12,3,2009,1,1,3,17,3721.56
10.89,2,0.082,0,147.95,3,2009,1,1,3,17,3072.8
10.71,0,0.135,4,139.94,3,2009,1,1,3,17,2870.08
13.73,2,0.137,15,120.67,3,2009,1,1,3,17,3157.67
11.72,0,0.022,10,133.1,3,2009,1,1,3,17,2956.82
12.38,0,0.069,6,111.05,3,2009,1,1,3,17,2655.19
12.94,2,0.072,3,163.06,3,2009,1,1,3,17,3847.27
12.62,1,0.117,8,195.81,2,1999,1,0,0,27,4443.45
15.22,2,0.015,6,158.64,2,1999,1,0,0,27,4271.53
13.06,0,0.162,15,132.86,3,2009,1,1,3,17,3255.95
13.64,0,0.021,5,135.83,3,2009,1,1,3,17,3446.4
15.45,2,0.162,6,199.37,2,1999,1,0,0,27,5157.18
8.98,0,0.085,14,114.61,1,1998,2,2,1,28,1959.01
11.73,0,0.128,14,137.31,3,2009,1,1,3,17,3044.98
11.51,0,0.021,13,165.42,3,2009,1,1,3,17,3571.42
11.41,0,0.025,3,144.89,3,2009,1,1,3,17,5209.49
11.68,2,0.04,1,128.59,3,2009,1,1,3,17,2855.37
14.14,0,0.052,4,173.78,2,1999,1,0,0,27,4335.88
10.42,2,0.032,1,98.53,1,1998,2,2,1,28,1955.4
13.35,2,0.055,4,216.9,2,1999,1,0,0,27,5914.86
18.16,2,0.072,14,186.64,2,1999,1,0,0,27,5507.55
11.48,1,0.01,8,161.03,3,2009,1,1,3,17,3474.79
10.81,2,0.068,3,151.88,3,2009,1,1,3,17,3136.67
13.99,0,0.036,14,129.5,3,2009,1,1,3,17,3397.49
8.87,0,0.042,3,113.46,1,1998,2,2,1,28,1910.46
14.75,0,0.076,13,187.48,0,1987,0,1,2,39,4754.73
13.8,0,0.091,0,149.53,3,2009,1,1,3,17,3764.73
9.37,2,0.031,6,154.88,3,2009,1,1,3,17,2871.93
14.72,0,0.015,14,164.27,0,1987,0,1,2,39,4828.12
13.21,0,0.067,13,157.8,3,2009,1,1,3,17,3800.42
12.42,1,0.044,8,180.1,0,1987,0,1,2,39,4078.49
10.84,0,0.024,14,109.08,1,1998,2,2,1,28,2267.02
17.39,0,0.034,6,170.91,2,1999,1,0,0,27,5011.32
14.77,0,0.024,6,137.65,3,2009,1,1,3,17,3739.62
7.02,2,0.029,0,50.42,1,1998,2,2,1,28,203.55
16.12,0,0.079,5,190.07,2,1999,1,0,0,27,5116.81
11.73,1,0.004,8,146.52,3,2009,1,1,3,17,3235.05
12.86,0,0.062,6,139.32,3,2009,1,1,3,17,3341.99
11.44,2,0.027,0,144.18,3,2009,1,1,3,17,3120.85
11.74,0,0.062,7,103.63,0,1987,0,1,2,39,2357.91
13.4,1,0.129,9,191.29,0,1987,0,1,2,39,4527.45
13.14,1,0.037,9,147.18,3,2009,1,1,3,17,3566.64
12.43,2,0.044,5,160.44,3,2009,1,1,3,17,3676.83
8.74,0,0.048,4,136.24,0,1987,0,1,2,39,2347.49
15.04,0,0.104,13,118.56,3,2009,1,1,3,17,3410.45
10.5,0,0.036,7,144.82,3,2009,1,1,3,17,2921.44
14.45,2,0.037,6,161.2,0,1987,0,1,2,39,4148.4
14.1,0,0.026,4,95.96,3,2009,1,1,3,17,2736.45
13.19,0,0.007,4,153.58,3,2009,1,1,3,17,3708.43
13.33,0,0.102,10,154.71,3,2009,1,1,3,17,3763.78
15.9,2,0.172,6,153.75,2,1999,1,0,0,27,4323.7
9.95,0,0.034,13,149.98,3,2009,1,1,3,17,2903.05
12.45,0,0.038,13,160.71,3,2009,1,1,3,17,3688.14
10.93,1,0.054,9,103.23,1,1998,2,2,1,28,2168.66
10.28,2,0.069,4,130.75,3,2009,1,1,3,17,2584.82
10.18,0,0.052,6,138.71,3,2009,1,1,3,17,2723.74
11.45,0,0.013,6,166.86,3,2009,1,1,3,17,3588.2
8.85,0,0.123,3,113.28,1,1998,2,2,1,28,1902.66
13.87,0,0.055,10,142.04,3,2009,1,1,3,17,3626.84
15.62,2,0.056,3,164.29,2,1999,1,0,0,27,4476.3
13.85,2,0.031,13,185.48,2,1999,1,0,0,27,5017.66
7.94,0,0.036,5,150.78,0,1987,0,1,2,39,2464.78
10.1,1,0.071,8,86.91,0,1987,0,1,2,39,2734.26
12.49,0,0.292,5,131.49,3,2009,1,1,3,17,3097.53
10.91,0,0.056,10,106.68,1,1998,2,2,1,28,2233.56
14.79,1,0.113,8,181.26,0,1987,0,1,2,39,4636.41
15.37,0,0.13,3,99.24,3,2009,1,1,3,17,4332.15
11.45,0,0.039,10,125.43,3,2009,1,1,3,17,2738.39
14.36,2,0.012,14,128.07,3,2009,1,1,3,17,3451.9
10.32,0,0.14,6,163.29,3,2009,1,1,3,17,3257.9
12.88,2,0.026,0,89.6,0,1987,0,1,2,39,2329.47
11.44,0,0.042,3,153.91,3,2009,1,1,3,17,3320.72
16.53,2,0.077,10,215.22,2,1999,1,0,0,27,5724.7
10.7,1,0.062,8,149.39,3,2009,1,1,3,17,3060.5
13.75,0,0.017,13,154.64,3,2009,1,1,3,17,3856.15
12.71,0,0.093,6,147.6,3,2009,1,1,3,17,3477.54
14.71,1,0.083,9,145.12,3,2009,1,1,3,17,3880.22
12.93,2,0.019,10,134.66,3,2009,1,1,3,17,3262.85
12.9,0,0.073,4,195.91,0,1987,0,1,2,39,4508.15
15.74,0,0.019,13,208.82,2,1999,1,0,0,27,5414.51
16.41,0,0.064,10,191.07,2,1999,1,0,0,27,5204.52
12.38,0,0.046,15,138.81,3,2009,1,1,3,17,3223.27
13.64,0,0.12,15,186.28,2,1999,1,0,0,27,4480.61
12.18,2,0.093,13,116.95,3,2009,1,1,3,17,2731.36
13.22,1,0.008,8,174.99,0,1987,0,1,2,39,4154.28
14.96,0,0.076,6,182.36,0,1987,0,1,2,39,3283.64
11.99,0,0.172,0,137.08,3,2009,1,1,3,17,3100.78
12.97,0,0.122,5,153.37,3,2009,1,1,3,17,3653.86
9.5,0,0.033,13,118.06,1,1998,2,2,1,28,2146.99
12.3,0,0.06,0,170.87,3,2009,1,1,3,17,3860.72
12.24,2,0.023,15,107.71,3,2009,1,1,3,17,2555.12
9.41,0,0.011,4,108.39,1,1998,2,2,1,28,1929.27
10.9,0,0.029,4,131.3,3,2009,1,1,3,17,2735.89
11.85,0,0.112,13,181.27,3,2009,1,1,3,17,3972.18
15.28,1,0.015,9,223.92,2,1999,1,0,0,27,5620.9
11.25,0,0.009,13,142.24,3,2009,1,1,3,17,3037.64
12.88,2,0.01,6,181.93,2,1999,1,0,0,27,4217.82
14.11,0,0.208,14,155.56,3,2009,1,1,3,17,3956.61
12.87,0,0.021,6,116.93,3,2009,1,1,3,17,2887.23
15.02,1,0.072,9,174.62,1,1998,2,2,1,28,2238.73
10.29,1,0.023,8,123.32,0,1987,0,1,2,39,2434.95
10.66,2,0.021,0,135.28,3,2009,1,1,3,17,2762.33
11.59,2,0.035,3,96.26,1,1998,2,2,1,28,2175.23
12.48,0,0.034,5,144.21,3,2009,1,1,3,17,3355.64
9.01,0,0.084,6,141.69,3,2009,1,1,3,17,2520.53
12.26,1,0.094,8,157.71,3,2009,1,1,3,17,3582.84
10.56,0,0.097,1,156.97,3,2009,1,1,3,17,3183.71
14.03,0,0.089,13,127.42,2,1999,1,0,0,27,5588.8
12.81,2,0.028,14,124.88,3,2009,1,1,3,17,3036.35
12.03,0,0.128,13,166.1,3,2009,1,1,3,17,3702.58
16.57,0,0.036,0,192.61,2,1999,1,0,0,27,5271.64
8.65,1,0.119,9,140.56,0,1987,0,1,2,39,3670.8
14.14,0,0.061,4,133.45,3,2009,1,1,3,17,3511.93
13.87,2,0.126,6,163.18,0,1987,0,1,2,39,4059.53
10.9,0,0.151,4,142.18,3,2009,1,1,3,17,2956.97
9.96,0,0.077,4,109.14,1,1998,2,2,1,28,2069.01
11.49,1,0.016,8,165.5,3,2009,1,1,3,17,3568.94
11.92,0,0.028,13,176.11,3,2009,1,1,3,17,3882.25
11.9,1,0.151,11,207.46,0,1987,0,1,2,39,4519.09
16.21,0,0.149,4,153.28,2,1999,1,0,0,27,4385.81
13.58,0,0.11,13,108.27,3,2009,1,1,3,17,2870.36
12.59,0,0.036,14,137.42,3,2009,1,1,3,17,3243.06
12.91,2,0.026,10,119.28,3,2009,1,1,3,17,2942.74
11.79,0,0.009,4,114.28,3,2009,1,1,3,17,2587.35
12.35,1,0.036,9,90.25,1,1998,2,2,1,28,2224.12
13.84,0,0.061,10,146.78,3,2009,1,1,3,17,3717.08
15.74,0,0.178,5,174.62,0,1987,0,1,2,39,4715.73
14.94,0,0.016,3,137.4,3,2009,1,1,3,17,3774.0
10.84,0,0.025,13,140.61,3,2009,1,1,3,17,2911.41
11.89,0,0.111,4,172.07,3,2009,1,1,3,17,3793.27
13.78,0,0.027,6,129.13,3,2009,1,1,3,17,3340.81
13.91,0,0.154,10,172.36,2,1999,1,0,0,27,4255.98
10.54,2,0.094,6,151.96,3,2009,1,1,3,17,3076.33
11.07,2,0.14,13,132.45,3,2009,1,1,3,17,2796.66
11.09,0,0.033,4,118.67,3,2009,1,1,3,17,2519.6
15.01,1,0.163,11,164.5,2,1999,1,0,0,27,4343.27
12.6,0,0.047,6,130.67,3,2009,1,1,3,17,3105.79
17.03,0,0.03,13,148.95,2,1999,1,0,0,27,4482.61
17.56,2,0.027,6,169.6,2,1999,1,0,0,27,6408.86
14.34,0,0.177,6,134.41,3,2009,1,1,3,17,3577.03
12.12,2,0.076,5,112.44,3,2009,1,1,3,17,2625.78
8.57,1,0.067,9,98.22,2,1999,1,0,0,27,5626.52
10.26,2,0.067,3,100.04,1,1998,2,2,1,28,1951.21
14.28,0,0.079,6,141.66,3,2009,1,1,3,17,3710.49
10.3,0,0.127,14,126.85,3,2009,1,1,3,17,2508.36
13.95,0,0.032,13,176.73,2,1999,1,0,0,27,4354.48
12.61,0,0.085,14,163.98,3,2009,1,1,3,17,3789.5
14.47,0,0.031,6,142.74,3,2009,1,1,3,17,3775.7
8.94,1,0.087,8,108.35,1,1998,2,2,1,28,1821.72
14.67,0,0.048,5,168.6,2,1999,1,0,0,27,4350.46
11.6,0,0.028,6,190.11,0,1987,0,1,2,39,4096.83
14.83,2,0.016,3,197.97,0,1987,0,1,2,39,4986.71
14.2,2,0.007,3,166.57,2,1999,1,0,0,27,4202.12
11.65,1,0.036,8,153.05,3,2009,1,1,3,17,3350.85
9.85,2,0.044,10,96.8,1,1998,2,2,1,28,1791.63
11.45,1,0.014,8,119.93,3,2009,1,1,3,17,2627.94
12.81,1,0.173,8,104.38,3,2009,1,1,3,17,2616.87
8.72,0,0.026,6,102.83,1,1998,2,2,1,28,1660.57
14.64,0,0.139,0,126.49,3,2009,1,1,3,17,3481.48
12.43,2,0.066,0,165.24,3,2009,1,1,3,17,3776.27
10.47,1,0.142,8,164.03,3,2009,1,1,3,17,3308.23
11.23,0,0.042,10,167.33,3,2009,1,1,3,17,2275.91
8.48,0,0.019,5,134.6,1,1998,2,2,1,28,2255.29
11.29,0,0.029,10,151.79,3,2009,1,1,3,17,3242.31
15.06,0,0.12,4,163.79,2,1999,1,0,0,27,4340.25
9.76,0,0.044,14,118.38,1,1998,2,2,1,28,734.52
15.97,0,0.064,1,187.64,2,1999,1,0,0,27,5033.88
17.41,2,0.085,13,179.33,2,1999,1,0,0,27,5189.13
11.51,2,0.069,12,163.1,3,2009,1,1,3,17,3523.9
13.93,0,0.058,0,161.15,0,1987,0,1,2,39,4030.77
12.53,0,0.128,6,134.26,3,2009,1,1,3,17,3163.91
16.8,1,0.029,8,179.01,2,1999,1,0,0,27,5044.51
11.69,2,0.143,1,75.71,1,1998,2,2,1,28,1775.67
11.91,0,0.036,15,147.64,3,2009,1,1,3,17,3297.33
11.22,1,0.025,8,91.63,1,1998,2,2,1,28,1996.7
15.07,0,0.035,14,158.7,2,1999,1,0,0,27,4238.63
11.95,2,0.033,5,103.91,2,1999,1,0,0,27,5701.71
13.17,0,0.09,3,141.71,3,2009,1,1,3,17,3461.88
11.57,0,0.009,5,109.25,0,1987,0,1,2,39,2436.35
14.39,1,0.074,9,83.04,3,2009,1,1,3,17,2536.72
11.99,0,0.049,1,121.01,3,2009,1,1,3,17,2770.65
14.06,0,0.056,5,209.76,2,1999,1,0,0,27,5053.99
12.41,0,0.028,4,171.25,3,2009,1,1,3,17,3895.07
8.57,0,0.04,6,124.25,2,1999,1,0,0,27,6743.27
9.74,1,0.148,9,136.46,3,2009,1,1,3,17,2577.84
12.17,1,0.045,8,156.69,3,2009,1,1,3,17,3542.16
9.84,0,0.043,5,138.63,3,2009,1,1,3,17,2646.15
14.32,2,0.128,6,149.82,3,2009,1,1,3,17,3886.98
10.62,0,0.082,0,160.01,2,1999,1,0,0,27,5656.64
12.79,0,0.052,13,174.82,0,1987,0,1,2,39,4051.84
13.95,0,0.027,4,179.69,2,1999,1,0,0,27,4414.92
9.29,1,0.034,9,127.26,1,1998,2,2,1,28,2288.48
14.99,2,0.034,10,188.32,0,1987,0,1,2,39,4826.06
14.76,1,0.109,8,113.74,2,1999,1,0,0,27,5503.51
13.25,2,0.077,3,127.02,3,2009,1,1,3,17,3179.38
13.4,0,0.031,13,157.42,3,2009,1,1,3,17,3599.5
10.36,2,0.021,10,137.03,3,2009,1,1,3,17,2729.96
11.93,0,0.013,1,147.05,3,2009,1,1,3,17,3289.54
10.42,1,0.091,8,155.82,3,2009,1,1,3,17,3128.43
13.7,2,0.03,6,147.42,3,2009,1,1,3,17,3697.17
12.76,1,0.088,9,124.54,3,2009,1,1,3,17,3018.34
14.44,2,0.144,7,134.95,3,2009,1,1,3,17,3609.86
17.89,0,0.048,15,181.87,2,1999,1,0,0,27,5350.4
12.26,0,0.017,0,130.83,3,2009,1,1,3,17,3032.91
12.09,0,0.102,13,135.79,3,2009,1,1,3,17,3095.06
10.03,0,0.017,6,104.65,1,1998,2,2,1,28,1993.94
12.42,1,0.053,11,188.37,2,1999,1,0,0,27,5395.95
12.41,0,0.13,0,171.3,3,2009,1,1,3,17,3895.96
10.7,2,0.04,13,183.23,3,2009,1,1,3,17,3753.25
9.87,0,0.048,13,138.23,3,2009,1,1,3,17,2644.48
10.88,0,0.058,12,105.11,1,1998,2,2,1,28,2195.23
10.99,0,0.126,5,148.23,3,2009,1,1,3,17,3100.94
15.36,0,0.082,0,165.34,2,1999,1,0,0,27,4439.26
12.14,2,0.023,3,120.46,3,2009,1,1,3,17,2794.29
11.25,1,0.021,9,144.48,3,2009,1,1,3,17,3084.35
10.19,2,0.031,3,149.76,3,2009,1,1,3,17,2951.37
11.31,0,0.014,10,162.54,3,2009,1,1,3,17,3467.68
12.91,0,0.044,1,131.29,3,2009,1,1,3,17,3189.35
11.15,0,0.087,13,151.11,3,2009,1,1,3,17,3196.37
7.64,0,0.019,10,41.84,1,1998,2,2,1,28,166.92
15.27,0,0.069,2,195.27,2,1999,1,0,0,27,5031.71
10.79,1,0.03,9,149.41,3,2009,1,1,3,17,3080.7
16.92,0,0.077,4,206.96,2,1999,1,0,0,27,5644.9
13.23,1,0.034,9,174.74,0,1987,0,1,2,39,4151.34
14.61,2,0.014,13,157.95,0,1987,0,1,2,39,4118.49
16.2,0,0.087,10,174.04,0,1987,0,1,2,39,4807.54
12.33,0,0.063,0,158.14,3,2009,1,1,3,17,3608.21
15.16,1,0.046,9,145.42,3,2009,1,1,3,17,3987.28
13.41,1,0.078,8,150.61,3,2009,1,1,3,17,3698.86
13.1,2,0.024,4,209.51,0,1987,0,1,2,39,4832.27
12.38,0,0.112,6,164.34,3,2009,1,1,3,17,3745.5
12.86,1,0.071,8,129.34,3,2009,1,1,3,17,3137.16
15.54,1,0.025,8,191.21,2,1999,1,0,0,27,5009.25
15.3,0,0.027,1,172.01,0,1987,0,1,2,39,4562.92
12.19,0,0.039,5,143.54,3,2009,1,1,3,17,3278.4
18.23,0,0.013,10,235.59,2,1999,1,0,0,27,6525.54
11.1,2,0.085,0,120.36,3,2009,1,1,3,17,5114.13
10.95,0,0.063,10,127.32,3,2009,1,1,3,17,2665.67
16.4,0,0.038,14,166.56,0,1987,0,1,2,39,4700.12
13.58,1,0.077,8,182.08,2,1999,1,0,0,27,4380.79
8.86,0,0.173,6,110.44,1,1998,2,2,1,28,1847.19
11.62,1,0.034,9,161.09,3,2009,1,1,3,17,3506.56
9.16,0,0.037,1,145.82,3,2009,1,1,3,17,2639.26
15.52,0,0.085,13,191.57,2,1999,1,0,0,27,5012.4
12.72,0,0.071,5,164.03,3,2009,1,1,3,17,3816.69
12.1,0,0.021,5,177.22,3,2009,1,1,3,17,3945.59
14.87,0,0.108,13,179.56,2,1999,1,0,0,27,5566.83
14.04,2,0.127,10,134.97,3,2009,1,1,3,17,3519.64
11.76,0,0.053,6,136.29,3,2009,1,1,3,17,3032.46
14.36,2,0.085,1,150.85,3,2009,1,1,3,17,3916.43
11.44,1,0.029,9,149.79,3,2009,1,1,3,17,3234.72
13.62,0,0.074,4,129.19,3,2009,1,1,3,17,3827.27
9.48,0,0.063,5,141.2,3,2009,1,1,3,17,2617.46
11.61,2,0.062,14,150.7,3,2009,1,1,3,17,3292.23
6.71,0,0.129,6,65.21,1,1998,2,2,1,28,436.31
13.67,2,0.036,5,134.98,3,2009,1,1,3,17,3437.5
15.04,0,0.04,5,131.2,3,2009,1,1,3,17,3669.0
12.8,2,0.068,14,164.3,3,2009,1,1,3,17,3839.36
13.01,1,0.054,9,144.54,3,2009,1,1,3,17,3482.54
12.2,1,0.004,9,157.39,3,2009,1,1,3,17,3563.27
11.62,0,0.014,7,140.0,3,2009,1,1,3,17,3076.39
14.3,0,0.042,6,149.61,3,2009,1,1,3,17,3878.93
15.82,2,0.141,10,148.73,2,1999,1,0,0,27,4204.2
13.61,3,0.082,6,160.36,3,2009,1,1,3,17,3942.94
15.7,2,0.009,10,159.46,2,1999,1,0,0,27,4397.13
12.5,3,0.071,3,144.48,3,2009,1,1,3,17,3366.67
13.95,0,0.073,1,104.83,3,2009,1,1,3,17,2882.61
12.73,0,0.091,0,125.4,3,2009,1,1,3,17,3028.77
14.47,1,0.009,8,238.69,2,1999,1,0,0,27,5739.67
9.52,0,0.022,0,154.55,3,2009,1,1,3,17,2899.65
13.01,0,0.122,0,138.08,3,2009,1,1,3,17,3351.71
11.16,3,0.087,0,178.04,3,2009,1,1,3,17,3750.6
11.02,0,0.027,6,156.98,3,2009,1,1,3,17,3287.17
10.23,1,0.015,8,169.62,3,2009,1,1,3,17,3368.51
10.82,0,0.021,3,117.72,0,1987,0,1,2,39,2439.98
12.44,1,0.068,9,143.3,3,2009,1,1,3,17,3328.75
12.03,0,0.029,14,148.61,3,2009,1,1,3,17,3345.85
13.64,1,0.118,9,136.94,3,2009,1,1,3,17,3469.99
10.31,1,0.036,9,118.2,0,1987,0,1,2,39,2333.62
11.12,0,0.119,14,102.57,1,1998,2,2,1,28,2196.18
10.78,0,0.016,1,95.76,1,1998,2,2,1,28,1980.69
11.73,1,0.14,8,177.42,3,2009,1,1,3,17,3867.48
15.45,2,0.28,13,160.62,2,1999,1,0,0,27,4362.78
13.7,2,0.081,15,158.61,3,2009,1,1,3,17,3925.85
13.96,0,0.026,14,168.46,0,1987,0,1,2,39,4187.2
11.55,0,0.042,14,129.17,3,2009,1,1,3,17,2838.03
15.23,0,0.042,5,140.48,3,2009,1,1,3,17,3902.6
11.8,2,0.073,7,150.58,3,2009,1,1,3,17,3333.8
12.68,0,0.043,13,148.86,3,2009,1,1,3,17,3497.51
12.52,0,0.026,0,155.11,3,2009,1,1,3,17,3589.69
11.91,2,0.115,6,121.68,3,2009,1,1,3,17,2766.87
12.34,0,0.103,6,133.52,3,2009,1,1,3,17,3106.36
10.36,0,0.044,4,132.59,3,2009,1,1,3,17,2640.35
10.88,0,0.058,13,226.59,0,1987,0,1,2,39,4680.73
10.78,1,0.114,11,164.09,3,2009,1,1,3,17,3378.17
14.21,0,0.142,6,152.13,3,2009,1,1,3,17,3909.55
13.68,1,0.157,9,159.11,3,2009,1,1,3,17,3931.97
10.72,0,0.075,10,178.03,3,2009,1,1,3,17,3650.38
12.24,0,0.014,6,154.99,3,2009,1,1,3,17,3522.83
11.17,1,0.028,9,129.35,3,2009,1,1,3,17,2756.73
15.48,1,0.133,11,196.6,2,1999,1,0,0,27,5107.5
15.1,2,0.012,4,163.27,2,1999,1,0,0,27,4339.48
15.65,1,0.142,9,179.45,0,1987,0,1,2,39,4793.09
14.8,1,0.061,9,174.32,2,1999,1,0,0,27,4497.83
10.25,0,0.051,13,156.28,3,2009,1,1,3,17,3098.95
11.74,1,0.09,9,159.96,3,2009,1,1,3,17,3512.22
12.87,2,0.047,3,107.83,3,2009,1,1,3,17,2699.65
10.14,0,0.01,3,95.25,1,1998,2,2,1,28,1826.77
10.89,0,0.173,6,105.54,1,1998,2,2,1,28,1793.55
12.66,3,0.065,14,98.86,0,1987,0,1,2,39,2469.68
15.33,2,0.01,5,172.3,0,1987,0,1,2,39,4574.95
14.98,1,0.14,9,187.98,0,1987,0,1,2,39,4817.14
9.2,1,0.058,8,85.06,1,1998,2,2,1,28,1404.7
11.96,0,0.028,6,163.06,3,2009,1,1,3,17,3624.67
11.94,2,0.074,5,126.12,3,2009,1,1,3,17,2864.2
14.71,2,0.067,5,165.13,2,1999,1,0,0,27,4288.74
12.59,0,0.108,10,148.3,3,2009,1,1,3,17,3464.72
12.42,0,0.086,6,143.96,3,2009,1,1,3,17,3339.0
12.67,1,0.042,8,162.7,3,2009,1,1,3,17,3777.08
13.07,0,0.046,3,132.82,3,2009,1,1,3,17,3256.33
13.07,2,0.015,3,179.76,2,1999,1,0,0,27,4218.02
10.55,1,0.179,9,96.39,1,1998,2,2,1,28,1941.0
9.99,1,0.016,9,112.69,1,1998,2,2,1,28,2148.7
12.17,0,0.053,5,120.79,3,2009,1,1,3,17,2807.19
14.33,0,0.035,13,112.98,3,2009,1,1,3,17,1786.7
13.45,0,0.029,6,146.12,3,2009,1,1,3,17,3615.16
15.95,0,0.069,6,156.41,2,1999,1,0,0,27,4391.32
12.59,1,0.026,9,142.45,3,2009,1,1,3,17,3345.89
14.02,0,0.067,5,197.16,0,1987,0,1,2,39,4788.57
12.63,3,0.022,6,98.16,0,1987,0,1,2,39,2447.67
12.42,0,0.058,6,131.64,3,2009,1,1,3,17,4178.26
11.28,0,0.032,13,159.45,3,2009,1,1,3,17,3396.59
10.56,2,0.043,12,121.36,0,1987,0,1,2,39,2454.94
13.03,1,0.061,8,150.09,3,2009,1,1,3,17,3601.38
10.88,0,0.063,3,143.66,3,2009,1,1,3,17,2983.87
11.33,2,0.043,4,121.44,3,2009,1,1,3,17,2630.34
17.72,0,0.039,7,152.03,2,1999,1,0,0,27,4701.32
13.05,0,0.076,10,149.28,3,2009,1,1,3,17,3589.07
10.5,0,0.083,4,116.64,2,1999,1,0,0,27,6634.22
14.42,0,0.073,12,154.35,0,1987,0,1,2,39,4002.35
15.0,0,0.04,4,153.86,0,1987,0,1,2,39,4122.73
12.28,1,0.16,9,172.16,3,2009,1,1,3,17,3882.42
12.26,0,0.079,3,103.41,0,1987,0,1,2,39,2472.82
14.21,1,0.089,8,161.9,0,1987,0,1,2,39,4108.96
11.52,0,0.121,4,130.14,3,2009,1,1,3,17,2851.53
14.64,2,0.033,6,205.15,2,1999,1,0,0,27,5091.09
17.43,2,0.053,6,161.75,2,1999,1,0,0,27,4833.26
13.94,1,0.011,9,171.51,2,1999,1,0,0,27,4245.63
8.26,2,0.072,3,98.37,1,1998,2,2,1,28,1465.74
13.39,2,0.047,13,117.96,3,2009,1,1,3,17,3025.91
12.9,2,0.046,13,167.89,3,2009,1,1,3,17,3936.62
13.96,0,0.176,6,161.83,0,1987,0,1,2,39,3386.47
12.04,0,0.013,4,101.35,0,1987,0,1,2,39,2380.12
12.28,2,0.126,14,180.88,0,1987,0,1,2,39,4060.81
14.07,0,0.1,1,138.43,3,2009,1,1,3,17,3598.36
10.54,0,0.076,6,113.56,1,1998,2,2,1,28,2291.35
16.17,2,0.015,13,219.42,2,1999,1,0,0,27,5728.95
14.52,1,0.029,9,152.44,3,2009,1,1,3,17,3984.92
10.25,0,0.17,12,135.07,3,2009,1,1,3,17,2666.67
12.51,0,0.049,13,158.38,3,2009,1,1,3,17,3654.12
12.49,2,0.131,5,164.39,3,2009,1,1,3,17,3772.02
15.58,0,0.014,13,192.36,2,1999,1,0,0,27,5041.96
8.81,0,0.018,5,118.11,1,1998,2,2,1,28,1992.36
11.3,0,0.022,4,133.51,3,2009,1,1,3,17,2870.61
13.3,0,0.13,4,150.3,3,2009,1,1,3,17,3665.93
9.6,1,0.06,8,124.9,0,1987,0,1,2,39,2311.05
15.34,0,0.057,13,172.37,0,1987,0,1,2,39,4579.39
9.68,0,0.053,13,116.01,1,1998,2,2,1,28,2147.12
13.09,0,0.041,4,134.57,3,2009,1,1,3,17,3296.43
12.95,2,0.035,10,179.87,0,1987,0,1,2,39,4191.26
10.98,1,0.133,11,120.13,3,2009,1,1,3,17,2525.08
12.37,2,0.049,0,94.72,0,1987,0,1,2,39,2318.2
11.98,2,0.085,7,112.33,3,2009,1,1,3,17,2591.58
15.39,0,0.011,0,159.13,1,1998,2,2,1,28,1103.68
11.2,0,0.032,13,96.67,1,1998,2,2,1,28,2095.15
13.95,0,0.133,2,155.4,3,2009,1,1,3,17,3917.55
11.34,0,0.074,6,119.84,3,2009,1,1,3,17,2599.43
12.48,0,0.143,4,129.02,3,2009,1,1,3,17,3044.65
6.85,0,0.085,3,115.38,1,1998,2,2,1,28,1493.18
10.86,2,0.08,3,208.49,1,1998,2,2,1,28,2078.06
7.97,2,0.025,4,125.26,1,1998,2,2,1,28,1949.94
11.17,2,0.031,14,128.6,3,2009,1,1,3,17,2740.16
13.46,0,0.014,4,192.81,0,1987,0,1,2,39,4571.47
11.2,2,0.014,7,181.94,3,2009,1,1,3,17,3840.12
8.95,0,0.082,0,144.3,3,2009,1,1,3,17,2561.21
14.81,0,0.122,13,197.96,0,1987,0,1,2,39,4983.27
9.33,2,0.018,3,139.2,3,2009,1,1,3,17,2541.09
9.47,0,0.149,5,100.97,1,1998,2,2,1,28,1791.34
18.65,2,0.093,5,155.21,2,1999,1,0,0,27,4975.48
15.86,2,0.054,6,174.17,0,1987,0,1,2,39,4733.84
12.35,0,0.044,6,137.24,3,2009,1,1,3,17,3183.55
11.17,0,0.021,0,139.06,3,2009,1,1,3,17,2954.39
17.16,0,0.089,13,151.41,0,1987,0,1,2,39,4561.96
15.64,0,0.223,4,154.17,2,1999,1,0,0,27,4273.66
11.42,1,0.036,8,131.28,3,2009,1,1,3,17,2853.39
12.86,0,0.095,0,178.17,0,1987,0,1,2,39,4138.18
10.71,2,0.017,0,64.68,1,1998,2,2,1,28,1329.18
11.97,2,0.073,5,169.98,3,2009,1,1,3,17,3767.55
12.36,0,0.029,0,182.54,0,1987,0,1,2,39,4113.0
10.98,0,0.029,3,163.33,3,2009,1,1,3,17,3408.62
9.85,2,0.018,0,126.73,0,1987,0,1,2,39,2405.44
11.31,0,0.071,13,165.68,3,2009,1,1,3,17,3531.54
12.29,1,0.103,9,136.06,3,2009,1,1,3,17,3146.87
10.02,2,0.132,13,120.83,0,1987,0,1,2,39,2322.64
13.97,0,0.132,10,169.58,1,1998,2,2,1,28,2133.36
10.94,0,0.027,4,73.73,1,1998,2,2,1,28,1567.12
9.88,0,0.184,3,113.71,1,1998,2,2,1,28,2145.04
16.34,0,0.024,6,165.12,0,1987,0,1,2,39,4657.19
11.69,1,0.047,8,159.77,3,2009,1,1,3,17,3495.4
16.6,0,0.123,5,199.63,2,1999,1,0,0,27,5421.81
13.04,0,0.07,6,166.3,3,2009,1,1,3,17,3935.01
11.72,0,0.057,4,155.53,3,2009,1,1,3,17,3415.93
16.86,0,0.061,6,217.5,2,1999,1,0,0,27,5845.41
10.04,0,0.038,2,159.94,3,2009,1,1,3,17,3126.22
12.58,2,0.174,5,110.83,3,2009,1,1,3,17,2696.92
13.21,0,0.064,13,118.47,3,2009,1,1,3,17,2995.77
11.94,2,0.049,5,139.55,3,2009,1,1,3,17,3139.94
12.33,0,0.027,4,146.0,3,2009,1,1,3,17,3358.71
11.79,0,0.021,13,126.98,3,2009,1,1,3,17,2848.37
10.5,0,0.018,4,109.36,1,1998,2,2,1,28,2196.45
14.62,2,0.027,13,162.41,2,1999,1,0,0,27,4211.49
14.36,0,0.035,13,157.28,0,1987,0,1,2,39,4048.37
12.13,2,0.039,0,107.33,3,2009,1,1,3,17,2521.74
13.54,2,0.015,14,134.74,3,2009,1,1,3,17,3403.3
9.63,1,0.03,11,101.46,1,1998,2,2,1,28,1837.94
13.26,0,0.054,10,103.43,3,2009,1,1,3,17,2699.05
10.04,1,0.018,8,118.64,1,1998,2,2,1,28,2282.15
12.08,0,0.034,6,131.77,3,2009,1,1,3,17,3011.49
9.62,2,0.126,5,137.73,3,2009,1,1,3,17,2577.22
13.23,0,0.16,14,140.87,3,2009,1,1,3,17,3457.25
11.24,0,0.043,6,97.27,1,1998,2,2,1,28,2115.03
11.2,0,0.045,13,131.31,3,2009,1,1,3,17,2803.16
11.34,0,0.045,6,121.61,3,2009,1,1,3,17,2637.16
14.53,0,0.088,0,171.17,2,1999,1,0,0,27,4371.54
9.97,0,0.039,13,88.1,1,1998,2,2,1,28,1640.98
11.07,1,0.063,9,175.61,3,2009,1,1,3,17,3679.39
14.4,0,0.02,3,177.93,2,1999,1,0,0,27,4480.73
10.34,0,0.292,2,81.19,1,1998,2,2,1,28,1584.06
12.91,0,0.126,0,101.91,3,2009,1,1,3,17,2588.96
12.48,2,0.214,4,105.0,3,2009,1,1,3,17,2554.01
13.93,0,0.039,10,147.39,2,1999,1,0,0,27,6257.1
13.61,0,0.059,1,112.22,3,2009,1,1,3,17,2958.07
12.51,0,0.078,13,129.25,3,2009,1,1,3,17,3056.44
13.06,0,0.009,13,156.35,3,2009,1,1,3,17,3735.19
9.13,2,0.046,6,129.36,2,1999,1,0,0,27,6695.03
14.18,2,0.144,5,161.28,0,1987,0,1,2,39,4090.87
8.56,2,0.015,6,147.78,3,2009,1,1,3,17,2543.16
10.85,0,0.142,6,106.03,0,1987,0,1,2,39,3254.88
13.79,0,0.074,3,151.5,3,2009,1,1,3,17,5192.89
11.12,0,0.069,5,121.96,3,2009,1,1,3,17,2592.95
16.21,0,0.107,10,186.36,2,1999,1,0,0,27,5061.92
10.97,0,0.057,13,163.96,3,2009,1,1,3,17,3418.73
13.6,0,0.021,10,155.14,3,2009,1,1,3,17,3833.12
14.64,2,0.042,6,151.58,3,2009,1,1,3,17,3994.4
16.18,0,0.093,1,202.49,2,1999,1,0,0,27,5384.8
12.14,0,0.04,13,108.23,3,2009,1,1,3,17,2543.54
12.89,1,0.021,8,158.2,3,2009,1,1,3,17,3735.98
15.45,1,0.036,9,166.22,2,1999,1,0,0,27,4476.99
11.01,1,0.013,9,143.38,3,2009,1,1,3,17,3008.18
13.73,0,0.031,5,121.84,3,2009,1,1,3,17,3180.54
14.22,1,0.077,9,145.91,3,2009,1,1,3,17,3785.24
16.83,0,0.051,4,173.25,2,1999,1,0,0,27,4933.98
15.1,0,0.17,7,193.93,1,1998,2,2,1,28,705.86
13.1,0,0.126,4,183.75,2,1999,1,0,0,27,5188.68
10.81,0,0.138,12,161.84,3,2009,1,1,3,17,3340.89
17.56,1,0.151,9,199.7,2,1999,1,0,0,27,5639.24
13.05,0,0.04,6,103.08,3,2009,1,1,3,17,2642.99
12.02,0,0.041,13,118.48,3,2009,1,1,3,17,2725.02
11.25,2,0.046,0,191.85,0,1987,0,1,2,39,4053.86
14.45,0,0.041,10,123.66,3,2009,1,1,3,17,3381.08
13.65,0,0.011,1,159.29,3,2009,1,1,3,17,3929.81
12.49,1,0.021,8,127.31,3,2009,1,1,3,17,3014.04
14.14,1,0.13,8,174.86,2,1999,1,0,0,27,4357.82
17.25,1,0.038,9,167.72,2,1999,1,0,0,27,4915.89
15.59,0,0.108,6,156.67,2,1999,1,0,0,27,4314.62
9.04,0,0.025,13,129.15,1,1998,2,2,1,28,2271.02
10.56,0,0.038,5,97.45,1,1998,2,2,1,28,1966.72
14.2,0,0.072,6,166.09,0,1987,0,1,2,39,4193.41
12.27,0,0.021,1,142.68,3,2009,1,1,3,17,3276.87
8.72,0,0.006,0,124.98,1,1998,2,2,1,28,2113.03
8.02,0,0.065,3,124.97,0,1987,0,1,2,39,3090.42
10.45,0,0.089,4,89.04,1,1998,2,2,1,28,972.72
10.57,1,0.042,8,102.9,1,1998,2,2,1,28,2080.18
10.39,2,0.021,13,103.17,1,1998,2,2,1,28,2044.81
8.62,0,0.11,13,74.28,1,1998,2,2,1,28,1052.83
12.84,1,0.028,8,135.56,3,2009,1,1,3,17,3259.84
9.41,0,0.085,6,118.3,1,1998,2,2,1,28,2132.52
9.33,0,0.056,1,136.9,0,1987,0,1,2,39,2494.48
15.68,1,0.015,9,158.82,2,1999,1,0,0,27,4378.72
11.3,1,0.059,9,105.62,0,1987,0,1,2,39,2300.56
17.39,0,0.073,6,175.5,2,1999,1,0,0,27,5106.04
13.83,2,0.055,2,106.74,3,2009,1,1,3,17,2894.83
11.35,0,0.007,13,151.05,3,2009,1,1,3,17,3241.09
13.57,2,0.057,10,164.86,0,1987,0,1,2,39,4025.3
11.32,0,0.17,6,136.2,3,2009,1,1,3,17,2930.96
12.83,0,0.03,3,95.15,0,1987,0,1,2,39,2431.56
14.26,2,0.031,14,165.26,0,1987,0,1,2,39,4189.32
10.17,2,0.037,1,112.06,1,1998,2,2,1,28,2177.31
15.93,0,0.014,3,172.22,0,1987,0,1,2,39,4709.12
12.57,0,0.038,3,127.32,3,2009,1,1,3,17,2681.04
11.6,0,0.129,3,118.92,3,2009,1,1,3,17,2640.85
12.15,0,0.16,3,164.63,3,2009,1,1,3,17,3700.67
13.05,1,0.048,9,117.79,3,2009,1,1,3,17,2944.58
11.53,0,0.037,6,159.86,3,2009,1,1,3,17,3462.27
13.76,2,0.059,6,142.63,3,2009,1,1,3,17,3613.8
12.41,2,0.065,4,181.36,0,1987,0,1,2,39,4101.56
16.64,0,0.074,5,177.15,2,1999,1,0,0,27,6747.7
11.14,0,0.015,4,201.78,2,1999,1,0,0,27,4231.98
9.2,0,0.164,5,214.95,0,1987,0,1,2,39,4061.89
7.91,0,0.033,5,152.02,0,1987,0,1,2,39,2482.89
13.96,0,0.017,15,134.3,3,2009,1,1,3,17,3489.32
14.31,1,0.102,9,173.86,2,1999,1,0,0,27,4376.47
9.89,0,0.038,6,117.74,1,1998,2,2,1,28,2230.43
10.89,0,0.085,0,122.89,3,2009,1,1,3,17,2561.39
15.49,0,0.04,10,216.04,2,1999,1,0,0,27,5507.15
11.82,0,0.025,5,78.52,1,1998,2,2,1,28,1862.85
13.54,3,0.031,5,190.24,0,1987,0,1,2,39,4538.83
12.7,1,0.007,8,180.41,0,1987,0,1,2,39,4147.38
10.21,2,0.025,6,139.46,3,2009,1,1,3,17,2745.84
20.65,0,0.106,4,223.98,2,1999,1,0,0,27,6835.81
13.26,2,0.191,6,148.31,3,2009,1,1,3,17,3615.84
11.09,2,0.036,12,110.69,0,1987,0,1,2,39,2357.24
12.61,2,0.033,14,122.1,3,2009,1,1,3,17,2933.41
12.79,2,0.082,10,199.42,0,1987,0,1,2,39,4555.53
13.43,0,0.016,6,142.04,3,2009,1,1,3,17,3526.53
14.65,1,0.122,8,175.07,2,1999,1,0,0,27,4477.82
15.7,2,0.039,10,188.25,2,1999,1,0,0,27,4984.48
12.97,0,0.053,10,108.52,3,2009,1,1,3,17,2736.04
13.31,2,0.074,13,134.89,3,2009,1,1,3,17,3354.07
11.61,0,0.085,13,165.65,3,2009,1,1,3,17,3597.56
11.99,0,0.143,4,147.08,3,2009,1,1,3,17,3304.45
13.82,0,0.013,7,190.68,0,1987,0,1,2,39,4609.97
11.19,2,0.043,3,130.27,3,2009,1,1,3,17,2780.34
12.55,0,0.021,6,144.89,3,2009,1,1,3,17,3385.23
13.1,0,0.046,2,133.97,3,2009,1,1,3,17,3286.68
10.16,1,0.021,9,107.56,1,1998,2,2,1,28,2083.22
16.67,0,0.089,13,182.92,2,1999,1,0,0,27,5096.05
13.05,0,0.069,4,148.45,3,2009,1,1,3,17,3572.56
12.55,0,0.084,6,136.27,3,2009,1,1,3,17,3209.96
15.03,1,0.061,9,147.55,0,1987,0,1,2,39,4002.11
7.87,0,0.033,3,96.69,1,1998,2,2,1,28,1343.13
11.58,0,0.038,6,143.92,3,2009,1,1,3,17,3146.56
11.45,0,0.034,4,133.9,3,2009,1,1,3,17,2911.86
14.47,0,0.115,4,170.55,2,1999,1,0,0,27,4345.82
13.67,0,0.028,5,141.51,3,2009,1,1,3,17,3570.19
11.48,2,0.031,0,113.48,3,2009,1,1,3,17,2500.6
17.82,0,0.138,15,171.19,2,1999,1,0,0,27,5115.81
16.81,0,0.08,14,199.09,2,1999,1,0,0,27,5457.34
13.32,0,0.027,6,167.54,0,1987,0,1,2,39,4023.18
10.85,0,0.11,6,107.21,1,1998,2,2,1,28,2231.74
11.86,0,0.14,3,122.12,3,2009,1,1,3,17,2764.76
15.57,0,0.128,1,161.96,2,1999,1,0,0,27,4419.14
13.96,1,0.067,8,185.67,0,1987,0,1,2,39,4538.95
11.33,0,0.022,6,169.21,3,2009,1,1,3,17,3608.65
15.15,0,0.099,1,185.73,0,1987,0,1,2,39,4808.46
14.08,2,0.089,6,138.75,3,2009,1,1,3,17,3605.93
10.55,2,0.039,5,113.22,1,1998,2,2,1,28,2286.24
13.29,2,0.126,0,109.69,3,2009,1,1,3,17,2832.54
9.57,1,0.079,9,172.1,2,1999,1,0,0,27,6524.12
13.84,0,0.054,0,149.18,3,2009,1,1,3,17,3764.66
13.36,0,0.12,7,106.07,3,2009,1,1,3,17,2774.76
10.11,2,0.064,10,133.31,3,2009,1,1,3,17,2597.74
11.47,2,0.115,3,109.47,0,1987,0,1,2,39,2418.23
11.82,0,0.073,13,118.41,3,2009,1,1,3,17,2679.27
14.53,0,0.054,12,142.33,3,2009,1,1,3,17,3780.33
12.76,0,0.035,13,158.59,3,2009,1,1,3,17,3714.07
11.52,0,0.042,3,157.58,3,2009,1,1,3,17,3412.98
12.37,1,0.038,9,129.99,3,2009,1,1,3,17,3040.88
9.73,2,0.06,6,104.76,1,1998,2,2,1,28,1928.3
12.21,2,0.07,6,135.67,3,2009,1,1,3,17,3121.07
9.64,0,0.094,0,160.96,3,2009,1,1,3,17,3058.0
12.14,0,0.008,0,124.43,3,2009,1,1,3,17,2874.73
14.75,0,0.013,10,155.04,0,1987,0,1,2,39,4091.21
10.49,0,0.047,0,122.86,0,1987,0,1,2,39,2468.94
15.46,2,0.004,6,150.48,0,1987,0,1,2,39,4157.91
16.96,0,0.057,3,180.06,2,1999,1,0,0,27,5102.47
9.46,2,0.119,0,73.87,1,1998,2,2,1,28,1234.6
14.83,2,0.148,0,181.27,0,1987,0,1,2,39,4645.4
10.74,0,0.126,13,149.78,3,2009,1,1,3,17,3078.08
12.75,0,0.091,13,145.24,3,2009,1,1,3,17,3438.77
11.55,1,0.037,8,117.57,2,1999,1,0,0,27,6197.68
13.2,2,0.008,6,171.82,0,1987,0,1,2,39,4084.74
15.96,2,0.016,10,136.4,3,2009,1,1,3,17,3984.02
12.28,1,0.054,8,163.85,3,2009,1,1,3,17,3713.11
13.7,0,0.119,13,175.92,2,1999,1,0,0,27,4280.1
15.29,0,0.024,0,177.0,0,1987,0,1,2,39,4661.31
15.17,1,0.149,8,156.37,2,1999,1,0,0,27,4213.01
15.78,2,0.12,4,143.1,0,1987,0,1,2,39,4080.75
12.5,0,0.052,0,170.81,3,2009,1,1,3,17,3905.75
12.57,2,0.027,10,136.22,3,2009,1,1,3,17,5117.7
14.17,2,0.026,2,169.74,2,1999,1,0,0,27,4259.99
11.95,0,0.047,3,162.43,2,1999,1,0,0,27,5956.15
11.29,2,0.084,0,96.76,1,1998,2,2,1,28,2117.59
13.32,2,0.019,13,155.02,3,2009,1,1,3,17,3766.5
14.96,0,0.09,4,139.19,3,2009,1,1,3,17,3814.83
13.02,0,0.021,3,148.14,3,2009,1,1,3,17,3557.97
11.36,0,0.058,13,173.62,3,2009,1,1,3,17,3704.5
11.03,0,0.058,5,155.66,3,2009,1,1,3,17,3262.74
13.14,0,0.022,6,158.42,3,2009,1,1,3,17,3796.48
12.68,0,0.034,3,121.0,3,2009,1,1,3,17,2927.83
8.83,2,0.128,13,93.56,1,1998,2,2,1,28,1494.79
13.47,0,0.078,14,156.38,3,2009,1,1,3,17,3829.04
15.69,2,0.039,5,156.94,2,1999,1,0,0,27,4341.82
13.34,2,0.03,3,160.5,3,2009,1,1,3,17,3884.64
13.33,2,0.048,0,173.82,0,1987,0,1,2,39,4154.08
14.33,2,0.098,10,194.7,0,1987,0,1,2,39,3721.52
10.13,0,0.015,4,93.1,1,1998,2,2,1,28,1780.68
13.94,0,0.036,15,121.2,3,2009,1,1,3,17,3216.47
11.11,0,0.016,1,168.41,3,2009,1,1,3,17,3541.93
14.79,2,0.036,3,146.22,3,2009,1,1,3,17,3919.22
14.69,1,0.061,8,149.79,3,2009,1,1,3,17,3969.57
11.1,0,0.082,6,92.2,1,1998,2,2,1,28,1980.24
10.48,1,0.023,11,108.81,1,1998,2,2,1,28,2179.59
11.37,0,0.095,3,150.55,3,2009,1,1,3,17,3235.51
14.26,2,0.026,3,149.2,3,2009,1,1,3,17,3860.98
15.15,1,0.082,9,151.05,0,1987,0,1,2,39,4100.25
12.79,0,0.129,13,158.23,3,2009,1,1,3,17,3712.56
8.74,1,0.056,8,133.11,1,1998,2,2,1,28,2283.77
16.64,2,0.015,10,172.08,2,1999,1,0,0,27,4867.83
14.11,0,0.159,0,146.49,3,2009,1,1,3,17,3772.65
10.94,2,0.154,6,87.18,1,1998,2,2,1,28,1842.65
10.84,2,0.066,10,120.6,3,2009,1,1,3,17,2502.33
14.42,1,0.017,9,204.31,2,1999,1,0,0,27,5023.75
10.85,0,0.104,5,216.4,2,1999,1,0,0,27,4465.11
10.49,2,0.031,6,151.06,3,2009,1,1,3,17,3047.47
7.86,1,0.036,8,95.79,1,1998,2,2,1,28,1321.0
11.15,0,0.027,10,133.09,3,2009,1,1,3,17,2829.18
15.11,0,0.185,6,123.26,3,2009,1,1,3,17,3522.3
11.7,2,0.185,5,124.5,3,2009,1,1,3,17,2777.27
11.08,2,0.171,4,138.17,3,2009,1,1,3,17,2915.59
9.83,2,0.029,5,132.52,3,2009,1,1,3,17,2518.96
10.23,1,0.011,8,111.45,1,1998,2,2,1,28,2177.77
11.47,1,0.083,8,122.24,3,2009,1,1,3,17,2677.71
11.85,2,0.034,4,165.75,3,2009,1,1,3,17,3654.69
9.81,0,0.086,13,94.37,1,1998,2,2,1,28,1734.38
17.18,2,0.092,13,202.99,2,1999,1,0,0,27,5621.77
8.26,2,0.073,0,125.38,1,1998,2,2,1,28,2016.72
14.14,0,0.044,10,155.64,3,2009,1,1,3,17,3966.19
9.88,0,0.051,6,123.76,0,1987,0,1,2,39,2351.4
10.86,0,0.041,10,154.43,3,2009,1,1,3,17,3198.65
13.51,1,0.022,8,170.11,0,1987,0,1,2,39,4119.5
13.96,0,0.13,1,158.05,3,2009,1,1,3,17,3974.23
10.61,1,0.074,9,113.98,0,1987,0,1,2,39,2315.55
10.28,1,0.01,11,148.37,3,2009,1,1,3,17,2944.23
12.23,1,0.179,9,94.2,1,1998,2,2,1,28,2277.22
11.81,0,0.12,6,160.44,3,2009,1,1,3,17,3544.84
16.28,0,0.13,6,161.79,0,1987,0,1,2,39,4575.31
10.59,0,0.12,2,159.52,3,2009,1,1,3,17,3243.08
11.99,0,0.004,6,114.18,3,2009,1,1,3,17,2630.49
9.19,0,0.058,6,85.26,1,1998,2,2,1,28,1406.21
7.97,0,0.086,6,100.48,1,1998,2,2,1,28,1443.31
11.21,2,0.007,13,107.6,0,1987,0,1,2,39,2321.37
12.43,0,0.082,5,150.27,3,2009,1,1,3,17,3468.39
10.33,0,0.047,13,133.86,3,2009,1,1,3,17,2659.17
11.28,0,0.161,6,114.78,0,1987,0,1,2,39,2482.92
11.17,0,0.039,7,121.43,3,2009,1,1,3,17,2594.03
8.03,2,0.076,14,77.05,1,1998,2,2,1,28,976.77
16.49,1,0.024,8,181.14,2,1999,1,0,0,27,5019.21
15.47,0,0.029,14,175.2,0,1987,0,1,2,39,4666.43
17.03,0,0.11,4,134.98,2,1999,1,0,0,27,5055.84
16.1,2,0.053,10,178.19,0,1987,0,1,2,39,4870.46
12.19,0,0.032,3,155.23,3,2009,1,1,3,17,3517.0
10.92,2,0.031,4,110.63,0,1987,0,1,2,39,2315.7
10.66,0,0.04,14,161.13,3,2009,1,1,3,17,3292.37
10.15,2,0.052,13,137.92,3,2009,1,1,3,17,2700.9
11.86,0,0.049,6,150.58,3,2009,1,1,3,17,3347.79
13.9,0,0.063,5,118.24,3,2009,1,1,3,17,3147.07
14.09,0,0.067,0,187.3,0,1987,0,1,2,39,4601.87
12.96,2,0.049,4,150.67,3,2009,1,1,3,17,3597.07
12.98,0,0.137,5,147.22,3,2009,1,1,3,17,3531.82
11.67,0,0.089,6,115.27,3,2009,1,1,3,17,2582.01
13.8,0,0.122,14,142.85,3,2009,1,1,3,17,3626.11
13.8,0,0.08,6,130.16,3,2009,1,1,3,17,3367.81
13.71,0,0.066,13,130.69,3,2009,1,1,3,17,3357.36
12.25,2,0.025,7,151.93,3,2009,1,1,3,17,3461.41
7.03,0,0.172,13,99.01,1,1998,2,2,1,28,1200.1
9.36,1,0.039,9,107.02,1,1998,2,2,1,28,1889.68
13.9,1,0.128,8,140.59,3,2009,1,1,3,17,3604.51
11.5,0,0.095,4,186.75,0,1987,0,1,2,39,4005.73
10.77,0,0.061,13,155.17,3,2009,1,1,3,17,2393.62
12.82,0,0.055,14,115.68,3,2009,1,1,3,17,2850.28
9.29,0,0.09,10,95.01,1,1998,2,2,1,28,1628.81
13.44,0,0.011,7,153.62,3,2009,1,1,3,17,3765.08
15.98,0,0.016,4,176.26,0,1987,0,1,2,39,4802.82
14.35,0,0.111,6,136.93,3,2009,1,1,3,17,3630.27
12.87,1,0.055,8,148.99,3,2009,1,1,3,17,3542.73
10.71,2,0.019,3,177.52,3,2009,1,1,3,17,3637.37
11.38,0,0.021,4,140.64,3,2009,1,1,3,17,3034.9
13.71,1,0.176,8,116.67,3,2009,1,1,3,17,3071.14
13.25,1,0.104,9,107.7,3,2009,1,1,3,17,2783.85
14.93,0,0.023,10,86.84,3,2009,1,1,3,17,2735.23
12.38,0,0.028,10,180.73,0,1987,0,1,2,39,4080.93
12.08,2,0.115,6,105.97,0,1987,0,1,2,39,2484.53
13.73,1,0.009,9,205.17,1,1998,2,2,1,28,1179.5
12.7,1,0.013,11,126.66,3,2009,1,1,3,17,3047.92
11.38,0,0.148,6,146.4,3,2009,1,1,3,17,3152.83
16.85,1,0.058,8,170.34,2,1999,1,0,0,27,4879.87
9.68,0,0.16,4,137.65,3,2009,1,1,3,17,2590.03
9.9,0,0.015,5,126.82,0,1987,0,1,2,39,2417.42
12.37,0,0.037,0,120.81,3,2009,1,1,3,17,2852.93
13.97,0,0.034,13,213.63,2,1999,1,0,0,27,5113.76
13.28,2,0.104,6,143.17,3,2009,1,1,3,17,3515.13
14.78,0,0.118,4,158.62,0,1987,0,1,2,39,4170.96
13.41,1,0.016,9,198.07,0,1987,0,1,2,39,4669.74
15.03,2,0.027,15,200.56,2,1999,1,0,0,27,5086.24
10.93,0,0.089,4,189.17,3,2009,1,1,3,17,3926.74
15.0,0,0.063,10,180.59,0,1987,0,1,2,39,4670.68
12.98,1,0.123,8,129.04,3,2009,1,1,3,17,3159.82
14.28,0,0.03,10,176.42,2,1999,1,0,0,27,4422.5
12.63,2,0.027,10,124.38,3,2009,1,1,3,17,2983.74
12.39,0,0.029,4,141.6,3,2009,1,1,3,17,3282.17
12.79,1,0.015,9,150.11,3,2009,1,1,3,17,3547.77
14.7,0,0.015,14,227.14,2,1999,1,0,0,27,5556.1
14.95,0,0.042,5,141.04,3,2009,1,1,3,17,3849.96
10.0,2,0.006,0,160.82,3,2009,1,1,3,17,3135.2
16.35,0,0.112,10,185.71,2,1999,1,0,0,27,5081.14
14.15,2,0.025,13,196.25,0,1987,0,1,2,39,4798.89
15.45,1,0.058,8,115.99,3,2009,1,1,3,17,2152.78
7.72,1,0.123,9,127.19,1,1998,2,2,1,28,1932.09
12.59,0,0.031,13,184.38,2,1999,1,0,0,27,4203.86
11.85,0,0.016,10,200.43,0,1987,0,1,2,39,2310.46
7.54,0,0.079,6,153.76,0,1987,0,1,2,39,2435.08
11.91,0,0.14,5,110.62,3,2009,1,1,3,17,2539.49
10.76,0,0.023,13,130.29,3,2009,1,1,3,17,2682.09
12.64,0,0.099,15,96.05,0,1987,0,1,2,39,2408.27
13.08,0,0.008,13,149.13,3,2009,1,1,3,17,3592.35
19.12,0,0.025,13,185.76,2,1999,1,0,0,27,5706.5
12.34,0,0.04,5,145.92,3,2009,1,1,3,17,4169.21
10.22,2,0.08,0,135.08,3,2009,1,1,3,17,2659.27
15.72,0,0.042,10,170.4,0,1987,0,1,2,39,4625.38
12.31,0,0.066,6,119.26,3,2009,1,1,3,17,2807.27
11.43,2,0.05,4,149.27,3,2009,1,1,3,17,3223.49
12.17,0,0.047,3,151.19,3,2009,1,1,3,17,2143.77
15.53,1,0.039,9,193.25,2,1999,1,0,0,27,5049.07
15.28,2,0.036,4,155.96,2,1999,1,0,0,27,4230.65
15.1,1,0.129,11,171.66,0,1987,0,1,2,39,4510.26
12.71,0,0.15,14,183.32,2,1999,1,0,0,27,4208.94
13.22,0,0.143,6,176.83,1,1998,2,2,1,28,571.37
15.3,0,0.126,10,209.54,2,1999,1,0,0,27,5330.33
8.68,1,0.036,11,126.2,1,1998,2,2,1,28,2129.09
12.27,2,0.062,13,158.12,3,2009,1,1,3,17,3594.1
12.78,2,0.035,0,89.61,0,1987,0,1,2,39,2306.99
9.07,0,0.062,13,123.23,1,1998,2,2,1,28,2156.45
13.87,2,0.076,6,170.59,2,1999,1,0,0,27,4210.3
10.21,0,0.038,0,97.63,1,1998,2,2,1,28,1890.83
6.8,1,0.191,8,85.64,1,1998,2,2,1,28,875.08
14.07,0,0.046,4,199.61,0,1987,0,1,2,39,4848.94
15.15,0,0.035,6,147.73,0,1987,0,1,2,39,4032.27
13.35,1,0.085,11,229.03,2,1999,1,0,0,27,5287.61
10.86,1,0.07,8,153.36,3,2009,1,1,3,17,3176.76
12.69,0,0.031,1,109.59,3,2009,1,1,3,17,2696.58
15.38,1,0.062,8,207.44,2,1999,1,0,0,27,5305.52
12.97,0,0.129,5,133.31,3,2009,1,1,3,17,3243.32
14.93,0,0.118,6,171.78,2,1999,1,0,0,27,4474.22
17.65,2,0.072,5,173.66,2,1999,1,0,0,27,5127.18
13.58,0,0.153,6,138.25,3,2009,1,1,3,17,3482.4
14.4,2,0.039,13,182.76,0,1987,0,1,2,39,4578.16
12.9,1,0.025,8,76.23,1,1998,2,2,1,28,2061.04
14.55,1,0.14,9,175.68,2,1999,1,0,0,27,4468.84
8.82,0,0.077,4,88.15,1,1998,2,2,1,28,1381.86
13.35,0,0.034,0,138.98,3,2009,1,1,3,17,3445.02
11.92,2,0.021,1,120.9,3,2009,1,1,3,17,2753.15
12.76,0,0.11,13,147.75,2,1999,1,0,0,27,6598.51
15.91,2,0.071,13,207.89,2,1999,1,0,0,27,5433.87
16.84,2,0.096,5,159.09,1,1998,2,2,1,28,532.14
13.28,0,0.024,14,148.87,3,2009,1,1,3,17,3632.12
12.15,2,0.015,0,171.07,2,1999,1,0,0,27,6367.83
11.29,0,0.157,14,82.62,1,1998,2,2,1,28,1827.09
14.64,0,0.053,4,152.11,0,1987,0,1,2,39,4006.94
12.38,0,0.16,5,154.0,3,2009,1,1,3,17,3533.32
17.02,0,0.103,0,150.19,0,1987,0,1,2,39,4504.74
15.53,0,0.024,0,184.27,0,1987,0,1,2,39,4866.29
17.73,0,0.032,13,214.33,2,1999,1,0,0,27,5976.67
18.39,2,0.016,0,232.3,2,1999,1,0,0,27,6494.38
10.71,2,0.096,5,119.7,0,1987,0,1,2,39,2453.9
10.95,0,0.027,5,120.35,3,2009,1,1,3,17,2521.93
10.67,1,0.177,8,135.05,3,2009,1,1,3,17,2760.61
15.76,2,0.153,10,207.02,2,1999,1,0,0,27,5383.14
11.98,0,0.045,6,90.94,1,1998,2,2,1,28,2152.8
12.35,0,0.036,0,113.9,3,2009,1,1,3,17,2707.63
12.92,2,0.137,14,106.24,3,2009,1,1,3,17,2679.83
11.02,0,0.072,6,124.03,3,2009,1,1,3,17,2614.68
15.04,1,0.018,11,135.55,3,2009,1,1,3,17,3757.4
10.51,2,0.078,2,132.72,3,2009,1,1,3,17,2676.02
13.86,2,0.1,14,139.18,3,2009,1,1,3,17,3564.48
11.83,0,0.05,3,141.05,3,2009,1,1,3,17,3144.2
12.03,0,0.031,0,137.0,3,2009,1,1,3,17,3108.32
8.12,0,0.048,2,81.36,1,1998,2,2,1,28,1085.88
12.05,0,0.027,0,145.13,3,2009,1,1,3,17,3277.64
16.72,1,0.093,9,221.09,2,1999,1,0,0,27,5888.67
6.95,0,0.061,13,78.82,1,1998,2,2,1,28,769.26
14.34,0,0.033,4,148.41,3,2009,1,1,3,17,3863.08
15.23,2,0.012,0,187.84,0,1987,0,1,2,39,4870.4
10.71,0,0.082,6,114.58,0,1987,0,1,2,39,2349.74
12.54,2,0.066,6,156.38,3,2009,1,1,3,17,3620.0
11.91,1,0.045,9,122.21,3,2009,1,1,3,17,2777.43
14.54,0,0.027,4,201.84,2,1999,1,0,0,27,5768.34
17.15,0,0.077,6,170.33,2,1999,1,0,0,27,4946.17
13.71,1,0.031,9,203.67,0,1987,0,1,2,39,4851.76
13.57,3,0.044,4,121.38,3,2009,1,1,3,17,3135.0
11.98,0,0.093,3,153.94,3,2009,1,1,3,17,3441.52
12.74,0,0.053,6,199.62,1,1998,2,2,1,28,1940.96
15.38,1,0.031,9,161.11,2,1999,1,0,0,27,4358.0
10.79,0,0.043,5,102.29,1,1998,2,2,1,28,2116.18
11.21,2,0.021,13,123.32,3,2009,1,1,3,17,2642.31
15.74,2,0.092,6,138.21,3,2009,1,1,3,17,3971.46
10.72,0,0.091,5,151.02,3,2009,1,1,3,17,3099.25
13.14,0,0.042,4,132.78,3,2009,1,1,3,17,3272.22
12.43,0,0.168,0,144.04,3,2009,1,1,3,17,3265.94
8.84,0,0.174,10,123.81,1,1998,2,2,1,28,2116.08
15.22,2,0.049,13,189.82,0,1987,0,1,2,39,4908.36
9.92,0,0.124,3,103.85,1,1998,2,2,1,28,1953.02
11.16,0,0.041,6,127.11,3,2009,1,1,3,17,2707.84
10.69,0,0.12,0,116.69,0,1987,0,1,2,39,2389.16
13.1,0,0.037,13,142.85,3,2009,1,1,3,17,3469.59
16.29,0,0.111,6,160.6,0,1987,0,1,2,39,4553.97
12.13,1,0.052,9,114.97,3,2009,1,1,3,17,2678.89
12.87,3,0.035,12,181.65,2,1999,1,0,0,27,4211.02
14.01,0,0.158,6,194.58,0,1987,0,1,2,39,4732.96
16.01,2,0.032,4,135.05,3,2009,1,1,3,17,3967.88
13.77,0,0.037,0,170.67,0,1987,0,1,2,39,4189.4
11.07,0,0.034,4,156.4,3,2009,1,1,3,17,3286.7
11.31,2,0.067,10,208.21,2,1999,1,0,0,27,4402.55
12.9,2,0.036,6,163.28,3,2009,1,1,3,17,3842.53
10.59,2,0.009,7,136.19,3,2009,1,1,3,17,2765.86
10.76,2,0.055,5,157.81,3,2009,1,1,3,17,1740.27
13.64,0,0.044,14,174.57,2,1999,1,0,0,27,4238.84
11.2,2,0.1,13,143.59,3,2009,1,1,3,17,3055.57
12.28,2,0.031,5,144.26,3,2009,1,1,3,17,3312.18
17.08,0,0.114,6,156.15,0,1987,0,1,2,39,4641.27
8.26,0,0.014,14,62.9,1,1998,2,2,1,28,738.97
10.01,0,0.051,4,120.13,0,1987,0,1,2,39,2306.75
13.62,2,0.108,6,179.95,2,1999,1,0,0,27,4345.02
16.4,0,0.067,3,143.09,2,1999,1,0,0,27,4219.09
11.38,0,0.026,10,117.21,3,2009,1,1,3,17,2555.37
10.38,2,0.091,10,132.31,3,2009,1,1,3,17,2638.73
12.28,2,0.137,3,137.83,3,2009,1,1,3,17,3179.9
12.67,0,0.047,13,118.07,3,2009,1,1,3,17,4429.15
10.59,0,0.086,13,148.3,3,2009,1,1,3,17,3013.06
12.48,0,0.021,0,143.52,3,2009,1,1,3,17,3343.31
12.68,2,0.061,4,154.4,3,2009,1,1,3,17,3611.22
8.5,2,0.026,4,158.22,3,2009,1,1,3,17,2743.84
11.06,2,0.051,13,106.69,1,1998,2,2,1,28,2268.95
11.43,0,0.01,0,154.31,3,2009,1,1,3,17,3326.44
13.75,2,0.097,5,184.29,2,1999,1,0,0,27,4464.75
13.05,0,0.168,13,137.46,3,2009,1,1,3,17,3347.38
8.88,2,0.061,5,127.76,1,1998,2,2,1,28,2207.15
10.11,2,0.094,10,135.27,3,2009,1,1,3,17,2638.8
12.07,0,0.013,5,151.58,3,2009,1,1,3,17,3414.2
10.57,2,0.121,4,134.5,3,2009,1,1,3,17,2726.88
7.33,2,0.039,10,81.44,1,1998,2,2,1,28,908.32
11.52,1,0.058,9,101.99,1,1998,2,2,1,28,2274.97
7.76,0,0.076,13,172.81,3,2009,1,1,3,17,2875.96
16.36,0,0.078,6,156.11,2,1999,1,0,0,27,4477.4
14.85,0,0.04,13,134.13,3,2009,1,1,3,17,3685.65
10.93,1,0.055,8,149.27,3,2009,1,1,3,17,3109.08
13.97,0,0.121,0,170.29,2,1999,1,0,0,27,4226.4
15.87,0,0.093,6,185.03,2,1999,1,0,0,27,4957.98
10.71,2,0.176,3,160.48,3,2009,1,1,3,17,3289.4
12.62,1,0.096,9,192.26,2,1999,1,0,0,27,4370.65
12.7,2,0.076,10,107.86,3,2009,1,1,3,17,2663.33
15.19,0,0.017,4,174.23,0,1987,0,1,2,39,4584.3
10.11,0,0.026,7,118.72,1,1998,2,2,1,28,2299.63
9.96,1,0.19,9,109.74,1,1998,2,2,1,28,2080.79
14.87,0,0.077,10,154.58,0,1987,0,1,2,39,3722.98
12.11,0,0.051,0,110.75,3,2009,1,1,3,17,2587.29
14.39,1,0.099,8,146.09,3,2009,1,1,3,17,3827.52
14.61,2,0.039,5,188.81,0,1987,0,1,2,39,4751.13
13.31,0,0.1,13,160.34,3,2009,1,1,3,17,3874.03
11.84,2,0.072,3,116.18,3,2009,1,1,3,17,2638.99
12.84,0,0.089,13,109.71,3,2009,1,1,3,17,2732.63
12.03,2,0.129,13,100.64,0,1987,0,1,2,39,2362.36
10.48,1,0.021,9,92.45,1,1998,2,2,1,28,1845.4
12.68,2,0.021,5,129.01,3,2009,1,1,3,17,3090.87
16.16,0,0.029,13,120.95,3,2009,1,1,3,17,3711.26
9.93,0,0.041,13,120.85,0,1987,0,1,2,39,2301.83
13.07,0,0.063,13,150.55,3,2009,1,1,3,17,3619.6
13.79,0,0.015,6,133.92,3,2009,1,1,3,17,3442.25
10.83,2,0.051,13,163.38,3,2009,1,1,3,17,3375.85
8.49,0,0.21,3,114.39,2,1999,1,0,0,27,6489.84
9.0,2,0.021,0,103.73,1,1998,2,2,1,28,1742.92
12.03,2,0.026,5,129.03,3,2009,1,1,3,17,2943.15
15.36,0,0.081,4,171.27,0,1987,0,1,2,39,4561.19
11.53,2,0.036,3,102.32,1,1998,2,2,1,28,2285.44
12.98,1,0.04,9,183.24,2,1999,1,0,0,27,4268.42
14.06,0,0.013,4,134.94,3,2009,1,1,3,17,3522.82
9.8,1,0.21,8,112.39,1,1998,2,2,1,28,2100.15
14.73,0,0.027,13,139.42,3,2009,1,1,3,17,3767.94
11.47,2,0.081,0,205.41,2,1999,1,0,0,27,4381.18
10.08,2,0.025,3,203.46,0,1987,0,1,2,39,4026.86
15.07,0,0.089,12,180.86,0,1987,0,1,2,39,4692.82
13.23,0,0.03,13,154.73,3,2009,1,1,3,17,3740.75
17.01,0,0.104,14,174.86,2,1999,1,0,0,27,5007.12
9.51,0,0.024,6,88.16,1,1998,2,2,1,28,1537.91
11.17,2,0.085,10,166.17,3,2009,1,1,3,17,3509.94
12.33,2,0.16,10,111.53,3,2009,1,1,3,17,2653.7
16.06,0,0.096,5,147.46,2,1999,1,0,0,27,4231.04
10.82,0,0.035,0,150.24,3,2009,1,1,3,17,3105.23
15.5,2,0.143,13,163.11,2,1999,1,0,0,27,4426.14
12.04,2,0.078,13,144.72,3,2009,1,1,3,17,3267.3
10.11,0,0.048,3,111.89,1,1998,2,2,1,28,2252.3
12.4,1,0.092,9,183.95,0,1987,0,1,2,39,4152.28
12.01,2,0.019,3,134.17,3,2009,1,1,3,17,3043.86
12.41,1,0.042,8,166.09,3,2009,1,1,3,17,3788.44
13.17,0,0.167,13,148.17,3,2009,1,1,3,17,3592.84
11.03,0,0.093,14,132.08,3,2009,1,1,3,17,2780.72
10.81,0,0.089,14,82.99,1,1998,2,2,1,28,1727.25
16.09,2,0.141,3,182.79,2,1999,1,0,0,27,4961.87
14.55,2,0.107,4,188.52,2,1999,1,0,0,27,6336.72
12.81,2,0.081,10,131.05,3,2009,1,1,3,17,3162.05
15.99,2,0.064,13,172.33,0,1987,0,1,2,39,4724.83
13.89,2,0.048,5,155.59,3,2009,1,1,3,17,3908.2
8.71,0,0.048,6,112.89,1,1998,2,2,1,28,2205.49
15.87,0,0.006,5,142.35,0,1987,0,1,2,39,4083.6
13.97,0,0.012,0,189.11,0,1987,0,1,2,39,4612.44
11.51,0,0.171,6,142.49,3,2009,1,1,3,17,3102.31
13.41,1,0.02,8,163.29,3,2009,1,1,3,17,3957.35
15.05,0,0.076,14,128.5,3,2009,1,1,3,17,3616.34
9.2,0,0.033,7,119.43,1,1998,2,2,1,28,2108.04
14.33,2,0.087,12,223.34,2,1999,1,0,0,27,5393.46
18.61,1,0.063,11,171.14,2,1999,1,0,0,27,5291.94
12.12,0,0.081,2,116.42,3,2009,1,1,3,17,2706.89
14.12,0,0.038,5,144.32,3,2009,1,1,3,17,5007.32
14.8,1,0.016,8,140.53,3,2009,1,1,3,17,3806.53
13.68,0,0.042,5,129.32,3,2009,1,1,3,17,3322.1
15.57,1,0.173,8,157.75,2,1999,1,0,0,27,4330.81
15.49,0,0.054,4,136.38,3,2009,1,1,3,17,3875.76
12.63,1,0.045,8,156.96,3,2009,1,1,3,17,3652.13
16.34,0,0.027,6,179.16,2,1999,1,0,0,27,4944.18
15.33,2,0.137,13,228.45,2,1999,1,0,0,27,5724.5
13.94,1,0.034,8,128.21,3,2009,1,1,3,17,3358.39
10.33,2,0.054,14,151.65,1,1998,2,2,1,28,1185.08
12.71,0,0.152,4,172.23,3,2009,1,1,3,17,3982.96
12.24,1,0.061,9,178.91,0,1987,0,1,2,39,4011.83
11.88,0,0.039,3,91.12,1,1998,2,2,1,28,2134.45
11.92,2,0.062,1,131.12,3,2009,1,1,3,17,2961.25
12.1,1,0.017,9,115.8,3,2009,1,1,3,17,2688.61
14.56,0,0.024,0,187.96,0,1987,0,1,2,39,4722.07
11.2,2,0.069,13,124.4,3,2009,1,1,3,17,2661.55
12.75,2,0.073,0,132.21,3,2009,1,1,3,17,3171.68
13.34,0,0.174,14,200.59,0,1987,0,1,2,39,4703.68
12.98,0,0.035,13,130.02,3,2009,1,1,3,17,3179.43
16.33,0,0.089,13,146.79,2,1999,1,0,0,27,4280.48
16.03,0,0.053,5,180.73,2,1999,1,0,0,27,4905.03
14.74,2,0.083,14,167.42,2,1999,1,0,0,27,4342.22
14.29,2,0.124,6,201.74,0,1987,0,1,2,39,4943.48
11.29,2,0.047,13,72.58,1,1998,2,2,1,28,1622.3
13.69,2,0.126,0,163.53,0,1987,0,1,2,39,4024.95
9.99,2,0.118,13,148.3,3,2009,1,1,3,17,2876.83
11.78,2,0.022,7,117.13,3,2009,1,1,3,17,2644.54
12.47,2,0.04,1,151.92,3,2009,1,1,3,17,3512.03
13.76,0,0.015,13,179.12,2,1999,1,0,0,27,4359.42
14.26,0,0.115,14,169.85,2,1999,1,0,0,27,4282.66
10.21,0,0.096,6,121.78,0,1987,0,1,2,39,2385.57
11.0,0,0.022,5,212.03,2,1999,1,0,0,27,4409.57
13.4,0,0.041,3,139.02,3,2009,1,1,3,17,3458.94
12.66,2,0.066,6,117.41,3,2009,1,1,3,17,2849.03
11.44,0,0.096,3,118.25,3,2009,1,1,3,17,2590.15
13.24,2,0.03,15,184.25,2,1999,1,0,0,27,4346.59
13.17,0,0.031,3,168.88,0,1987,0,1,2,39,4017.27
8.99,2,0.075,4,107.5,1,1998,2,2,1,28,895.67
13.59,1,0.089,8,128.45,3,2009,1,1,3,17,3284.47
13.37,1,0.068,11,230.34,2,1999,1,0,0,27,6135.94
12.54,0,0.066,6,124.0,3,2009,1,1,3,17,2956.35
9.52,2,0.125,14,145.51,3,2009,1,1,3,17,2714.62
11.84,0,0.108,5,211.87,0,1987,0,1,2,39,4595.28
9.37,2,0.014,0,102.9,1,1998,2,2,1,28,1809.27
13.16,1,0.125,11,193.17,0,1987,0,1,2,39,4511.97
14.41,0,0.186,6,151.56,3,2009,1,1,3,17,3942.23
12.09,3,0.023,15,154.35,3,2009,1,1,3,17,3476.8
11.18,0,0.066,10,168.5,3,2009,1,1,3,17,3560.4
13.92,1,0.036,8,188.87,0,1987,0,1,2,39,4595.67
11.47,2,0.026,0,117.64,3,2009,1,1,3,17,2584.59
15.28,0,0.083,12,153.71,0,1987,0,1,2,39,4183.75
14.67,1,0.115,9,175.61,2,1999,1,0,0,27,4493.22
13.54,2,0.093,0,113.6,3,2009,1,1,3,17,2968.81
8.8,1,0.141,8,98.38,1,1998,2,2,1,28,1587.57
15.92,0,0.045,3,191.88,2,1999,1,0,0,27,5527.72
8.81,0,0.015,10,142.71,0,1987,0,1,2,39,2495.59
14.47,0,0.132,4,159.25,0,1987,0,1,2,39,4114.66
11.96,0,0.022,5,172.86,3,2009,1,1,3,17,3824.34
15.74,0,0.172,0,125.58,3,2009,1,1,3,17,3712.81
12.85,0,0.086,0,148.49,3,2009,1,1,3,17,3526.64
12.35,1,0.039,9,166.19,3,2009,1,1,3,17,3778.07
12.79,2,0.174,10,162.29,3,2009,1,1,3,17,3797.06
13.02,3,0.14,0,110.07,3,2009,1,1,3,17,2779.79
17.5,2,0.106,6,171.36,2,1999,1,0,0,27,5047.14
13.7,1,0.023,8,157.33,3,2009,1,1,3,17,3900.47
13.9,1,0.079,9,159.87,3,2009,1,1,3,17,3997.08
16.09,2,0.019,10,182.14,2,1999,1,0,0,27,4949.46
14.54,2,0.055,6,147.53,3,2009,1,1,3,17,3890.62
10.62,1,0.046,9,148.78,3,2009,1,1,3,17,3029.36
11.11,0,0.02,14,163.11,3,2009,1,1,3,17,3433.77
12.04,2,0.172,3,163.12,3,2009,1,1,3,17,3644.31
12.69,1,0.022,8,150.53,3,2009,1,1,3,17,3533.01
11.82,0,0.175,6,110.51,3,2009,1,1,3,17,2517.47
14.43,1,0.186,11,210.3,2,1999,1,0,0,27,5149.85
17.11,2,0.065,13,180.36,2,1999,1,0,0,27,5141.68
13.49,1,0.068,11,176.25,2,1999,1,0,0,27,4240.69
10.73,0,0.053,4,113.31,0,1987,0,1,2,39,2328.56
10.78,0,0.073,3,197.63,0,1987,0,1,2,39,4066.4
9.16,0,0.142,5,117.08,0,1987,0,1,2,39,4364.15
15.16,0,0.079,0,145.48,3,2009,1,1,3,17,3987.92
16.38,0,0.082,0,205.16,2,1999,1,0,0,27,5485.4
17.96,0,0.039,14,170.04,0,1987,0,1,2,39,2778.11
11.07,2,0.101,0,154.86,3,2009,1,1,3,17,3255.23
12.34,1,0.034,8,95.69,0,1987,0,1,2,39,2332.78
8.73,1,0.083,8,114.76,1,1998,2,2,1,28,1906.66
13.62,0,0.035,13,173.85,2,1999,1,0,0,27,4221.53
12.49,0,0.026,13,116.15,3,2009,1,1,3,17,2784.84
11.15,2,0.058,3,101.35,1,1998,2,2,1,28,2178.37
15.14,0,0.051,5,148.7,0,1987,0,1,2,39,4050.37
12.94,0,0.172,15,132.17,3,2009,1,1,3,17,3213.82
12.6,2,0.025,5,137.95,3,2009,1,1,3,17,4586.4
11.42,2,0.01,14,172.12,3,2009,1,1,3,17,3688.46
14.46,2,0.162,5,147.39,3,2009,1,1,3,17,3869.61
10.73,0,0.033,14,113.57,0,1987,0,1,2,39,2333.46
14.41,0,0.019,13,117.74,3,2009,1,1,3,17,3250.6
14.3,3,0.094,6,163.52,0,1987,0,1,2,39,4162.05
13.18,2,0.038,6,145.44,3,2009,1,1,3,17,3541.0
11.14,0,0.076,15,102.47,1,1998,2,2,1,28,2200.65
12.79,0,0.079,6,156.49,3,2009,1,1,3,17,3677.6
11.52,0,0.127,5,165.78,3,2009,1,1,3,17,3581.75
10.37,0,0.061,6,110.76,1,1998,2,2,1,28,2195.72
13.7,1,0.142,9,105.59,3,2009,1,1,3,17,2842.7
11.12,0,0.124,13,104.86,1,1998,2,2,1,28,2244.64
10.78,1,0.16,8,127.21,3,2009,1,1,3,17,2625.26
10.57,0,0.027,14,199.48,0,1987,0,1,2,39,4054.86
12.69,1,0.196,9,163.32,3,2009,1,1,3,17,3793.99
12.56,0,0.017,0,161.04,3,2009,1,1,3,17,3718.21
12.56,0,0.038,13,152.41,3,2009,1,1,3,17,3541.36
16.38,1,0.02,9,203.99,2,1999,1,0,0,27,5462.13
9.39,2,0.018,6,151.86,3,2009,1,1,3,17,2815.55
11.12,2,0.074,10,155.07,1,1998,2,2,1,28,763.99
8.64,0,0.116,6,105.07,1,1998,2,2,1,28,1687.12
9.72,2,0.054,0,129.03,0,1987,0,1,2,39,2422.16
11.0,3,0.054,2,180.37,3,2009,1,1,3,17,3762.44
16.56,0,0.091,15,173.26,2,1999,1,0,0,27,4872.02
12.21,2,0.174,6,172.5,3,2009,1,1,3,17,3873.49
16.47,0,0.126,6,141.35,0,1987,0,1,2,39,4199.05
14.43,2,0.038,5,150.27,3,2009,1,1,3,17,3922.08
13.32,2,0.039,6,166.56,0,1987,0,1,2,39,4004.28
10.86,2,0.041,0,95.23,1,1998,2,2,1,28,1988.82
11.09,1,0.021,9,157.97,3,2009,1,1,3,17,3324.12
13.21,0,0.053,5,165.58,3,2009,1,1,3,17,3958.34
7.21,0,0.041,13,142.57,1,1998,2,2,1,28,1527.71
11.88,0,0.018,6,134.63,3,2009,1,1,3,17,3024.21
11.08,1,0.076,11,149.09,3,2009,1,1,3,17,3139.51
14.96,2,0.033,0,179.22,0,1987,0,1,2,39,4633.65
10.8,0,0.085,5,124.11,3,2009,1,1,3,17,2565.93
13.61,0,0.024,15,158.23,3,2009,1,1,3,17,3899.56
15.23,1,0.096,9,122.34,3,2009,1,1,3,17,3529.46
14.02,1,0.005,8,140.49,3,2009,1,1,3,17,3627.34
12.68,2,0.038,0,185.23,2,1999,1,0,0,27,4240.75
10.67,0,0.031,0,118.79,0,1987,0,1,2,39,2427.82
12.57,2,0.036,5,172.0,3,2009,1,1,3,17,3946.24
10.48,2,0.114,13,158.21,3,2009,1,1,3,17,3190.93
13.16,0,0.019,0,160.93,3,2009,1,1,3,17,3853.02
19.01,0,0.099,13,181.17,2,1999,1,0,0,27,5587.58
9.05,2,0.018,0,191.98,3,2009,1,1,3,17,3557.99
14.31,1,0.079,8,154.1,3,2009,1,1,3,17,3971.9
13.68,0,0.063,6,114.36,3,2009,1,1,3,17,3017.08
14.02,0,0.129,3,112.36,3,2009,1,1,3,17,3051.8
17.58,1,0.077,11,186.16,2,1999,1,0,0,27,5368.35
13.87,0,0.1,14,178.64,2,1999,1,0,0,27,4374.74
11.29,0,0.043,2,140.38,3,2009,1,1,3,17,3009.65
17.53,0,0.08,4,160.16,2,1999,1,0,0,27,4824.27
13.95,0,0.113,10,143.31,3,2009,1,1,3,17,3670.05
11.83,0,0.006,10,92.83,1,1998,2,2,1,28,2157.83
9.26,0,0.03,6,177.67,3,2009,1,1,3,17,3314.35
13.22,0,0.023,6,164.45,3,2009,1,1,3,17,3936.93
15.39,0,0.019,13,153.95,2,1999,1,0,0,27,4213.21
15.12,0,0.143,6,132.98,3,2009,1,1,3,17,2562.14
17.05,0,0.066,13,203.48,2,1999,1,0,0,27,5601.66
9.96,2,0.036,13,137.0,3,2009,1,1,3,17,2639.11
13.87,2,0.122,3,167.69,0,1987,0,1,2,39,4150.47
16.52,2,0.121,13,111.49,3,2009,1,1,3,17,3599.12
12.38,2,0.046,0,159.32,3,2009,1,1,3,17,3643.74
11.55,0,0.07,13,137.99,3,2009,1,1,3,17,3019.18
13.13,2,0.014,6,131.47,2,1999,1,0,0,27,6657.74
11.85,0,0.095,0,168.44,3,2009,1,1,3,17,3709.85
12.55,0,0.095,10,139.35,3,2009,1,1,3,17,3273.82
12.3,0,0.008,6,157.24,3,2009,1,1,3,17,3582.28
11.31,2,0.019,5,138.7,3,2009,1,1,3,17,2980.19
13.2,0,0.065,13,115.26,3,2009,1,1,3,17,2927.41
11.85,0,0.029,15,99.67,0,1987,0,1,2,39,2302.86
14.11,1,0.014,9,138.37,3,2009,1,1,3,17,3604.85
15.23,2,0.167,13,133.2,3,2009,1,1,3,17,3752.66
11.36,2,0.195,6,116.67,3,2009,1,1,3,17,2540.46
15.25,2,0.052,7,165.85,2,1999,1,0,0,27,4424.72
12.18,0,0.102,13,111.27,3,2009,1,1,3,17,2614.19
10.16,1,0.103,8,133.41,3,2009,1,1,3,17,2611.24
9.2,0,0.081,13,108.37,1,1998,2,2,1,28,1881.0
14.72,2,0.052,3,160.76,2,1999,1,0,0,27,4200.52
10.98,0,0.008,6,147.43,3,2009,1,1,3,17,3083.09
13.73,2,0.078,10,153.86,3,2009,1,1,3,17,3836.67
9.11,0,0.022,14,97.82,1,1998,2,2,1,28,1646.53
8.87,0,0.062,6,134.27,0,1987,0,1,2,39,2336.65
17.2,2,0.076,1,186.98,2,1999,1,0,0,27,5298.74
15.45,0,0.2,3,206.62,2,1999,1,0,0,27,5305.03
12.71,1,0.044,8,139.48,3,2009,1,1,3,17,3311.06
12.8,2,0.022,3,145.28,3,2009,1,1,3,17,3450.78
15.07,0,0.097,3,225.32,2,1999,1,0,0,27,5601.92
12.94,1,0.029,8,133.07,3,2009,1,1,3,17,3232.82
12.58,0,0.184,6,166.09,3,2009,1,1,3,17,3827.84
16.87,0,0.053,5,149.08,2,1999,1,0,0,27,4448.81
12.51,2,0.021,6,163.98,3,2009,1,1,3,17,3768.51
14.28,1,0.169,8,160.97,0,1987,0,1,2,39,4106.49
12.85,2,0.078,6,170.12,3,2009,1,1,3,17,3969.54
14.97,1,0.118,8,166.95,2,1999,1,0,0,27,4384.19
12.04,1,0.121,9,149.5,3,2009,1,1,3,17,3365.3
11.73,0,0.144,3,164.52,3,2009,1,1,3,17,3602.16
10.25,0,0.117,13,186.3,3,2009,1,1,3,17,3714.66
13.75,2,0.033,3,121.15,3,2009,1,1,3,17,3172.28
13.65,0,0.028,13,164.91,0,1987,0,1,2,39,4044.68
13.87,0,0.083,13,166.67,0,1987,0,1,2,39,4131.26
12.11,1,0.014,9,124.62,3,2009,1,1,3,17,2871.13
11.79,0,0.079,6,151.57,3,2009,1,1,3,17,3351.46
7.86,0,0.027,13,110.26,1,1998,2,2,1,28,1617.5
8.91,1,0.013,8,127.02,1,1998,2,2,1,28,2198.54
12.32,1,0.042,8,138.03,3,2009,1,1,3,17,3192.75
15.84,0,0.028,6,169.37,0,1987,0,1,2,39,4631.28
14.02,1,0.083,9,156.44,3,2009,1,1,3,17,5101.13
11.32,1,0.034,9,131.74,3,2009,1,1,3,17,2838.18
8.26,2,0.063,0,86.98,1,1998,2,2,1,28,1232.0
12.12,0,0.099,3,150.48,3,2009,1,1,3,17,3403.75
11.94,0,0.104,3,158.99,3,2009,1,1,3,17,3536.15
14.32,2,0.046,10,159.7,0,1987,0,1,2,39,4090.25
9.68,2,0.013,3,71.53,1,1998,2,2,1,28,1236.54
11.27,0,0.082,6,125.62,3,2009,1,1,3,17,2702.04
12.87,0,0.146,10,148.05,3,2009,1,1,3,17,3013.11
13.36,2,0.104,0,109.88,3,2009,1,1,3,17,2853.77
10.66,2,0.026,6,112.37,1,1998,2,2,1,28,2293.74
13.95,0,0.055,3,190.17,0,1987,0,1,2,39,4628.81
13.74,1,0.149,9,157.19,3,2009,1,1,3,17,3907.49
13.91,0,0.098,0,186.73,0,1987,0,1,2,39,4548.76
10.41,0,0.122,0,148.13,3,2009,1,1,3,17,2967.93
15.33,1,0.123,8,179.08,0,1987,0,1,2,39,4714.35
9.74,1,0.097,8,95.46,1,1998,2,2,1,28,1739.07
10.96,0,0.043,0,123.47,3,2009,1,1,3,17,2589.12
10.61,0,0.139,1,166.81,3,2009,1,1,3,17,3396.71
12.24,0,0.062,6,93.84,1,1998,2,2,1,28,2271.26
13.53,0,0.015,1,137.46,3,2009,1,1,3,17,3456.64
8.24,2,0.071,5,125.42,1,1998,2,2,1,28,2014.85
17.36,0,0.081,4,153.55,0,1987,0,1,2,39,4649.58
14.6,2,0.124,0,178.76,0,1987,0,1,2,39,4543.38
14.09,2,0.016,5,147.18,3,2009,1,1,3,17,3780.56
12.24,0,0.006,5,107.48,3,2009,1,1,3,17,2550.99
17.55,3,0.094,15,210.79,2,1999,1,0,0,27,5864.61
11.81,1,0.039,8,155.01,3,2009,1,1,3,17,3425.94
11.12,1,0.021,9,120.62,3,2009,1,1,3,17,2566.88
15.77,2,0.035,13,209.79,2,1999,1,0,0,27,5441.0
13.6,0,0.094,0,157.98,3,2009,1,1,3,17,3891.63
12.21,0,0.108,13,173.81,3,2009,1,1,3,17,3900.61
5.81,0,0.053,13,68.8,1,1998,2,2,1,28,306.11
10.63,1,0.14,8,129.02,3,2009,1,1,3,17,2627.24
7.73,1,0.025,8,116.23,1,1998,2,2,1,28,1710.09
14.84,0,0.076,13,176.91,0,1987,0,1,2,39,4559.77
13.55,0,0.043,4,191.19,0,1987,0,1,2,39,4558.46
11.52,0,0.015,6,141.18,3,2009,1,1,3,17,3078.6
14.64,1,0.023,9,176.9,0,1987,0,1,2,39,4514.09
9.98,2,0.129,13,110.72,1,1998,2,2,1,28,2106.32
11.92,1,0.048,8,159.44,3,2009,1,1,3,17,3540.66
13.99,0,0.058,6,122.83,3,2009,1,1,3,17,3259.16
14.73,0,0.072,15,179.27,0,1987,0,1,2,39,4582.71
15.95,0,0.096,13,192.85,2,1999,1,0,0,27,5136.96
12.2,0,0.038,4,122.87,3,2009,1,1,3,17,2686.72
14.91,2,0.039,2,163.56,2,1999,1,0,0,27,4302.22
9.59,0,0.043,13,133.84,0,1987,0,1,2,39,2491.19
16.65,0,0.018,10,148.38,2,1999,1,0,0,27,4384.84
11.2,0,0.026,0,136.41,3,2009,1,1,3,17,2907.5
12.07,0,0.088,14,133.68,3,2009,1,1,3,17,3049.01
14.31,0,0.161,6,110.16,3,2009,1,1,3,17,3073.8
12.07,0,0.147,3,150.09,3,2009,1,1,3,17,3384.53
8.7,1,0.141,9,75.46,0,1987,0,1,2,39,4483.74
9.17,0,0.048,10,150.53,3,2009,1,1,3,17,2737.1
14.67,1,0.041,9,184.14,0,1987,0,1,2,39,4669.2
13.02,0,0.053,2,150.45,3,2009,1,1,3,17,3605.98
14.6,0,0.112,13,173.31,2,1999,1,0,0,27,4430.15
11.63,0,0.043,10,141.38,3,2009,1,1,3,17,3106.32
13.64,0,0.015,13,173.34,2,1999,1,0,0,27,4215.13
9.66,0,0.024,13,101.85,1,1998,2,2,1,28,1851.95
10.92,2,0.035,6,96.86,1,1998,2,2,1,28,2034.84
9.82,2,0.031,0,145.64,3,2009,1,1,3,17,2785.54
10.37,1,0.113,9,89.66,0,1987,0,1,2,39,3222.72
13.24,0,0.039,12,156.02,3,2009,1,1,3,17,3768.82
14.44,2,0.019,5,141.72,3,2009,1,1,3,17,3748.31
13.78,0,0.102,13,193.91,0,1987,0,1,2,39,4667.1
15.17,1,0.01,9,167.63,2,1999,1,0,0,27,4443.73
16.44,0,0.056,5,216.03,2,1999,1,0,0,27,5722.13
14.93,1,0.103,9,114.81,3,2009,1,1,3,17,3308.02
11.13,1,0.005,8,120.64,3,2009,1,1,3,17,2568.57
12.82,2,0.066,1,139.09,3,2009,1,1,3,17,3328.32
10.49,0,0.125,0,118.86,0,1987,0,1,2,39,2387.07
10.14,2,0.077,5,127.87,0,1987,0,1,2,39,2493.74
14.08,0,0.162,3,127.79,3,2009,1,1,3,17,3381.6
9.55,2,0.035,4,144.86,3,2009,1,1,3,17,2708.6
11.29,1,0.058,11,142.82,3,2009,1,1,3,17,3059.34
11.86,2,0.035,2,101.33,0,1987,0,1,2,39,2339.85
7.96,2,0.017,6,115.71,1,1998,2,2,1,28,1752.66
15.06,0,0.053,6,164.06,2,1999,1,0,0,27,4345.53
15.27,1,0.125,9,136.16,1,1998,2,2,1,28,719.31
11.78,2,0.029,6,145.82,3,2009,1,1,3,17,3230.76
15.99,2,0.089,13,211.19,2,1999,1,0,0,27,5520.9
9.75,1,0.152,8,132.28,0,1987,0,1,2,39,2494.49
9.79,2,0.039,5,154.24,2,1999,1,0,0,27,6351.25
14.47,2,0.138,3,197.48,0,1987,0,1,2,39,4895.2
12.38,0,0.046,13,176.58,3,2009,1,1,3,17,3996.93
13.01,0,0.052,5,144.55,3,2009,1,1,3,17,3484.17
16.77,0,0.02,10,171.19,2,1999,1,0,0,27,4878.1
16.13,0,0.071,1,205.27,2,1999,1,0,0,27,5430.32
18.29,0,0.142,10,146.15,2,1999,1,0,0,27,4708.24
13.0,0,0.042,5,146.99,3,2009,1,1,3,17,3530.16
13.13,2,0.076,13,203.58,0,1987,0,1,2,39,4717.96
12.81,0,0.019,13,189.23,2,1999,1,0,0,27,4353.11
13.31,0,0.08,7,151.71,3,2009,1,1,3,17,3697.14
9.71,0,0.138,4,130.06,1,1998,2,2,1,28,613.03
14.52,1,0.046,11,186.63,0,1987,0,1,2,39,4685.6
15.94,1,0.121,9,179.68,0,1987,0,1,2,39,4863.11
14.65,0,0.013,14,168.93,2,1999,1,0,0,27,4353.66
14.23,2,0.063,10,190.67,0,1987,0,1,2,39,4701.95
9.89,0,0.145,13,128.97,0,1987,0,1,2,39,2460.16
11.32,0,0.066,0,130.05,3,2009,1,1,3,17,2804.28
10.98,2,0.023,4,143.26,3,2009,1,1,3,17,2997.53
9.65,0,0.027,15,94.67,1,1998,2,2,1,28,1704.05
10.78,0,0.154,7,106.5,1,1998,2,2,1,28,2200.21
8.95,1,0.059,9,116.97,1,1998,2,2,1,28,2002.18
9.98,1,0.024,9,186.83,3,2009,1,1,3,17,3662.77
13.0,1,0.027,8,161.88,3,2009,1,1,3,17,3835.2
14.41,1,0.019,8,143.79,3,2009,1,1,3,17,3783.88
15.56,1,0.117,9,203.69,2,1999,1,0,0,27,5269.61
14.74,0,0.037,13,129.17,3,2009,1,1,3,17,3558.7
12.22,0,0.025,13,123.19,3,2009,1,1,3,17,2867.06
10.56,2,0.119,6,104.91,1,1998,2,2,1,28,2117.81
14.42,0,0.048,6,164.97,2,1999,1,0,0,27,4220.2
11.8,0,0.033,6,158.74,3,2009,1,1,3,17,3500.18
13.21,0,0.034,13,159.36,3,2009,1,1,3,17,3832.18
9.88,0,0.032,13,142.22,3,2009,1,1,3,17,2727.08
11.09,2,0.067,6,129.2,3,2009,1,1,3,17,2734.63
13.73,0,0.068,13,185.82,2,1999,1,0,0,27,4491.34
9.67,0,0.035,5,120.82,1,1998,2,2,1,28,2241.67
10.13,0,0.128,5,100.5,1,1998,2,2,1,28,1931.31
16.19,2,0.067,6,126.46,3,2009,1,1,3,17,3831.71
13.25,0,0.091,14,111.71,3,2009,1,1,3,17,2864.96
12.23,0,0.081,6,138.72,3,2009,1,1,3,17,3187.99
10.43,0,0.09,13,117.52,0,1987,0,1,2,39,2347.2
10.54,3,0.067,3,172.61,3,2009,1,1,3,17,3500.18
13.65,0,0.071,5,135.3,3,2009,1,1,3,17,3438.8
12.65,2,0.093,6,164.41,3,2009,1,1,3,17,3808.85
8.42,2,0.041,3,106.32,1,1998,2,2,1,28,1663.94
13.54,2,0.076,1,210.34,0,1987,0,1,2,39,4948.7
12.74,0,0.05,4,152.27,3,2009,1,1,3,17,3580.76
18.37,0,0.05,4,169.17,2,1999,1,0,0,27,5198.89
12.41,0,0.063,0,188.88,2,1999,1,0,0,27,4255.88
13.98,0,0.029,0,124.55,3,2009,1,1,3,17,3293.66
12.66,0,0.027,5,117.08,3,2009,1,1,3,17,2842.4
10.97,2,0.128,13,112.59,0,1987,0,1,2,39,2368.46
14.14,0,0.104,4,156.29,3,2009,1,1,3,17,3979.1
11.88,0,0.14,0,165.99,3,2009,1,1,3,17,3666.84
10.79,1,0.084,8,89.06,1,1998,2,2,1,28,1845.57
11.69,1,0.033,9,205.73,2,1999,1,0,0,27,4436.39
12.69,0,0.018,2,136.64,2,1999,1,0,0,27,6081.99
12.57,1,0.015,8,206.35,0,1987,0,1,2,39,4649.0
12.92,2,0.013,13,117.1,3,2009,1,1,3,17,2902.13
10.3,0,0.016,6,107.68,1,1998,2,2,1,28,2116.15
10.77,1,0.191,11,143.53,3,2009,1,1,3,17,2956.85
9.37,0,0.027,6,133.89,0,1987,0,1,2,39,2441.86
11.03,0,0.032,14,153.34,3,2009,1,1,3,17,3216.48
11.69,0,0.076,5,141.63,3,2009,1,1,3,17,3125.59
13.46,0,0.162,14,159.2,3,2009,1,1,3,17,2620.02
11.49,0,0.077,5,148.29,3,2009,1,1,3,17,3216.17
15.31,0,0.123,13,146.65,0,1987,0,1,2,39,4046.22
13.46,0,0.092,4,193.75,0,1987,0,1,2,39,4592.18
12.92,1,0.118,9,161.75,3,2009,1,1,3,17,3813.81
13.14,0,0.019,6,119.61,3,2009,1,1,3,17,3002.57
11.1,0,0.137,5,147.9,3,2009,1,1,3,17,3120.8
13.09,0,0.013,15,148.95,3,2009,1,1,3,17,3592.1
15.98,2,0.091,4,170.85,2,1999,1,0,0,27,4228.84
12.81,1,0.011,8,169.62,3,2009,1,1,3,17,3951.07
17.06,2,0.187,3,153.55,0,1987,0,1,2,39,4582.96
12.16,0,0.034,6,156.17,3,2009,1,1,3,17,3529.72
14.08,0,0.047,4,133.08,3,2009,1,1,3,17,3490.85
11.27,0,0.014,0,146.13,3,2009,1,1,3,17,3122.95
13.71,0,0.061,5,140.64,3,2009,1,1,3,17,3562.53
11.47,1,0.104,9,104.69,0,1987,0,1,2,39,2320.38
11.11,0,0.025,13,157.92,3,2009,1,1,3,17,3326.65
11.98,0,0.052,5,141.31,3,2009,1,1,3,17,3183.95
13.41,0,0.034,6,146.26,3,2009,1,1,3,17,3608.19
12.63,0,0.039,1,124.77,3,2009,1,1,3,17,2991.53
15.74,0,0.061,5,155.21,2,1999,1,0,0,27,4318.32
15.98,0,0.089,1,186.9,2,1999,1,0,0,27,5021.2
9.67,0,0.049,13,99.84,2,1999,1,0,0,27,6149.63
13.23,2,0.072,2,150.16,3,2009,1,1,3,17,3647.96
13.74,0,0.04,3,186.96,0,1987,0,1,2,39,4515.79
14.62,2,0.119,7,199.73,0,1987,0,1,2,39,4976.47
12.07,2,0.228,3,143.16,3,2009,1,1,3,17,3243.24
13.48,0,0.175,13,123.66,3,2009,1,1,3,17,3161.27
8.49,0,0.042,6,119.53,1,1998,2,2,1,28,1950.44
17.24,0,0.017,13,140.86,2,1999,1,0,0,27,4363.63
16.17,2,0.107,10,199.44,2,1999,1,0,0,27,5321.1
17.36,0,0.085,3,147.81,0,1987,0,1,2,39,4531.9
12.15,0,0.055,13,144.7,3,2009,1,1,3,17,3292.92
14.15,0,0.052,4,215.74,2,1999,1,0,0,27,5196.91
12.59,1,0.02,11,146.65,3,2009,1,1,3,17,3430.89
12.89,0,0.107,6,153.05,3,2009,1,1,3,17,3630.18
12.21,0,0.049,6,147.84,3,2009,1,1,3,17,3370.02
11.78,0,0.042,13,61.63,1,1998,2,2,1,28,1509.17
9.85,0,0.09,14,128.55,0,1987,0,1,2,39,2442.1
13.46,2,0.161,13,188.36,2,1999,1,0,0,27,4480.26
16.03,0,0.086,4,183.59,2,1999,1,0,0,27,4965.31
12.99,0,0.061,13,130.04,3,2009,1,1,3,17,3180.86
11.51,0,0.052,6,147.13,3,2009,1,1,3,17,3196.75
15.11,0,0.046,4,188.96,0,1987,0,1,2,39,4867.31
10.57,0,0.023,5,150.93,3,2009,1,1,3,17,3062.23
11.47,2,0.047,4,130.27,3,2009,1,1,3,17,1979.46
12.56,2,0.008,13,133.35,3,2009,1,1,3,17,3151.43
11.4,0,0.016,4,118.04,3,2009,1,1,3,17,2577.08
12.18,0,0.12,6,103.29,0,1987,0,1,2,39,2452.09
11.83,0,0.052,5,160.11,3,2009,1,1,3,17,3535.8
13.35,0,0.076,0,117.88,3,2009,1,1,3,17,3015.25
12.63,1,0.038,9,129.35,3,2009,1,1,3,17,3087.3
13.5,0,0.044,6,186.3,2,1999,1,0,0,27,4447.63
12.03,0,0.044,13,126.03,3,2009,1,1,3,17,2883.92
14.42,1,0.025,8,153.71,3,2009,1,1,3,17,3989.16
16.3,1,0.041,9,226.94,2,1999,1,0,0,27,5913.05
13.19,0,0.042,0,130.79,3,2009,1,1,3,17,3242.51
13.96,0,0.097,7,162.71,1,1998,2,2,1,28,1849.95
14.43,1,0.065,9,177.0,2,1999,1,0,0,27,4467.64
7.72,0,0.07,6,123.45,1,1998,2,2,1,28,1856.55
15.69,1,0.04,8,147.62,0,1987,0,1,2,39,4150.85
10.05,0,0.014,4,109.17,1,1998,2,2,1,28,2091.17
10.43,0,0.021,5,108.43,1,1998,2,2,1,28,2160.95
8.89,2,0.076,0,101.39,1,1998,2,2,1,28,1668.17
13.27,0,0.081,13,144.17,3,2009,1,1,3,17,3533.45
11.26,0,0.011,13,169.23,3,2009,1,1,3,17,3591.63
14.82,1,0.031,8,204.52,2,1999,1,0,0,27,5119.97
12.8,0,0.022,4,126.14,3,2009,1,1,3,17,3058.43
8.68,0,0.111,7,116.3,1,1998,2,2,1,28,1927.01
16.22,2,0.188,0,142.3,0,1987,0,1,2,39,4163.07
13.68,0,0.033,7,141.99,3,2009,1,1,3,17,3581.72
9.71,0,0.031,6,140.87,3,2009,1,1,3,17,2662.48
11.09,0,0.022,10,130.95,3,2009,1,1,3,17,2770.43
13.63,0,0.063,1,161.04,3,2009,1,1,3,17,3959.72
9.14,0,0.055,3,132.11,0,1987,0,1,2,39,4744.69
11.74,0,0.107,4,155.03,3,2009,1,1,3,17,3411.67
14.71,2,0.038,15,152.32,0,1987,0,1,2,39,4025.43
10.32,2,0.025,13,122.2,0,1987,0,1,2,39,2417.92
9.29,1,0.021,8,67.99,1,1998,2,2,1,28,1076.93
12.83,0,0.017,7,117.53,3,2009,1,1,3,17,2890.31
11.79,0,0.144,6,145.5,3,2009,1,1,3,17,3226.73
12.94,0,0.08,13,167.52,3,2009,1,1,3,17,2372.0
13.84,2,0.056,10,98.99,3,2009,1,1,3,17,2738.56
10.3,0,0.116,14,130.39,3,2009,1,1,3,17,2581.85
13.31,1,0.12,11,132.37,3,2009,1,1,3,17,3301.78
11.19,1,0.077,11,89.56,1,1998,2,2,1,28,1946.72
14.76,0,0.166,13,130.05,3,2009,1,1,3,17,3580.86
9.94,2,0.046,10,132.99,3,2009,1,1,3,17,2552.36
9.82,1,0.009,8,103.11,1,1998,2,2,1,28,1913.25
9.19,1,0.133,8,119.26,1,1998,2,2,1,28,2102.94
11.27,0,0.049,14,128.89,3,2009,1,1,3,17,2769.15
12.74,0,0.039,1,148.4,3,2009,1,1,3,17,3500.19
13.21,0,0.057,4,177.62,2,1999,1,0,0,27,4206.09
18.83,2,0.094,6,188.87,2,1999,1,0,0,27,5705.88
11.54,0,0.037,10,157.41,3,2009,1,1,3,17,3414.84
14.46,0,0.044,4,159.0,0,1987,0,1,2,39,4105.94
11.36,0,0.013,3,169.53,3,2009,1,1,3,17,3622.33
15.57,1,0.091,8,205.73,2,1999,1,0,0,27,4982.49
11.24,1,0.071,8,116.91,3,2009,1,1,3,17,2518.68
11.78,2,0.066,10,144.41,3,2009,1,1,3,17,3203.44
14.85,0,0.13,0,182.46,0,1987,0,1,2,39,4675.62
16.7,0,0.027,0,195.8,2,1999,1,0,0,27,5364.97
16.54,2,0.013,13,220.37,2,1999,1,0,0,27,5833.35
11.99,2,0.091,6,163.82,3,2009,1,1,3,17,3647.44
16.34,0,0.035,0,160.16,0,1987,0,1,2,39,4556.14
11.93,1,0.177,8,143.47,3,2009,1,1,3,17,3216.17
18.25,0,0.041,1,161.68,2,1999,1,0,0,27,5018.14
11.81,0,0.049,13,91.15,1,1998,2,2,1,28,2118.65
9.2,0,0.054,4,84.21,1,1998,2,2,1,28,1387.57
15.93,0,0.041,5,149.16,2,1999,1,0,0,27,4237.1
14.35,0,0.018,10,129.25,3,2009,1,1,3,17,3473.57
9.54,2,0.079,14,117.68,0,1987,0,1,2,39,3127.75
8.7,2,0.028,6,111.26,1,1998,2,2,1,28,1827.76
13.15,2,0.012,13,167.99,3,2009,1,1,3,17,3993.49
14.03,1,0.22,9,161.49,0,1987,0,1,2,39,4060.68
12.9,0,0.078,10,138.44,3,2009,1,1,3,17,3333.76
14.69,2,0.038,6,188.15,0,1987,0,1,2,39,4754.43
10.98,2,0.048,0,156.24,3,2009,1,1,3,17,3264.52
14.65,0,0.019,13,202.02,2,1999,1,0,0,27,5029.12
10.01,1,0.08,9,143.18,3,2009,1,1,3,17,2777.61
8.53,1,0.089,8,132.08,1,1998,2,2,1,28,2216.56
10.94,0,0.051,5,133.62,3,2009,1,1,3,17,2792.7
13.27,2,0.061,5,142.68,3,2009,1,1,3,17,3502.67
14.35,0,0.036,0,214.45,2,1999,1,0,0,27,5215.85
15.05,0,0.057,3,113.28,3,2009,1,1,3,17,3303.92
18.04,1,0.054,11,223.08,2,1999,1,0,0,27,6227.39
11.77,2,0.068,3,140.05,3,2009,1,1,3,17,3111.23
14.59,1,0.062,9,155.01,0,1987,0,1,2,39,4053.52
12.44,0,0.05,4,115.78,3,2009,1,1,3,17,3261.44
14.75,0,0.053,6,166.92,2,1999,1,0,0,27,4333.3
10.71,0,0.023,13,136.46,3,2009,1,1,3,17,2797.99
11.34,0,0.07,10,105.65,0,1987,0,1,2,39,2309.55
11.16,0,0.052,6,151.76,3,2009,1,1,3,17,3212.28
13.63,0,0.012,6,163.98,0,1987,0,1,2,39,4020.88
9.83,0,0.045,10,126.07,0,1987,0,1,2,39,2385.45
10.49,0,0.097,1,112.91,1,1998,2,2,1,28,830.76
9.56,1,0.098,9,94.4,1,1998,2,2,1,28,1677.42
11.04,0,0.019,3,99.51,1,1998,2,2,1,28,2116.79
10.4,0,0.064,6,129.37,3,2009,1,1,3,17,2583.48
13.2,1,0.028,8,141.04,3,2009,1,1,3,17,3455.06
10.72,2,0.129,4,106.39,1,1998,2,2,1,28,2185.42
13.34,0,0.155,5,138.51,3,2009,1,1,3,17,3434.7
13.3,2,0.009,6,158.76,3,2009,1,1,3,17,3839.6
9.79,0,0.006,6,161.0,3,2009,1,1,3,17,3093.08
12.98,1,0.007,8,194.72,0,1987,0,1,2,39,4805.01
16.23,0,0.009,13,181.37,2,1999,1,0,0,27,4965.15
10.71,1,0.01,9,141.84,3,2009,1,1,3,17,2908.17
13.48,0,0.056,13,136.01,3,2009,1,1,3,17,3413.63
13.92,2,0.054,3,181.48,2,1999,1,0,0,27,4443.6
15.42,0,0.205,4,166.32,2,1999,1,0,0,27,4473.53
9.99,0,0.042,14,171.44,3,2009,1,1,3,17,3938.84
11.56,1,0.048,9,188.35,0,1987,0,1,2,39,4050.75
8.25,0,0.01,10,151.69,3,2009,1,1,3,17,2553.99
13.23,0,0.021,5,107.87,3,2009,1,1,3,17,2783.36
12.58,0,0.059,4,146.51,3,2009,1,1,3,17,3427.25
11.57,0,0.08,6,172.28,3,2009,1,1,3,17,3725.34
13.65,2,0.151,5,142.14,3,2009,1,1,3,17,3579.45
13.94,1,0.04,8,145.02,3,2009,1,1,3,17,3703.09
13.01,1,0.082,9,163.52,3,2009,1,1,3,17,3871.49
10.52,1,0.081,9,152.17,3,2009,1,1,3,17,3077.06
11.18,1,0.04,8,162.28,3,2009,1,1,3,17,3431.89
13.28,2,0.115,10,184.11,2,1999,1,0,0,27,4354.46
12.9,0,0.097,6,162.02,3,2009,1,1,3,17,3815.72
17.37,1,0.112,8,193.46,2,1999,1,0,0,27,5468.6
18.0,0,0.118,6,179.6,2,1999,1,0,0,27,5328.78
11.87,0,0.037,10,169.4,3,2009,1,1,3,17,3732.96
9.35,0,0.049,3,102.96,1,1998,2,2,1,28,1804.36
13.37,2,0.164,0,143.37,3,2009,1,1,3,17,3541.2
13.05,0,0.044,5,164.91,3,2009,1,1,3,17,3908.56
12.95,0,0.089,3,153.25,3,2009,1,1,3,17,3648.2
12.11,0,0.091,6,170.34,3,2009,1,1,3,17,3808.09
10.7,2,0.036,10,149.61,3,2009,1,1,3,17,3064.64
13.22,0,0.164,13,123.76,3,2009,1,1,3,17,3105.09
10.72,0,0.052,14,161.86,3,2009,1,1,3,17,3318.82
15.37,0,0.033,10,134.74,3,2009,1,1,3,17,3816.49
13.03,0,0.151,1,129.73,3,2009,1,1,3,17,3183.78
13.24,1,0.074,9,142.7,3,2009,1,1,3,17,3496.38
14.11,0,0.129,14,183.29,0,1987,0,1,2,39,4525.07
12.35,0,0.093,0,158.43,3,2009,1,1,3,17,3618.78
15.0,0,0.081,14,175.22,0,1987,0,1,2,39,4561.51
10.72,0,0.163,14,150.44,3,2009,1,1,3,17,3085.1
14.72,2,0.033,13,183.18,0,1987,0,1,2,39,4659.17
13.54,2,0.025,10,149.17,3,2009,1,1,3,17,3268.01
15.62,0,0.038,15,125.82,3,2009,1,1,3,17,3690.95
12.45,2,0.025,6,166.5,3,2009,1,1,3,17,3805.5
10.59,0,0.126,3,165.05,3,2009,1,1,3,17,3356.57
10.23,1,0.012,9,128.13,3,2009,1,1,3,17,2517.99
13.11,0,0.035,4,152.92,3,2009,1,1,3,17,3676.04
12.73,0,0.028,10,166.77,3,2009,1,1,3,17,3873.6
12.78,0,0.128,13,171.78,3,2009,1,1,3,17,3988.7
12.89,0,0.154,0,120.58,3,2009,1,1,3,17,2965.95
11.43,2,0.146,3,113.97,0,1987,0,1,2,39,2499.77
10.56,0,0.184,5,159.22,3,2009,1,1,3,17,3229.35
10.54,1,0.138,8,111.69,1,1998,2,2,1,28,2252.34
11.49,0,0.119,6,141.28,3,2009,1,1,3,17,3072.79
11.96,2,0.05,13,147.06,3,2009,1,1,3,17,3297.14
10.6,0,0.053,6,141.22,3,2009,1,1,3,17,2869.75
10.49,2,0.074,10,122.71,0,1987,0,1,2,39,2467.09
16.92,2,0.041,13,178.04,2,1999,1,0,0,27,5052.47
14.09,2,0.015,6,121.85,3,2009,1,1,3,17,3263.25
13.18,0,0.119,0,145.25,3,2009,1,1,3,17,3535.35
13.53,0,0.086,13,160.32,3,2009,1,1,3,17,3923.94
16.72,0,0.101,4,217.12,2,1999,1,0,0,27,5806.41
9.06,0,0.077,10,110.33,1,1998,2,2,1,28,1891.49
13.73,2,0.065,13,146.79,3,2009,1,1,3,17,3692.06
11.43,0,0.004,6,163.28,3,2009,1,1,3,17,3509.33
18.27,2,0.016,12,175.18,2,1999,1,0,0,27,5297.86
12.33,0,0.053,6,86.72,1,1998,2,2,1,28,2146.46
9.7,0,0.098,4,153.88,3,2009,1,1,3,17,2925.31
10.64,1,0.117,8,116.07,0,1987,0,1,2,39,2364.68
9.61,0,0.011,13,134.49,3,2009,1,1,3,17,2508.55
10.47,0,0.16,14,93.51,2,1999,1,0,0,27,5233.53
10.79,0,0.069,6,164.78,3,2009,1,1,3,17,3394.44
14.5,0,0.062,10,180.97,0,1987,0,1,2,39,4566.21
12.2,0,0.04,13,101.93,0,1987,0,1,2,39,2427.22
13.42,1,0.056,9,192.68,1,1998,2,2,1,28,661.87
12.67,0,0.02,5,118.19,3,2009,1,1,3,17,2866.27
13.46,0,0.065,6,162.02,3,2009,1,1,3,17,3942.04
15.63,2,0.274,4,136.93,3,2009,1,1,3,17,3920.1
11.24,0,0.069,13,145.89,3,2009,1,1,3,17,3111.38
14.7,0,0.031,0,141.36,3,2009,1,1,3,17,3799.64
17.66,0,0.101,6,169.26,2,1999,1,0,0,27,5039.34
12.89,2,0.072,2,120.8,3,2009,1,1,3,17,2970.45
11.68,2,0.044,0,141.82,3,2009,1,1,3,17,3126.36
12.17,0,0.185,6,186.71,0,1987,0,1,2,39,4155.55
12.38,0,0.039,5,153.26,3,2009,1,1,3,17,3518.75
14.46,0,0.114,3,129.24,3,2009,1,1,3,17,3497.39
13.46,0,0.028,5,217.36,2,1999,1,0,0,27,5075.08
9.9,0,0.082,5,177.78,3,2009,1,1,3,17,3459.14
18.82,0,0.052,3,199.25,2,1999,1,0,0,27,5915.81
12.75,0,0.093,14,116.25,3,2009,1,1,3,17,2845.42
12.57,0,0.063,13,162.13,3,2009,1,1,3,17,3743.8
9.52,0,0.113,0,85.56,1,1998,2,2,1,28,1486.47
11.69,0,0.047,4,133.27,3,2009,1,1,3,17,2955.11
12.78,0,0.121,14,120.0,3,2009,1,1,3,17,2927.84
17.42,0,0.027,0,143.85,1,1998,2,2,1,28,1901.04
9.89,0,0.104,4,113.13,1,1998,2,2,1,28,2135.44
13.52,1,0.026,9,112.97,3,2009,1,1,3,17,2951.23
11.88,0,0.188,13,160.57,3,2009,1,1,3,17,3555.41
12.25,0,0.073,6,152.91,3,2009,1,1,3,17,3483.24
9.66,0,0.108,6,177.44,3,2009,1,1,3,17,3399.78
9.45,0,0.095,13,116.59,1,1998,2,2,1,28,2106.06
13.29,1,0.055,9,192.75,0,1987,0,1,2,39,4532.72
9.6,2,0.042,6,123.66,1,1998,2,2,1,28,2284.46
10.52,0,0.035,3,123.52,0,1987,0,1,2,39,2489.37
12.76,2,0.016,0,168.41,3,2009,1,1,3,17,3915.18
13.84,2,0.104,6,168.07,0,1987,0,1,2,39,4152.87
11.54,0,0.016,5,126.03,3,2009,1,1,3,17,2771.45
14.84,0,0.102,2,146.12,3,2009,1,1,3,17,3929.7
11.18,1,0.096,8,127.62,3,2009,1,1,3,17,2722.95
16.09,2,0.058,13,229.63,2,1999,1,0,0,27,5919.69
13.31,0,0.14,14,165.0,3,2009,1,1,3,17,3969.56
15.49,0,0.149,6,166.24,2,1999,1,0,0,27,4488.65
9.67,0,0.064,0,133.88,3,2009,1,1,3,17,2511.14
15.69,2,0.007,0,189.9,2,1999,1,0,0,27,5017.82
13.69,1,0.06,11,138.98,3,2009,1,1,3,17,3522.61
12.84,2,0.103,1,177.55,0,1987,0,1,2,39,4120.1
16.38,0,0.058,6,177.66,2,1999,1,0,0,27,4922.69
11.49,2,0.039,5,107.78,0,1987,0,1,2,39,2387.13
14.05,1,0.03,8,170.52,2,1999,1,0,0,27,4250.81
13.92,2,0.086,5,162.85,0,1987,0,1,2,39,4062.97
16.21,2,0.041,6,189.13,2,1999,1,0,0,27,5117.65
17.03,0,0.034,0,212.33,2,1999,1,0,0,27,5777.8
12.2,0,0.051,5,131.34,3,2009,1,1,3,17,3029.69
20.35,0,0.022,13,156.56,2,1999,1,0,0,27,5387.26
16.62,2,0.017,4,179.67,2,1999,1,0,0,27,5018.4
13.75,0,0.023,4,161.12,3,2009,1,1,3,17,3989.94
15.92,2,0.055,4,182.36,2,1999,1,0,0,27,4913.69
16.74,0,0.1,13,203.67,2,1999,1,0,0,27,5535.46
17.0,2,0.183,6,140.25,2,1999,1,0,0,27,4297.32
14.66,0,0.093,13,122.03,3,2009,1,1,3,17,3395.33
15.38,2,0.145,4,168.12,0,1987,0,1,2,39,2342.5
11.09,0,0.123,13,80.12,1,1998,2,2,1,28,1730.86
12.64,0,0.145,0,167.38,3,2009,1,1,3,17,3867.12
13.48,0,0.03,10,202.54,0,1987,0,1,2,39,4775.56
12.29,2,0.093,14,143.37,3,2009,1,1,3,17,3295.36
15.14,0,0.094,10,162.51,2,1999,1,0,0,27,4332.57
9.87,0,0.03,13,89.57,1,1998,2,2,1,28,1648.78
6.77,0,0.032,10,75.21,1,1998,2,2,1,28,654.52
17.02,2,0.068,13,154.38,0,1987,0,1,2,39,4591.37
11.63,0,0.027,13,136.45,3,2009,1,1,3,17,3005.81
11.26,1,0.074,9,151.55,3,2009,1,1,3,17,3230.05
12.42,0,0.081,14,142.88,3,2009,1,1,3,17,3316.42
10.64,1,0.097,9,130.78,3,2009,1,1,3,17,2665.97
13.54,0,0.113,6,221.75,2,1999,1,0,0,27,5181.65
14.5,2,0.026,14,146.7,3,2009,1,1,3,17,3864.66
12.98,2,0.043,2,137.31,3,2009,1,1,3,17,3328.49
12.29,1,0.141,9,154.65,3,2009,1,1,3,17,3526.52
11.12,1,0.071,9,173.06,3,2009,1,1,3,17,3639.43
13.01,1,0.034,8,188.6,2,1999,1,0,0,27,4384.31
13.15,0,0.033,0,140.79,3,2009,1,1,3,17,3438.7
11.17,0,0.076,3,103.84,1,1998,2,2,1,28,2235.31
14.35,0,0.027,0,135.3,3,2009,1,1,3,17,3596.02
11.15,0,0.116,6,140.71,3,2009,1,1,3,17,2985.32
10.1,0,0.07,6,131.73,3,2009,1,1,3,17,2563.13
12.93,0,0.026,6,144.85,3,2009,1,1,3,17,3472.09
7.24,1,0.058,8,61.15,1,1998,2,2,1,28,472.43
15.92,0,0.014,13,164.27,0,1987,0,1,2,39,4543.83
13.22,1,0.022,9,124.22,3,2009,1,1,3,17,3115.36
13.94,1,0.03,9,95.32,3,2009,1,1,3,17,2686.2
12.02,0,0.049,6,149.09,3,2009,1,1,3,17,3352.57
8.85,2,0.034,13,104.51,1,1998,2,2,1,28,1722.9
6.82,0,0.063,3,112.74,1,1998,2,2,1,28,1434.51
8.99,1,0.066,8,83.37,1,1998,2,2,1,28,1323.01
11.93,0,0.105,6,178.76,3,2009,1,1,3,17,3940.15
12.34,0,0.129,14,177.42,0,1987,0,1,2,39,4004.24
9.76,0,0.014,14,135.3,3,2009,1,1,3,17,2559.69
11.44,0,0.088,5,121.42,3,2009,1,1,3,17,2655.65
11.34,0,0.021,13,143.88,3,2009,1,1,3,17,3091.14
10.69,0,0.033,4,152.95,3,2009,1,1,3,17,3130.17
17.45,2,0.036,13,156.65,2,1999,1,0,0,27,4733.69
10.37,2,0.112,10,118.19,0,1987,0,1,2,39,2347.68
12.02,2,0.013,14,201.24,2,1999,1,0,0,27,4419.17
16.63,2,0.041,5,177.57,2,1999,1,0,0,27,4977.29
10.97,0,0.156,6,175.71,3,2009,1,1,3,17,3660.82
8.88,2,0.021,3,156.71,3,2009,1,1,3,17,2797.91
15.78,2,0.291,10,150.61,2,1999,1,0,0,27,4232.23
15.26,0,0.079,13,146.43,0,1987,0,1,2,39,4029.7
11.69,0,0.053,0,158.94,1,1998,2,2,1,28,1386.78
11.28,2,0.026,2,116.28,3,2009,1,1,3,17,2514.34
8.23,0,0.111,3,150.56,3,2009,1,1,3,17,2526.52
15.89,0,0.076,5,201.66,2,1999,1,0,0,27,5123.21
17.06,0,0.1,13,201.66,0,1987,0,1,2,39,2806.69
15.33,1,0.04,8,154.47,2,1999,1,0,0,27,4209.71
11.04,2,0.033,4,119.75,3,2009,1,1,3,17,2530.74
8.9,2,0.02,6,108.29,1,1998,2,2,1,28,1811.88
9.19,0,0.023,6,101.21,1,1998,2,2,1,28,1734.26
10.25,2,0.133,6,129.67,3,2009,1,1,3,17,2554.47
14.14,2,0.126,10,182.81,0,1987,0,1,2,39,4521.29
14.09,0,0.08,0,137.91,3,2009,1,1,3,17,3590.81
13.17,0,0.075,6,185.03,2,1999,1,0,0,27,4347.91
12.35,0,0.017,6,120.43,3,2009,1,1,3,17,2840.28
12.61,0,0.052,6,142.08,3,2009,1,1,3,17,3342.2
13.01,0,0.023,13,181.93,2,1999,1,0,0,27,4247.64
14.58,2,0.04,15,152.5,0,1987,0,1,2,39,4001.26
11.2,0,0.057,13,164.77,3,2009,1,1,3,17,3486.95
11.64,0,0.096,5,162.23,3,2009,1,1,3,17,3536.31
12.49,2,0.01,6,144.1,3,2009,1,1,3,17,3356.05
6.78,0,0.11,4,125.21,1,1998,2,2,1,28,1679.7
12.4,0,0.043,1,117.52,3,2009,1,1,3,17,2792.75
12.92,2,0.028,6,165.72,3,2009,1,1,3,17,3897.1
13.94,0,0.041,5,98.97,3,2009,1,1,3,17,3560.26
15.62,0,0.036,5,168.9,0,1987,0,1,2,39,4570.3
11.05,0,0.112,14,120.27,3,2009,1,1,3,17,2543.44
13.84,0,0.012,0,100.79,3,2009,1,1,3,17,2775.61
17.43,2,0.064,6,213.19,2,1999,1,0,0,27,5886.75
10.48,0,0.006,5,131.54,3,2009,1,1,3,17,2644.68
12.22,0,0.02,7,135.23,3,2009,1,1,3,17,3113.2
11.8,1,0.072,9,108.98,0,1987,0,1,2,39,3306.59
13.02,0,0.054,13,153.36,3,2009,1,1,3,17,3315.66
12.21,2,0.019,4,176.25,3,2009,1,1,3,17,3951.99
12.73,2,0.044,6,241.21,2,1999,1,0,0,27,5398.61
12.26,0,0.046,0,96.74,0,1987,0,1,2,39,2334.68
13.2,0,0.161,3,145.47,3,2009,1,1,3,17,3544.73
12.09,2,0.077,4,168.17,3,2009,1,1,3,17,3758.19
11.34,0,0.094,0,147.74,3,2009,1,1,3,17,1737.15
11.42,1,0.018,9,147.95,3,2009,1,1,3,17,3194.42
12.27,0,0.071,6,149.58,2,1999,1,0,0,27,5543.03
9.39,0,0.025,3,99.3,1,1998,2,2,1,28,1738.91
8.56,0,0.035,6,76.33,1,1998,2,2,1,28,1082.17
12.87,2,0.091,0,115.2,1,1998,2,2,1,28,875.43
13.6,0,0.035,2,158.01,3,2009,1,1,3,17,3892.16
13.07,0,0.118,4,172.25,0,1987,0,1,2,39,4063.59
7.7,0,0.113,3,126.23,0,1987,0,1,2,39,3850.99
15.05,0,0.1,3,229.89,2,1999,1,0,0,27,5690.53
10.06,0,0.01,6,67.3,1,1998,2,2,1,28,1236.25
12.63,0,0.161,2,191.98,2,1999,1,0,0,27,4367.56
12.61,2,0.045,13,154.08,3,2009,1,1,3,17,3588.42
11.43,0,0.071,7,131.75,3,2009,1,1,3,17,2864.63
15.75,2,0.047,3,192.84,2,1999,1,0,0,27,5091.0
13.61,2,0.056,6,135.29,3,2009,1,1,3,17,3430.23
13.48,0,0.097,13,122.58,3,2009,1,1,3,17,3139.87
15.26,1,0.026,8,184.76,0,1987,0,1,2,39,4813.81
11.58,0,0.025,6,125.72,3,2009,1,1,3,17,2774.19
13.29,0,0.086,3,135.99,3,2009,1,1,3,17,3371.45
15.53,3,0.104,0,127.96,3,2009,1,1,3,17,3712.73
13.42,1,0.026,8,107.01,3,2009,1,1,3,17,2806.97
12.9,2,0.154,6,146.68,3,2009,1,1,3,17,3502.55
15.71,2,0.064,0,162.65,2,1999,1,0,0,27,4464.48
11.76,0,0.115,13,146.13,3,2009,1,1,3,17,3233.74
12.78,2,0.076,13,161.64,3,2009,1,1,3,17,3780.79
14.8,2,0.106,4,160.86,2,1999,1,0,0,27,4221.33
11.55,0,0.038,6,144.6,3,2009,1,1,3,17,3153.27
12.12,1,0.076,9,117.73,3,2009,1,1,3,17,2733.98
11.39,0,0.144,10,153.67,2,1999,1,0,0,27,5921.56
12.59,2,0.057,0,208.93,0,1987,0,1,2,39,4706.24
10.48,0,0.042,3,133.1,3,2009,1,1,3,17,2676.49
12.66,1,0.141,8,146.25,3,2009,1,1,3,17,3439.9
11.67,0,0.118,3,179.54,3,2009,1,1,3,17,3895.8
10.93,0,0.015,0,145.11,3,2009,1,1,3,17,3024.5
12.34,0,0.168,3,156.47,3,2009,1,1,3,17,3576.27
16.16,0,0.042,5,156.21,2,1999,1,0,0,27,4434.06
10.23,0,0.148,3,130.84,3,2009,1,1,3,17,2573.94
13.88,2,0.017,15,156.09,3,2009,1,1,3,17,3916.27
10.57,0,0.048,13,79.52,1,1998,2,2,1,28,1601.81
9.83,0,0.07,10,157.69,3,2009,1,1,3,17,3034.03
15.89,1,0.091,8,153.77,2,1999,1,0,0,27,4321.83
15.09,2,0.133,13,185.61,0,1987,0,1,2,39,4794.28
11.31,0,0.152,3,146.11,3,2009,1,1,3,17,3131.78
12.25,0,0.025,13,153.72,3,2009,1,1,3,17,3498.18
12.09,0,0.131,13,131.26,1,1998,2,2,1,28,615.8
11.5,0,0.168,5,128.0,3,2009,1,1,3,17,2802.6
14.45,1,0.016,8,159.05,0,1987,0,1,2,39,4104.45
15.18,0,0.027,6,155.91,2,1999,1,0,0,27,4206.35
12.54,0,0.077,0,135.28,3,2009,1,1,3,17,3187.17
14.84,0,0.068,0,179.73,0,1987,0,1,2,39,4617.07
7.94,0,0.014,4,101.99,1,1998,2,2,1,28,1422.41
13.49,0,0.022,14,151.62,3,2009,1,1,3,17,3735.53
13.16,0,0.086,13,139.58,3,2009,1,1,3,17,3416.23
13.48,1,0.061,8,152.22,3,2009,1,1,3,17,3746.65
13.83,0,0.018,0,146.23,3,2009,1,1,3,17,3701.84
10.46,0,0.084,6,158.78,3,2009,1,1,3,17,3197.66
15.74,0,0.166,10,157.48,2,1999,1,0,0,27,4364.62
11.0,0,0.053,3,135.31,3,2009,1,1,3,17,2839.28
12.12,2,0.024,5,153.24,3,2009,1,1,3,17,3460.62
7.93,0,0.012,6,119.38,1,1998,2,2,1,28,1819.35
7.21,1,0.035,9,147.23,1,1998,2,2,1,28,2226.9
16.68,2,0.03,5,166.75,0,1987,0,1,2,39,4767.62
11.4,1,0.049,9,124.33,3,2009,1,1,3,17,2706.05
11.5,2,0.149,5,140.08,3,2009,1,1,3,17,3050.63
15.69,0,0.116,4,203.85,2,1999,1,0,0,27,5301.86
14.61,0,0.016,4,141.97,3,2009,1,1,3,17,3792.19
11.33,2,0.026,13,110.96,0,1987,0,1,2,39,2416.29
13.35,0,0.044,6,203.4,0,1987,0,1,2,39,4763.13
14.48,0,0.128,0,171.58,2,1999,1,0,0,27,4368.41
12.87,2,0.089,6,133.63,3,2009,1,1,3,17,3227.45
11.7,2,0.007,2,98.39,1,1998,2,2,1,28,2243.79
12.11,2,0.027,7,106.65,3,2009,1,1,3,17,2503.29
14.88,0,0.031,10,160.28,2,1999,1,0,0,27,4227.4
14.1,0,0.029,13,156.16,3,2009,1,1,3,17,3967.42
9.21,0,0.113,13,138.68,3,2009,1,1,3,17,2505.31
13.61,2,0.038,6,189.27,0,1987,0,1,2,39,4534.59
15.27,0,0.015,5,178.72,1,1998,2,2,1,28,1123.57
14.91,2,0.042,10,172.32,2,1999,1,0,0,27,4480.33
7.99,2,0.016,5,135.44,1,1998,2,2,1,28,2163.22
14.79,2,0.14,0,148.09,3,2009,1,1,3,17,3958.75
11.53,0,0.14,14,176.53,3,2009,1,1,3,17,3804.15
10.63,1,0.034,8,194.38,3,2009,1,1,3,17,3964.22
16.39,0,0.072,13,175.0,2,1999,1,0,0,27,4869.43
12.53,2,0.014,2,110.43,3,2009,1,1,3,17,2676.63
11.38,1,0.093,8,185.3,3,2009,1,1,3,17,3948.29
9.21,2,0.064,5,124.82,1,1998,2,2,1,28,2220.56
6.65,0,0.068,6,116.13,1,1998,2,2,1,28,1464.46
15.29,2,0.12,3,140.61,3,2009,1,1,3,17,3918.26
14.31,2,0.083,4,165.0,1,1998,2,2,1,28,850.93
11.9,2,0.022,13,119.42,3,2009,1,1,3,17,2718.74
12.58,2,0.077,5,129.5,3,2009,1,1,3,17,3077.8
10.41,1,0.035,9,134.92,3,2009,1,1,3,17,2699.44
13.47,2,0.017,6,102.19,3,2009,1,1,3,17,2720.11
11.79,0,0.079,5,152.91,3,2009,1,1,3,17,3378.4
11.37,0,0.046,7,133.52,3,2009,1,1,3,17,2887.6
13.3,0,0.142,13,166.26,3,2009,1,1,3,17,3992.73
13.12,0,0.056,14,180.78,2,1999,1,0,0,27,4249.95
16.37,2,0.046,10,102.86,3,2009,1,1,3,17,3389.62
11.43,2,0.079,13,156.09,3,2009,1,1,3,17,3363.3
14.58,0,0.116,6,121.32,3,2009,1,1,3,17,3363.09
16.32,0,0.009,1,107.52,3,2009,1,1,3,17,3473.71
12.91,0,0.063,4,159.11,3,2009,1,1,3,17,3758.47
13.47,1,0.108,8,141.79,3,2009,1,1,3,17,3530.79
10.93,1,0.085,8,136.04,3,2009,1,1,3,17,2838.93
11.81,0,0.085,13,90.24,1,1998,2,2,1,28,2101.81
15.44,2,0.099,10,194.71,2,1999,1,0,0,27,5059.22
11.87,0,0.025,0,113.36,3,2009,1,1,3,17,2586.88
16.36,2,0.068,7,186.26,2,1999,1,0,0,27,5093.76
15.65,2,0.093,5,184.74,0,1987,0,1,2,39,4902.42
10.37,0,0.112,3,146.48,3,2009,1,1,3,17,2926.74
14.68,0,0.076,6,137.53,3,2009,1,1,3,17,3716.88
17.14,2,0.036,6,204.78,2,1999,1,0,0,27,5648.58
11.54,2,0.032,5,117.75,3,2009,1,1,3,17,2491.34
14.03,1,0.016,9,157.94,3,2009,1,1,3,17,3988.7
15.58,2,0.148,0,155.8,2,1999,1,0,0,27,4294.9
12.71,0,0.085,4,114.22,3,2009,1,1,3,17,2794.23
12.51,0,0.014,3,133.07,3,2009,1,1,3,17,3136.42
8.35,1,0.185,9,136.18,1,1998,2,2,1,28,2259.88
11.16,1,0.077,8,145.96,3,2009,1,1,3,17,3093.48
11.94,0,0.067,14,175.92,3,2009,1,1,3,17,3883.52
15.06,0,0.034,13,165.64,2,1999,1,0,0,27,4378.06
12.74,1,0.085,11,145.01,3,2009,1,1,3,17,3432.06
14.28,2,0.095,13,190.26,0,1987,0,1,2,39,4704.78
10.76,0,0.019,10,190.45,3,2009,1,1,3,17,3914.26
13.57,2,0.017,7,164.9,0,1987,0,1,2,39,4025.76
11.27,1,0.021,9,151.5,3,2009,1,1,3,17,3231.46
13.69,0,0.034,5,141.72,3,2009,1,1,3,17,3579.46
14.35,0,0.038,5,175.22,2,1999,1,0,0,27,4413.22
12.5,2,0.013,6,166.72,3,2009,1,1,3,17,3820.74
14.37,0,0.113,14,181.98,0,1987,0,1,2,39,4556.3
9.52,0,0.092,7,172.9,3,2009,1,1,3,17,3274.41
15.58,0,0.061,3,153.82,1,1998,2,2,1,28,1560.43
10.66,0,0.1,13,160.32,3,2009,1,1,3,17,3275.36
8.86,0,0.024,3,137.9,0,1987,0,1,2,39,2409.16
12.57,0,0.017,0,143.12,3,2009,1,1,3,17,3353.55
14.76,0,0.076,10,130.99,3,2009,1,1,3,17,3601.2
10.69,0,0.027,0,132.3,3,2009,1,1,3,17,2707.49
9.33,0,0.162,10,146.11,3,2009,1,1,3,17,2683.55
14.29,2,0.097,0,186.0,0,1987,0,1,2,39,4621.59
13.18,0,0.067,13,136.11,3,2009,1,1,3,17,3348.99
11.72,2,0.054,5,121.49,3,2009,1,1,3,17,2718.95
12.06,0,0.082,4,141.87,3,2009,1,1,3,17,3213.52
14.67,0,0.044,13,215.13,2,1999,1,0,0,27,5302.5
12.35,2,0.015,6,152.86,3,2009,1,1,3,17,3503.96
11.38,2,0.14,4,126.15,3,2009,1,1,3,17,2738.02
13.51,0,0.047,0,144.06,3,2009,1,1,3,17,3586.98
14.73,0,0.021,3,172.75,2,1999,1,0,0,27,4449.0
12.72,2,0.245,6,117.19,3,2009,1,1,3,17,2858.02
13.2,0,0.124,6,159.31,3,2009,1,1,3,17,3828.79
12.76,2,0.021,1,139.6,3,2009,1,1,3,17,3325.15
14.62,0,0.082,14,206.45,2,1999,1,0,0,27,5113.63
12.34,1,0.062,8,150.26,3,2009,1,1,3,17,3448.7
10.95,0,0.039,3,123.62,3,2009,1,1,3,17,2589.45
10.96,2,0.137,3,122.25,3,2009,1,1,3,17,2564.53
10.45,1,0.027,9,124.42,0,1987,0,1,2,39,2491.87
11.43,2,0.053,1,161.36,3,2009,1,1,3,17,3471.26
9.63,0,0.071,1,197.66,3,2009,1,1,3,17,3806.11
13.1,1,0.142,8,194.13,0,1987,0,1,2,39,4517.8
12.94,0,0.035,13,159.67,3,2009,1,1,3,17,3777.56
11.59,3,0.091,4,145.79,3,2009,1,1,3,17,3188.61
13.76,2,0.073,4,171.5,2,1999,1,0,0,27,4203.24
11.21,2,0.06,6,178.28,3,2009,1,1,3,17,3766.56
16.69,0,0.065,1,179.87,2,1999,1,0,0,27,5037.39
12.46,0,0.082,2,161.42,3,2009,1,1,3,17,3704.11
15.08,0,0.14,4,193.21,0,1987,0,1,2,39,4945.48
15.98,0,0.106,13,169.63,0,1987,0,1,2,39,4668.38
10.27,1,0.136,9,89.17,1,1998,2,2,1,28,1729.69
14.98,2,0.046,13,161.48,2,1999,1,0,0,27,4275.61
13.82,1,0.104,9,197.84,0,1987,0,1,2,39,4757.76
9.44,1,0.09,8,138.93,3,2009,1,1,3,17,2560.36
12.76,0,0.036,14,136.48,3,2009,1,1,3,17,3262.43
15.6,0,0.121,14,176.07,0,1987,0,1,2,39,3191.08
8.87,0,0.014,6,161.19,3,2009,1,1,3,17,2887.99
11.43,0,0.058,0,154.98,3,2009,1,1,3,17,3339.24
16.08,2,0.061,0,218.76,2,1999,1,0,0,27,5694.99
14.04,0,0.156,0,118.63,3,2009,1,1,3,17,3185.66
16.28,0,0.047,4,136.19,0,1987,0,1,2,39,4050.33
11.95,2,0.093,0,176.36,3,2009,1,1,3,17,3893.54
14.62,2,0.064,3,150.23,3,2009,1,1,3,17,3962.62
11.49,2,0.048,5,106.09,0,1987,0,1,2,39,2352.96
14.47,1,0.042,9,145.07,3,2009,1,1,3,17,3823.42
9.0,2,0.061,0,126.52,1,1998,2,2,1,28,2207.25
18.95,0,0.015,5,222.53,2,1999,1,0,0,27,6421.79
11.4,0,0.048,0,143.79,3,2009,1,1,3,17,3103.01
9.2,0,0.085,0,109.8,1,1998,2,2,1,28,1910.16
11.0,0,0.035,6,147.9,3,2009,1,1,3,17,3096.5
14.75,2,0.163,13,197.84,0,1987,0,1,2,39,4965.99
13.62,0,0.097,4,154.13,3,2009,1,1,3,17,3817.08
12.24,0,0.136,6,147.39,3,2009,1,1,3,17,3366.85
15.07,0,0.011,6,180.09,0,1987,0,1,2,39,4676.55
14.34,1,0.031,8,121.28,3,2009,1,1,3,17,5130.16
14.91,0,0.1,10,166.86,2,1999,1,0,0,27,4368.82
10.25,1,0.157,9,126.38,0,1987,0,1,2,39,2488.06
13.55,0,0.186,0,66.75,1,1998,2,2,1,28,2014.05
16.64,0,0.022,3,127.51,3,2009,1,1,3,17,3955.6
14.18,0,0.073,10,158.5,0,1987,0,1,2,39,4033.96
10.35,2,0.026,4,112.74,1,1998,2,2,1,28,2230.35
16.94,2,0.138,6,220.44,2,1999,1,0,0,27,5923.54
10.76,0,0.08,6,135.64,3,2009,1,1,3,17,2793.29
15.87,0,0.106,10,213.28,2,1999,1,0,0,27,5534.96
11.61,1,0.031,8,119.07,3,2009,1,1,3,17,2644.96
12.77,1,0.095,9,138.01,3,2009,1,1,3,17,3294.63
16.83,2,0.054,13,187.96,2,1999,1,0,0,27,5235.81
9.18,2,0.024,6,104.44,1,1998,2,2,1,28,1795.89
14.66,0,0.014,7,168.73,2,1999,1,0,0,27,4350.25
13.66,2,0.108,5,81.08,0,1987,0,1,2,39,2332.23
9.58,0,0.039,13,78.71,1,1998,2,2,1,28,1361.51
15.68,2,0.118,5,162.72,2,1999,1,0,0,27,4459.37
15.34,2,0.007,15,193.67,2,1999,1,0,0,27,5015.88
11.49,2,0.013,0,128.44,3,2009,1,1,3,17,2809.48
10.07,0,0.148,4,153.56,3,2009,1,1,3,17,3004.06
10.88,0,0.124,13,121.85,3,2009,1,1,3,17,2536.83
11.42,0,0.028,13,152.78,3,2009,1,1,3,17,3292.45
14.28,0,0.006,4,210.04,2,1999,1,0,0,27,5110.06
15.72,2,0.076,13,178.39,0,1987,0,1,2,39,4787.41
13.79,0,0.057,13,98.9,3,2009,1,1,3,17,2725.51
13.9,0,0.035,6,118.48,3,2009,1,1,3,17,3151.8
15.8,0,0.151,3,154.49,2,1999,1,0,0,27,4317.3
13.1,2,0.128,4,160.19,3,2009,1,1,3,17,3822.63
14.11,0,0.037,6,152.6,3,2009,1,1,3,17,3897.53
13.96,0,0.01,6,132.21,3,2009,1,1,3,17,3445.19
10.18,0,0.021,5,112.92,1,1998,2,2,1,28,2197.53
11.81,0,0.188,6,109.81,3,2009,1,1,3,17,2500.51
12.95,2,0.119,5,168.02,3,2009,1,1,3,17,3950.9
14.62,0,0.038,4,231.55,2,1999,1,0,0,27,5627.68
15.09,2,0.077,13,131.45,3,2009,1,1,3,17,3685.37
11.65,0,0.047,0,132.02,3,2009,1,1,3,17,2920.12
14.52,0,0.054,14,184.39,0,1987,0,1,2,39,4638.79
14.58,0,0.059,10,194.65,0,1987,0,1,2,39,4862.3
9.99,2,0.09,6,125.79,0,1987,0,1,2,39,2416.69
13.48,0,0.02,5,184.19,2,1999,1,0,0,27,4400.99
13.23,2,0.162,6,174.14,0,1987,0,1,2,39,4137.97
12.77,2,0.112,13,127.22,3,2009,1,1,3,17,3073.22
7.3,0,0.041,4,125.09,1,1998,2,2,1,28,1795.0
14.2,0,0.049,14,149.21,3,2009,1,1,3,17,3847.88
9.44,0,0.03,4,97.25,1,1998,2,2,1,28,1709.21
9.88,0,0.11,4,94.05,1,1998,2,2,1,28,1741.57
9.38,0,0.128,6,127.45,0,1987,0,1,2,39,2312.15
14.65,1,0.037,9,167.96,2,1999,1,0,0,27,4333.48
13.39,0,0.041,13,159.07,3,2009,1,1,3,17,3865.18
10.62,0,0.061,5,116.5,0,1987,0,1,2,39,2368.04
13.09,2,0.033,13,163.18,3,2009,1,1,3,17,3882.38
11.3,1,0.077,9,166.76,3,2009,1,1,3,17,3551.79
13.46,0,0.036,6,183.41,2,1999,1,0,0,27,4379.76
11.41,0,0.029,6,140.3,3,2009,1,1,3,17,3034.07
12.41,1,0.039,9,133.28,3,2009,1,1,3,17,3117.48
15.04,1,0.065,9,159.1,2,1999,1,0,0,27,4240.72
11.6,2,0.113,10,93.72,1,1998,2,2,1,28,1055.89
14.0,2,0.041,10,157.91,3,2009,1,1,3,17,3979.59
11.12,0,0.025,0,121.95,3,2009,1,1,3,17,2594.39
12.82,0,0.112,4,178.24,0,1987,0,1,2,39,4129.11
13.22,0,0.016,3,148.09,3,2009,1,1,3,17,3603.08
14.43,0,0.055,10,180.36,0,1987,0,1,2,39,4536.09
14.47,0,0.038,0,177.93,2,1999,1,0,0,27,4496.86
11.83,0,0.023,0,152.2,3,2009,1,1,3,17,3372.79
12.31,0,0.049,3,84.27,1,1998,2,2,1,28,2092.42
10.74,2,0.12,3,139.39,3,2009,1,1,3,17,2865.21
13.21,2,0.061,14,144.53,3,2009,1,1,3,17,3527.91
8.04,0,0.014,3,145.35,0,1987,0,1,2,39,2377.27
11.09,0,0.128,13,90.68,0,1987,0,1,2,39,3152.08
17.34,2,0.113,13,201.25,2,1999,1,0,0,27,5622.06
10.9,0,0.076,5,115.99,0,1987,0,1,2,39,2421.83
14.51,2,0.111,4,118.48,3,2009,1,1,3,17,3289.17
13.0,0,0.038,6,156.84,3,2009,1,1,3,17,3732.08
13.18,2,0.048,3,163.39,3,2009,1,1,3,17,3907.26
13.45,2,0.087,6,75.23,1,1998,2,2,1,28,2164.56
13.08,2,0.05,13,189.87,2,1999,1,0,0,27,4425.72
14.51,0,0.14,4,171.24,2,1999,1,0,0,27,4367.27
13.08,0,0.128,10,146.35,3,2009,1,1,3,17,4334.63
15.81,1,0.07,9,176.48,0,1987,0,1,2,39,4770.49
17.56,1,0.105,9,171.77,2,1999,1,0,0,27,5068.3
9.94,0,0.126,6,114.27,1,1998,2,2,1,28,2169.69
14.53,0,0.092,1,218.91,2,1999,1,0,0,27,5348.62
16.14,2,0.028,6,129.92,3,2009,1,1,3,17,3891.48
10.08,1,0.154,8,119.91,0,1987,0,1,2,39,2316.14
11.01,2,0.117,5,114.6,0,1987,0,1,2,39,2417.79
11.56,0,0.055,10,153.11,3,2009,1,1,3,17,3330.23
13.13,0,0.086,13,161.03,3,2009,1,1,3,17,3848.48
10.77,0,0.057,6,171.82,3,2009,1,1,3,17,3535.01
7.42,0,0.052,5,98.35,1,1998,2,2,1,28,1273.63
11.41,1,0.072,8,134.6,3,2009,1,1,3,17,2918.02
13.01,0,0.119,13,150.84,3,2009,1,1,3,17,3611.95
12.02,0,0.117,5,150.87,3,2009,1,1,3,17,3388.42
15.73,0,0.089,15,173.7,0,1987,0,1,2,39,4695.38
12.97,2,0.064,13,177.78,0,1987,0,1,2,39,4155.09
13.81,0,0.056,4,137.22,3,2009,1,1,3,17,3514.42
5.93,0,0.03,4,109.76,1,1998,2,2,1,28,1171.69
12.7,0,0.038,6,170.48,3,2009,1,1,3,17,3944.7
13.27,0,0.116,13,158.91,3,2009,1,1,3,17,3836.59
16.43,0,0.086,5,153.73,2,1999,1,0,0,27,4443.28
14.31,0,0.063,0,123.68,3,2009,1,1,3,17,3350.4
14.2,0,0.018,10,146.52,3,2009,1,1,3,17,3792.48
13.67,0,0.046,14,165.23,0,1987,0,1,2,39,4054.5
15.14,0,0.089,5,214.63,2,1999,1,0,0,27,3069.24
11.45,2,0.078,4,127.67,2,1999,1,0,0,27,6725.47
17.47,0,0.027,6,195.62,2,1999,1,0,0,27,5535.64
9.65,0,0.043,10,109.7,1,1998,2,2,1,28,2010.76
13.05,0,0.017,1,163.79,3,2009,1,1,3,17,3886.66
14.42,1,0.049,9,141.39,3,2009,1,1,3,17,3736.65
10.84,0,0.023,0,116.45,0,1987,0,1,2,39,2440.97
11.13,2,0.035,14,110.81,0,1987,0,1,2,39,2366.89
11.96,2,0.061,14,148.12,3,2009,1,1,3,17,3319.48
15.47,0,0.079,13,145.72,0,1987,0,1,2,39,4062.32
10.5,0,0.031,13,99.99,1,1998,2,2,1,28,2003.66
11.19,2,0.084,6,141.67,3,2009,1,1,3,17,3013.38
14.54,3,0.035,6,186.44,0,1987,0,1,2,39,4686.75
10.0,0,0.058,12,144.39,3,2009,1,1,3,17,2798.66
13.52,1,0.092,9,190.15,0,1987,0,1,2,39,4532.23
15.99,2,0.046,3,121.52,3,2009,1,1,3,17,3684.8
15.52,0,0.053,3,173.65,0,1987,0,1,2,39,4646.17
11.39,1,0.021,9,120.74,3,2009,1,1,3,17,2629.6
12.83,0,0.162,0,147.06,3,2009,1,1,3,17,3492.86
11.93,0,0.032,10,148.77,3,2009,1,1,3,17,3325.74
11.43,0,0.128,13,147.87,3,2009,1,1,3,17,3195.16
12.53,0,0.063,5,115.35,3,2009,1,1,3,17,2776.45
14.48,2,0.093,13,185.65,0,1987,0,1,2,39,4656.85
9.21,1,0.147,8,111.69,1,1998,2,2,1,28,1951.42
11.82,0,0.023,13,140.98,3,2009,1,1,3,17,3141.92
7.55,1,0.052,8,98.17,1,1998,2,2,1,28,1300.25
8.33,2,0.024,12,101.1,1,1998,2,2,1,28,1536.11
11.5,2,0.034,6,115.67,3,2009,1,1,3,17,2550.82
11.27,0,0.031,14,154.9,3,2009,1,1,3,17,3301.18
12.61,2,0.102,12,108.18,3,2009,1,1,3,17,2647.83
18.04,3,0.045,13,171.3,2,1999,1,0,0,27,5167.79
12.6,2,0.031,4,203.64,0,1987,0,1,2,39,4598.64
14.9,2,0.168,5,200.9,2,1999,1,0,0,27,5063.56
7.39,0,0.013,6,119.24,1,1998,2,2,1,28,1695.67
15.22,1,0.116,9,166.39,2,1999,1,0,0,27,4429.31
17.23,0,0.057,0,175.07,2,1999,1,0,0,27,5062.16
8.44,0,0.151,10,127.75,1,1998,2,2,1,28,2107.28
11.53,0,0.282,6,154.23,3,2009,1,1,3,17,3347.58
8.49,0,0.112,0,133.27,1,1998,2,2,1,28,2230.53
13.08,2,0.051,14,160.56,3,2009,1,1,3,17,3827.77
10.07,1,0.016,9,136.53,3,2009,1,1,3,17,2654.19
12.14,1,0.141,8,135.94,3,2009,1,1,3,17,3111.04
13.58,1,0.124,8,164.07,0,1987,0,1,2,39,4010.75
13.01,0,0.14,10,141.23,3,2009,1,1,3,17,3415.63
10.7,0,0.041,12,86.35,1,1998,2,2,1,28,1769.62
12.91,2,0.024,13,162.0,3,2009,1,1,3,17,3818.14
13.91,2,0.02,10,131.4,3,2009,1,1,3,17,3416.75
12.07,0,0.047,14,145.62,3,2009,1,1,3,17,3292.15
14.53,1,0.095,11,147.44,3,2009,1,1,3,17,3886.34
10.03,0,0.047,4,140.57,3,2009,1,1,3,17,2728.83
15.11,0,0.09,6,158.54,2,1999,1,0,0,27,4243.06
14.67,0,0.029,10,175.26,2,1999,1,0,0,27,4486.56
12.54,1,0.1,8,217.78,0,1987,0,1,2,39,4874.68
11.36,2,0.112,13,157.67,3,2009,1,1,3,17,3379.19
11.16,0,0.024,13,136.88,3,2009,1,1,3,17,2908.52
15.03,0,0.11,13,142.01,3,2009,1,1,3,17,3888.09
14.65,0,0.031,5,160.7,0,1987,0,1,2,39,4185.3
14.16,0,0.017,4,182.85,0,1987,0,1,2,39,4527.46
11.3,0,0.039,4,102.35,1,1998,2,2,1,28,2232.87
16.01,0,0.105,10,148.16,2,1999,1,0,0,27,4235.57
11.55,0,0.038,4,152.41,3,2009,1,1,3,17,3314.91
12.18,0,0.099,4,172.32,3,2009,1,1,3,17,3864.24
11.67,2,0.12,6,137.27,3,2009,1,1,3,17,3030.45
12.96,0,0.064,14,136.19,3,2009,1,1,3,17,3301.96
16.85,0,0.032,3,178.33,2,1999,1,0,0,27,5042.68
9.0,0,0.073,10,99.65,1,1998,2,2,1,28,1658.58
11.51,0,0.077,4,92.61,1,1998,2,2,1,28,2081.81
13.43,0,0.07,6,146.63,3,2009,1,1,3,17,3619.93
13.22,1,0.157,9,115.95,3,2009,1,1,3,17,2946.39
12.22,1,0.073,9,125.07,3,2009,1,1,3,17,2905.22
9.71,2,0.178,10,99.69,1,1998,2,2,1,28,1819.48
14.25,2,0.076,0,158.34,0,1987,0,1,2,39,4046.16
13.76,0,0.009,6,134.24,3,2009,1,1,3,17,3440.9
8.84,0,0.017,0,85.76,1,1998,2,2,1,28,1337.22
10.46,1,0.047,8,97.59,1,1998,2,2,1,28,1945.34
11.01,0,0.147,6,92.24,1,1998,2,2,1,28,1960.49
10.81,2,0.14,10,106.93,1,1998,2,2,1,28,2216.68
13.52,0,0.026,4,198.73,0,1987,0,1,2,39,4707.35
8.7,0,0.079,6,136.77,0,1987,0,1,2,39,2350.18
11.0,2,0.078,14,167.49,3,2009,1,1,3,17,3498.89
13.07,0,0.123,6,144.68,3,2009,1,1,3,17,3499.08
13.2,0,0.125,4,150.37,3,2009,1,1,3,17,3644.17
13.12,0,0.061,6,195.77,0,1987,0,1,2,39,4556.2
13.63,0,0.021,6,156.67,3,2009,1,1,3,17,3872.19
15.09,1,0.098,9,176.37,0,1987,0,1,2,39,4604.95
14.46,2,0.044,0,95.67,3,2009,1,1,3,17,2811.63
13.18,1,0.019,8,133.88,3,2009,1,1,3,17,3304.37
13.54,2,0.081,6,153.27,3,2009,1,1,3,17,3780.33
10.87,2,0.067,6,147.96,3,2009,1,1,3,17,3069.02
9.56,0,0.174,6,146.97,3,2009,1,1,3,17,2753.05
13.53,2,0.041,14,171.77,0,1987,0,1,2,39,4158.73
12.65,0,0.098,14,150.6,3,2009,1,1,3,17,3525.06
13.73,0,0.027,6,157.0,3,2009,1,1,3,17,2842.69
15.17,2,0.019,14,154.26,0,1987,0,1,2,39,4170.95
13.86,0,0.168,13,181.28,2,1999,1,0,0,27,4426.73
9.83,1,0.105,8,118.26,1,1998,2,2,1,28,2227.41
12.31,0,0.012,5,137.8,3,2009,1,1,3,17,3188.01
12.05,0,0.037,0,181.65,0,1987,0,1,2,39,4025.49
13.26,1,0.01,8,180.65,2,1999,1,0,0,27,4277.59
17.18,0,0.026,6,217.07,2,1999,1,0,0,27,5908.59
13.22,0,0.027,13,150.63,3,2009,1,1,3,17,3656.14
14.44,0,0.012,14,151.93,3,2009,1,1,3,17,3958.2
13.42,2,0.178,0,169.58,0,1987,0,1,2,39,4088.08
13.79,0,0.025,0,116.44,3,2009,1,1,3,17,3085.43
15.45,0,0.038,1,191.67,2,1999,1,0,0,27,4999.38
9.74,0,0.07,0,143.67,3,2009,1,1,3,17,2725.35
13.64,2,0.016,4,155.99,3,2009,1,1,3,17,3859.26
13.19,2,0.062,10,160.97,3,2009,1,1,3,17,3859.03
12.18,1,0.15,9,147.22,3,2009,1,1,3,17,3778.82
14.04,2,0.142,6,144.73,3,2009,1,1,3,17,3719.09
12.07,0,0.077,10,131.58,3,2009,1,1,3,17,3004.57
7.14,1,0.034,8,82.6,1,1998,2,2,1,28,889.12
14.28,1,0.052,8,141.72,3,2009,1,1,3,17,3713.11
11.13,0,0.052,4,135.49,3,2009,1,1,3,17,2872.85
14.48,0,0.173,14,172.2,2,1999,1,0,0,27,4381.85
12.5,1,0.02,11,129.71,3,2009,1,1,3,17,3064.6
12.22,2,0.156,5,145.79,3,2009,1,1,3,17,3330.96
14.64,0,0.093,3,179.36,2,1999,1,0,0,27,6410.07
10.58,0,0.04,13,121.29,0,1987,0,1,2,39,2457.01
10.3,2,0.089,15,118.94,0,1987,0,1,2,39,2345.7
10.42,0,0.039,6,132.7,3,2009,1,1,3,17,2655.46
14.27,0,0.123,0,164.77,0,1987,0,1,2,39,4181.46
12.83,0,0.095,3,159.77,3,2009,1,1,3,17,3753.24
14.14,0,0.021,10,218.27,2,1999,1,0,0,27,5246.75
16.36,2,0.103,5,142.17,0,1987,0,1,2,39,4190.49
14.73,1,0.173,8,136.46,3,2009,1,1,3,17,3705.29
13.99,0,0.033,6,140.84,3,2009,1,1,3,17,3629.19
12.77,1,0.083,8,175.12,0,1987,0,1,2,39,4053.74
11.84,0,0.081,3,160.24,3,2009,1,1,3,17,3539.38
7.15,2,0.049,6,90.89,1,1998,2,2,1,28,1060.4
12.39,0,0.076,5,184.01,0,1987,0,1,2,39,4151.41
12.71,1,0.093,9,150.64,3,2009,1,1,3,17,3539.77
10.88,1,0.095,9,111.96,0,1987,0,1,2,39,2335.9
12.09,0,0.129,14,161.54,3,2009,1,1,3,17,3622.97
11.68,0,0.125,5,111.67,3,2009,1,1,3,17,2510.79
11.54,0,0.08,13,137.17,3,2009,1,1,3,17,3000.06
10.78,1,0.118,9,100.72,1,1998,2,2,1,28,2082.07
14.46,0,0.086,5,180.33,0,1987,0,1,2,39,4542.0
11.82,0,0.061,10,113.32,3,2009,1,1,3,17,2574.25
13.01,0,0.121,13,166.37,3,2009,1,1,3,17,3930.17
12.58,0,0.023,0,114.69,3,2009,1,1,3,17,2774.86
11.25,2,0.041,6,153.72,3,2009,1,1,3,17,3272.71
17.79,0,0.049,4,164.33,2,1999,1,0,0,27,4967.28
10.72,0,0.045,4,130.79,1,1998,2,2,1,28,1276.0
15.81,0,0.073,0,169.81,0,1987,0,1,2,39,4633.08
13.61,0,0.036,13,136.92,3,2009,1,1,3,17,3462.97
15.18,0,0.104,4,154.63,0,1987,0,1,2,39,4180.54
12.27,2,0.066,6,127.65,3,2009,1,1,3,17,2970.76
11.35,0,0.071,5,174.11,3,2009,1,1,3,17,3712.26
16.39,0,0.078,0,183.04,2,1999,1,0,0,27,5035.81
12.31,3,0.067,5,172.49,3,2009,1,1,3,17,3897.33
12.29,0,0.109,5,127.14,3,2009,1,1,3,17,2965.09
11.76,0,0.151,1,116.27,3,2009,1,1,3,17,2622.06
11.28,2,0.03,5,149.32,1,1998,2,2,1,28,680.56
9.4,1,0.011,9,141.15,3,2009,1,1,3,17,2598.06
11.76,0,0.172,10,156.41,3,2009,1,1,3,17,3443.71
17.11,2,0.049,14,176.42,2,1999,1,0,0,27,5062.32
10.77,0,0.119,6,118.0,1,1998,2,2,1,28,1197.03
11.22,0,0.027,10,144.32,3,2009,1,1,3,17,3075.12
8.29,0,0.144,14,130.89,1,1998,2,2,1,28,2137.39
11.72,0,0.023,4,169.4,3,2009,1,1,3,17,3984.14
17.35,0,0.191,2,188.77,2,1999,1,0,0,27,5368.58
12.16,0,0.152,4,148.14,3,2009,1,1,3,17,3365.46
14.17,1,0.045,8,180.95,2,1999,1,0,0,27,4490.96
8.24,0,0.066,10,64.4,1,1998,2,2,1,28,765.92
13.43,0,0.016,14,122.96,3,2009,1,1,3,17,3135.81
14.73,0,0.057,0,165.92,0,1987,0,1,2,39,3401.4
10.05,2,0.115,4,113.76,1,1998,2,2,1,28,2184.7
16.05,0,0.066,13,183.0,2,1999,1,0,0,27,4957.75
14.22,0,0.031,6,151.84,3,2009,1,1,3,17,3905.51
10.69,2,0.054,4,132.9,3,2009,1,1,3,17,2720.99
15.36,0,0.092,6,194.09,2,1999,1,0,0,27,5028.01
11.87,0,0.113,10,180.96,3,2009,1,1,3,17,3969.51
13.58,2,0.004,3,182.35,2,1999,1,0,0,27,5355.72
10.24,0,0.077,4,123.65,0,1987,0,1,2,39,2428.58
13.23,0,0.031,6,157.0,3,2009,1,1,3,17,3787.32
14.7,0,0.047,14,131.68,3,2009,1,1,3,17,3601.51
10.99,0,0.015,4,135.33,3,2009,1,1,3,17,2838.7
12.7,0,0.027,14,164.9,3,2009,1,1,3,17,3828.96
8.4,2,0.036,4,90.7,1,1998,2,2,1,28,1339.07
13.31,0,0.012,10,193.19,0,1987,0,1,2,39,4545.39
13.15,2,0.056,10,134.82,3,2009,1,1,3,17,3316.22
12.01,0,0.167,4,157.32,3,2009,1,1,3,17,3518.75
10.96,0,0.056,13,112.35,0,1987,0,1,2,39,2360.33
13.16,2,0.1,3,166.38,3,2009,1,1,3,17,3964.74
14.24,0,0.157,6,133.74,3,2009,1,1,3,17,1599.19
12.13,2,0.073,4,136.15,3,2009,1,1,3,17,3112.24
15.2,0,0.012,10,179.74,0,1987,0,1,2,39,4697.54
13.89,1,0.123,9,124.96,3,2009,1,1,3,17,2805.93
14.84,0,0.069,0,171.47,2,1999,1,0,0,27,4447.81
14.54,0,0.1,10,176.71,2,1999,1,0,0,27,4487.34
13.48,2,0.092,13,107.02,3,2009,1,1,3,17,2822.62
14.32,2,0.03,5,194.4,0,1987,0,1,2,39,4798.7
13.73,1,0.015,8,100.56,3,2009,1,1,3,17,2746.16
13.76,0,0.035,3,156.96,3,2009,1,1,3,17,3905.75
13.02,0,0.014,6,119.87,3,2009,1,1,3,17,2981.44
10.02,0,0.058,15,121.03,0,1987,0,1,2,39,2325.81
13.04,1,0.025,9,200.01,0,1987,0,1,2,39,3042.18
14.68,0,0.037,0,176.06,0,1987,0,1,2,39,4505.08
11.68,0,0.03,0,172.02,3,2009,1,1,3,17,3745.23
14.38,0,0.046,6,152.93,3,2009,1,1,3,17,3963.58
13.01,0,0.116,4,145.12,3,2009,1,1,3,17,3495.57
11.38,0,0.013,12,128.73,3,2009,1,1,3,17,2790.57
8.96,1,0.01,9,137.06,0,1987,0,1,2,39,2413.95
13.48,1,0.142,8,153.36,3,2009,1,1,3,17,3768.73
13.36,0,0.053,0,122.97,3,2009,1,1,3,17,3119.98
11.15,0,0.038,15,155.99,3,2009,1,1,3,17,3297.95
13.22,0,0.108,4,161.92,3,2009,1,1,3,17,3885.99
12.92,2,0.064,13,147.15,3,2009,1,1,3,17,3515.89
9.92,0,0.031,13,107.68,1,1998,2,2,1,28,2031.4
10.47,0,0.125,14,139.07,3,2009,1,1,3,17,2797.75
16.24,0,0.018,0,128.41,3,2009,1,1,3,17,3882.17
13.06,0,0.052,0,142.59,3,2009,1,1,3,17,3455.11
11.12,2,0.066,14,181.96,3,2009,1,1,3,17,3821.81
7.67,0,0.05,3,100.18,1,1998,2,2,1,28,1369.23
14.72,0,0.046,4,161.55,2,1999,1,0,0,27,4217.91
12.11,0,0.129,14,153.05,3,2009,1,1,3,17,3453.86
12.39,0,0.014,0,149.52,3,2009,1,1,3,17,3444.58
14.72,0,0.168,14,142.38,3,2009,1,1,3,17,3826.41
13.11,0,0.088,3,133.18,3,2009,1,1,3,17,3272.94
14.24,2,0.159,14,152.65,3,2009,1,1,3,17,3927.5
11.03,2,0.098,3,142.58,3,2009,1,1,3,17,2994.34
13.87,0,0.038,14,143.86,3,2009,1,1,3,17,3662.72
16.13,1,0.023,9,189.18,2,1999,1,0,0,27,5100.69
8.61,2,0.046,5,132.15,1,1998,2,2,1,28,2234.91
14.12,0,0.129,0,160.41,0,1987,0,1,2,39,4058.56
14.99,1,0.058,9,161.5,2,1999,1,0,0,27,4276.78
9.66,1,0.177,9,86.2,1,1998,2,2,1,28,1531.37
10.92,0,0.12,13,149.64,3,2009,1,1,3,17,3114.73
12.13,0,0.023,4,159.75,3,2009,1,1,3,17,3595.73
15.89,0,0.171,14,168.67,0,1987,0,1,2,39,4627.99
12.76,1,0.038,8,150.68,3,2009,1,1,3,17,3552.8
11.01,1,0.007,9,150.01,3,2009,1,1,3,17,3143.02
17.24,0,0.069,14,224.3,2,1999,1,0,0,27,6071.0
9.92,1,0.035,9,164.32,3,2009,1,1,3,17,3189.4
15.26,0,0.035,4,162.84,2,1999,1,0,0,27,4366.04
14.22,0,0.038,4,136.71,3,2009,1,1,3,17,3596.68
13.85,0,0.047,4,169.13,0,1987,0,1,2,39,4175.9
14.14,0,0.058,14,153.07,3,2009,1,1,3,17,3913.96
15.61,1,0.057,9,187.24,2,1999,1,0,0,27,4944.29
11.42,2,0.16,6,160.7,3,2009,1,1,3,17,3454.88
13.93,2,0.006,13,155.02,3,2009,1,1,3,17,4646.23
14.34,0,0.16,6,162.53,2,1999,1,0,0,27,6111.13
14.28,1,0.184,8,177.12,2,1999,1,0,0,27,4316.05
13.87,2,0.109,3,110.88,3,2009,1,1,3,17,2988.39
15.03,0,0.089,3,148.1,0,1987,0,1,2,39,4011.61
9.66,1,0.062,8,178.03,3,2009,1,1,3,17,3412.0
11.32,0,0.071,6,149.64,3,2009,1,1,3,17,3205.35
13.24,0,0.054,0,123.06,3,2009,1,1,3,17,3096.53
14.14,0,0.099,3,134.82,1,1998,2,2,1,28,1485.84
19.5,0,0.083,3,213.11,2,1999,1,0,0,27,6353.58
11.51,2,0.023,5,138.15,3,2009,1,1,3,17,3012.68
12.27,0,0.043,3,133.74,3,2009,1,1,3,17,3094.74
12.54,0,0.007,13,176.79,0,1987,0,1,2,39,4037.35
13.89,0,0.016,1,143.01,3,2009,1,1,3,17,3649.8
14.64,0,0.021,13,186.8,0,1987,0,1,2,39,4715.17
9.58,2,0.071,0,153.74,3,2009,1,1,3,17,2895.58
17.93,2,0.046,6,141.15,0,1987,0,1,2,39,4524.57
12.18,2,0.181,3,126.06,3,2009,1,1,3,17,2918.04
12.07,0,0.108,0,150.57,3,2009,1,1,3,17,3393.15
15.34,2,0.041,6,131.02,3,2009,1,1,3,17,3733.22
13.47,0,0.093,4,145.77,3,2009,1,1,3,17,3611.41
12.55,1,0.174,9,140.04,3,2009,1,1,3,17,3286.6
12.99,0,0.121,6,210.15,0,1987,0,1,2,39,4820.58
12.87,0,0.09,4,168.16,3,2009,1,1,3,17,3933.99
12.81,0,0.053,0,128.9,1,1998,2,2,1,28,852.11
12.52,0,0.03,0,123.79,3,2009,1,1,3,17,2947.21
11.11,0,0.029,13,165.29,3,2009,1,1,3,17,3477.51
10.27,2,0.126,6,68.56,1,1998,2,2,1,28,1309.28
10.94,0,0.014,13,146.16,3,2009,1,1,3,17,3047.33
9.55,0,0.127,4,121.5,1,1998,2,2,1,28,2228.55
12.59,0,0.017,2,140.5,2,1999,1,0,0,27,6796.94
10.85,2,0.023,13,129.11,3,2009,1,1,3,17,2679.45
10.06,0,0.054,15,158.21,3,2009,1,1,3,17,3096.23
14.94,0,0.049,13,166.17,2,1999,1,0,0,27,4361.4
10.77,2,0.065,3,104.63,1,1998,2,2,1,28,2161.03
12.55,0,0.188,10,160.6,3,2009,1,1,3,17,3708.5
10.76,1,0.073,9,115.85,0,1987,0,1,2,39,2388.62
12.8,0,0.085,1,139.4,3,2009,1,1,3,17,3518.98
14.53,0,0.089,13,125.16,3,2009,1,1,3,17,3430.11
9.91,0,0.156,5,97.07,1,1998,2,2,1,28,1811.97
13.98,0,0.039,0,164.29,0,1987,0,1,2,39,4105.35
13.89,0,0.032,5,162.95,0,1987,0,1,2,39,4795.14
13.19,0,0.169,13,146.81,3,2009,1,1,3,17,3570.05
14.04,0,0.042,4,147.35,3,2009,1,1,3,17,3773.83
15.01,0,0.095,4,199.05,2,1999,1,0,0,27,5049.56
13.69,3,0.024,3,148.11,3,2009,1,1,3,17,3709.06
13.59,2,0.131,6,223.98,2,1999,1,0,0,27,5239.41
14.44,0,0.037,10,163.21,0,1987,0,1,2,39,4188.47
13.25,0,0.184,3,168.65,0,1987,0,1,2,39,4029.59
13.16,2,0.009,6,190.23,2,1999,1,0,0,27,4452.53
17.87,0,0.124,13,166.45,2,1999,1,0,0,27,5029.11
10.3,0,0.082,10,97.08,1,1998,2,2,1,28,1899.6
11.64,0,0.078,10,190.67,0,1987,0,1,2,39,4117.8
15.6,0,0.066,14,138.77,3,2009,1,1,3,17,3951.18
11.33,2,0.103,10,130.86,3,2009,1,1,3,17,2823.85
10.91,0,0.129,6,120.67,3,2009,1,1,3,17,2519.88
12.87,0,0.033,14,152.44,3,2009,1,1,3,17,3613.5
13.13,2,0.03,5,165.99,3,2009,1,1,3,17,3949.88
15.59,0,0.019,3,187.02,0,1987,0,1,2,39,4935.59
12.38,0,0.039,10,145.95,3,2009,1,1,3,17,3369.76
13.04,1,0.16,9,134.52,3,2009,1,1,3,17,3285.34
11.48,0,0.099,5,159.91,3,2009,1,1,3,17,3450.77
14.54,0,0.128,4,175.77,2,1999,1,0,0,27,4468.82
12.42,2,0.091,2,141.97,3,2009,1,1,3,17,3459.19
14.08,1,0.047,9,173.2,2,1999,1,0,0,27,4311.19
13.54,2,0.12,10,151.43,3,2009,1,1,3,17,3743.51
14.61,0,0.061,14,164.86,2,1999,1,0,0,27,4259.73
13.9,2,0.024,4,177.0,2,1999,1,0,0,27,4347.69
9.77,0,0.013,7,115.44,1,1998,2,2,1,28,2154.83
11.39,0,0.033,6,127.97,3,2009,1,1,3,17,2777.27
11.32,1,0.04,8,113.33,0,1987,0,1,2,39,2463.39
11.27,2,0.047,10,136.46,3,2009,1,1,3,17,2924.64
10.74,1,0.011,8,113.12,0,1987,0,1,2,39,2327.1
12.68,1,0.117,8,144.61,3,2009,1,1,3,17,3408.87
10.35,0,0.044,14,121.94,0,1987,0,1,2,39,2418.61
13.33,0,0.009,14,143.06,3,2009,1,1,3,17,3525.5
14.77,1,0.041,11,130.2,2,1999,1,0,0,27,6405.03
12.24,2,0.024,13,173.79,3,2009,1,1,3,17,4900.62
14.23,1,0.191,9,167.6,2,1999,1,0,0,27,4229.62
12.99,0,0.072,7,202.05,0,1987,0,1,2,39,4654.98
14.28,2,0.121,6,159.61,0,1987,0,1,2,39,4078.79
11.7,0,0.019,5,189.55,0,1987,0,1,2,39,4108.71
9.04,2,0.016,0,121.11,1,1998,2,2,1,28,2107.19
13.57,0,0.085,10,173.01,0,1987,0,1,2,39,4191.83
13.63,1,0.035,8,194.16,0,1987,0,1,2,39,4638.82
13.9,1,0.023,9,179.14,2,1999,1,0,0,27,4393.11
13.41,0,0.019,13,150.5,3,2009,1,1,3,17,3695.3
12.91,0,0.049,4,172.4,0,1987,0,1,2,39,4029.86
10.84,2,0.062,5,100.32,1,1998,2,2,1,28,2087.67
8.61,3,0.013,5,82.74,1,1998,2,2,1,28,1223.9
16.72,2,0.128,3,160.17,0,1987,0,1,2,39,4642.35
8.46,1,0.127,9,122.55,1,1998,2,2,1,28,2004.35
11.95,2,0.031,10,145.9,3,2009,1,1,3,17,3271.57
14.09,0,0.12,5,166.35,0,1987,0,1,2,39,4173.71
15.14,0,0.059,4,103.93,3,2009,1,1,3,17,3133.35
14.09,2,0.019,14,137.41,3,2009,1,1,3,17,3582.14
14.82,0,0.054,6,152.24,0,1987,0,1,2,39,4049.84
8.11,0,0.018,5,145.89,0,1987,0,1,2,39,2403.75
12.65,0,0.078,15,98.99,0,1987,0,1,2,39,2469.02
11.49,0,0.06,4,94.19,1,1998,2,2,1,28,2110.46
11.94,0,0.044,6,142.26,3,2009,1,1,3,17,3195.54
14.92,0,0.173,14,172.54,2,1999,1,0,0,27,4488.5
14.39,0,0.139,13,163.84,0,1987,0,1,2,39,4189.66
8.18,1,0.161,9,154.41,3,2009,1,1,3,17,2593.66
12.69,2,0.113,1,137.99,3,2009,1,1,3,17,3277.09
13.33,0,0.136,13,102.39,3,2009,1,1,3,17,2693.77
14.7,0,0.023,5,154.41,0,1987,0,1,2,39,4067.86
9.87,2,0.06,10,162.34,3,2009,1,1,3,17,3137.52
16.36,0,0.162,7,185.88,2,1999,1,0,0,27,5084.91
12.7,1,0.061,8,174.37,0,1987,0,1,2,39,4022.82
13.87,0,0.026,13,116.22,3,2009,1,1,3,17,3096.94
17.55,0,0.039,13,215.03,2,1999,1,0,0,27,5951.51
12.89,0,0.059,7,148.99,3,2009,1,1,3,17,3547.69
13.76,0,0.063,4,143.02,3,2009,1,1,3,17,3620.77
12.68,1,0.024,8,140.13,3,2009,1,1,3,17,3317.08
12.62,0,0.073,13,136.18,3,2009,1,1,3,17,3223.03
14.8,0,0.067,6,170.45,2,1999,1,0,0,27,4418.58
12.75,1,0.042,9,135.09,3,2009,1,1,3,17,3231.95
14.98,0,0.022,5,142.36,3,2009,1,1,3,17,3883.67
13.01,0,0.089,10,135.16,3,2009,1,1,3,17,3290.51
13.18,2,0.028,1,156.32,3,2009,1,1,3,17,3762.68
15.54,2,0.068,6,174.46,0,1987,0,1,2,39,4667.45
8.38,1,0.152,8,104.11,1,1998,2,2,1,28,1610.56
13.77,0,0.029,10,131.26,3,2009,1,1,3,17,3383.07
10.73,0,0.027,5,137.82,3,2009,1,1,3,17,2829.66
9.63,2,0.162,4,108.43,1,1998,2,2,1,28,1980.59
14.04,0,0.051,13,164.05,0,1987,0,1,2,39,4115.1
11.52,0,0.086,13,146.28,3,2009,1,1,3,17,3182.28
14.48,2,0.032,6,176.27,2,1999,1,0,0,27,4465.21
13.92,2,0.083,10,174.02,2,1999,1,0,0,27,4292.83
13.83,0,0.022,4,136.53,3,2009,1,1,3,17,3504.05
13.44,0,0.064,1,176.41,2,1999,1,0,0,27,4233.02
10.69,2,0.055,13,117.61,0,1987,0,1,2,39,2408.33
11.79,1,0.11,11,106.73,0,1987,0,1,2,39,2434.25
12.53,0,0.072,1,148.53,3,2009,1,1,3,17,3455.23
8.58,0,0.031,5,126.4,1,1998,2,2,1,28,2110.35
12.15,1,0.007,9,169.98,3,2009,1,1,3,17,3808.13
8.52,0,0.07,6,142.95,0,1987,0,1,2,39,2436.69
12.28,2,0.171,0,141.96,3,2009,1,1,3,17,3265.24
11.15,0,0.079,14,92.71,1,1998,2,2,1,28,2001.18
15.15,2,0.049,5,143.08,3,2009,1,1,3,17,3936.82
7.62,0,0.136,3,62.17,1,1998,2,2,1,28,579.78
13.4,0,0.047,5,178.15,0,1987,0,1,2,39,3020.84
14.51,2,0.068,5,116.12,3,2009,1,1,3,17,3240.77
15.86,1,0.047,8,142.56,0,1987,0,1,2,39,4085.8
14.64,1,0.016,8,168.0,2,1999,1,0,0,27,4331.39
13.84,2,0.045,15,202.23,0,1987,0,1,2,39,4851.45
12.84,2,0.035,3,136.82,3,2009,1,1,3,17,3286.01
13.97,0,0.104,6,114.86,3,2009,1,1,3,17,3091.82
11.51,1,0.064,8,161.13,3,2009,1,1,3,17,3483.35
12.09,0,0.1,0,140.01,3,2009,1,1,3,17,3183.12
8.28,1,0.172,9,116.59,1,1998,2,2,1,28,1842.34
11.43,0,0.021,3,123.46,3,2009,1,1,3,17,2694.93
12.98,2,0.055,10,167.99,3,2009,1,1,3,17,3955.81
14.42,0,0.088,7,164.84,2,1999,1,0,0,27,4217.94
12.85,0,0.009,5,174.84,0,1987,0,1,2,39,4066.6
9.56,2,0.045,10,129.4,0,1987,0,1,2,39,2393.83
11.53,0,0.12,1,142.41,3,2009,1,1,3,17,3106.01
15.32,1,0.076,8,165.34,2,1999,1,0,0,27,4431.43
14.34,0,0.064,5,201.82,0,1987,0,1,2,39,4956.68
7.9,0,0.042,6,94.85,1,1998,2,2,1,28,1312.4
8.13,1,0.14,8,82.6,1,1998,2,2,1,28,1113.56
16.59,2,0.099,3,176.12,2,1999,1,0,0,27,4938.91
16.27,0,0.182,6,137.71,0,1987,0,1,2,39,4081.07
14.95,2,0.011,2,144.16,3,2009,1,1,3,17,3913.07
15.48,2,0.044,10,155.55,2,1999,1,0,0,27,4266.28
14.55,0,0.205,12,167.45,2,1999,1,0,0,27,4298.83
12.98,0,0.048,13,105.28,3,2009,1,1,3,17,2673.03
13.12,2,0.068,4,184.93,2,1999,1,0,0,27,4333.58
11.31,1,0.099,8,152.64,3,2009,1,1,3,17,3265.06
13.96,0,0.081,6,171.96,2,1999,1,0,0,27,4259.95
13.16,1,0.142,9,142.18,3,2009,1,1,3,17,3469.66
13.88,0,0.074,6,145.68,3,2009,1,1,3,17,3703.0
11.88,2,0.07,13,130.83,3,2009,1,1,3,17,2947.02
11.86,0,0.025,6,113.84,3,2009,1,1,3,17,2593.93
13.73,2,0.07,2,142.45,3,2009,1,1,3,17,3603.12
10.57,2,0.065,14,128.59,3,2009,1,1,3,17,2605.51
10.31,0,0.014,3,149.07,3,2009,1,1,3,17,2965.86
15.35,0,0.064,14,177.53,0,1987,0,1,2,39,4686.68
11.95,0,0.038,13,125.45,1,1998,2,2,1,28,871.22
10.17,0,0.005,13,149.66,3,2009,1,1,3,17,2947.09
10.65,0,0.062,6,127.01,3,2009,1,1,3,17,2590.47
14.06,0,0.026,2,126.24,3,2009,1,1,3,17,3346.16
14.41,2,0.084,4,124.18,3,2009,1,1,3,17,3383.14
10.64,2,0.178,3,120.48,0,1987,0,1,2,39,2456.1
10.06,0,0.057,1,117.24,1,1998,2,2,1,28,2258.73
13.49,2,0.051,3,121.63,3,2009,1,1,3,17,3123.54
14.42,0,0.067,0,181.17,0,1987,0,1,2,39,4550.07
13.12,2,0.029,3,142.39,3,2009,1,1,3,17,3463.33
12.92,2,0.032,10,121.53,3,2009,1,1,3,17,2990.74
13.87,2,0.085,0,141.25,3,2009,1,1,3,17,3610.55
13.16,0,0.116,6,151.84,3,2009,1,1,3,17,3665.43
11.56,0,0.086,6,141.52,3,2009,1,1,3,17,3094.56
7.06,0,0.167,10,52.62,1,1998,2,2,1,28,258.72
12.21,1,0.042,8,147.73,1,1998,2,2,1,28,1150.13
15.58,0,0.013,4,163.08,2,1999,1,0,0,27,4444.01
12.39,0,0.034,1,143.74,3,2009,1,1,3,17,3327.51
14.43,2,0.016,6,149.64,3,2009,1,1,3,17,3908.98
13.76,2,0.064,13,189.07,0,1987,0,1,2,39,4564.45
14.67,2,0.116,4,175.45,2,1999,1,0,0,27,4490.4
15.28,0,0.027,5,123.04,3,2009,1,1,3,17,3555.93
8.46,0,0.104,1,112.16,1,1998,2,2,1,28,1792.21
11.46,0,0.031,0,203.87,2,1999,1,0,0,27,4346.06
10.99,1,0.053,9,152.08,3,2009,1,1,3,17,3181.78
15.69,1,0.022,8,179.95,0,1987,0,1,2,39,4812.74
11.07,0,0.066,4,87.06,1,1998,2,2,1,28,1869.01
10.55,2,0.08,13,94.69,1,1998,2,2,1,28,1908.09
10.78,0,0.178,5,86.3,1,1998,2,2,1,28,1787.79
12.44,0,0.047,0,124.29,2,1999,1,0,0,27,6383.57
16.8,0,0.017,12,160.69,0,1987,0,1,2,39,4670.7
16.77,0,0.007,13,187.53,2,1999,1,0,0,27,5211.42
12.94,0,0.124,3,198.96,1,1998,2,2,1,28,2155.43
12.15,2,0.025,0,168.65,3,2009,1,1,3,17,3781.32
11.48,1,0.099,11,122.62,3,2009,1,1,3,17,2689.48
7.39,0,0.012,6,113.4,1,1998,2,2,1,28,1576.61
11.11,0,0.123,6,160.23,3,2009,1,1,3,17,3375.53
13.0,0,0.047,7,191.22,2,1999,1,0,0,27,4436.42
14.13,0,0.022,0,144.2,3,2009,1,1,3,17,3728.31
12.53,0,0.036,10,131.28,3,2009,1,1,3,17,3103.81
10.76,2,0.038,13,79.01,1,1998,2,2,1,28,1634.51
13.54,0,0.052,13,117.42,3,2009,1,1,3,17,3048.62
12.4,2,0.065,6,94.99,0,1987,0,1,2,39,4685.23
13.36,1,0.015,11,178.89,2,1999,1,0,0,27,5520.58
12.08,0,0.061,5,153.26,3,2009,1,1,3,17,3452.34
13.93,0,0.114,0,151.26,3,2009,1,1,3,17,3829.14
13.11,0,0.068,7,162.07,3,2009,1,1,3,17,3863.85
22.0,1,0.06,9,266.0,2,1999,1,0,0,27,8000.0
11.84,2,0.021,10,88.85,1,1998,2,2,1,28,2079.95
10.43,0,0.059,13,73.7,1,1998,2,2,1,28,1450.83
15.22,0,0.011,15,130.5,3,2009,1,1,3,17,3695.61
10.2,0,0.077,14,77.01,1,1998,2,2,1,28,1466.13
10.54,0,0.066,3,127.66,3,2009,1,1,3,17,2579.64
11.63,0,0.022,10,136.05,3,2009,1,1,3,17,2997.36
7.76,2,0.191,3,147.19,0,1987,0,1,2,39,2350.24
13.95,2,0.064,1,160.54,0,1987,0,1,2,39,4023.29
14.44,1,0.04,8,152.21,3,2009,1,1,3,17,3962.13
13.54,0,0.085,10,173.14,0,1987,0,1,2,39,4188.21
13.35,0,0.067,6,108.83,3,2009,1,1,3,17,2828.49
13.23,0,0.067,5,167.14,3,2009,1,1,3,17,3996.13
10.25,0,0.038,7,161.4,3,2009,1,1,3,17,3205.04
11.74,0,0.077,0,165.86,3,2009,1,1,3,17,3631.42
15.5,0,0.039,10,169.75,0,1987,0,1,2,39,4562.52
13.34,0,0.027,13,165.36,3,2009,1,1,3,17,3984.2
14.32,1,0.103,8,153.19,3,2009,1,1,3,17,3955.22
17.03,0,0.071,1,179.62,2,1999,1,0,0,27,5108.53
10.45,0,0.175,10,150.68,3,2009,1,1,3,17,3030.79
13.48,3,0.076,10,101.66,3,2009,1,1,3,17,2711.06
13.26,0,0.023,6,152.64,3,2009,1,1,3,17,3704.99
15.6,1,0.072,9,144.06,0,1987,0,1,2,39,4058.0
15.15,2,0.065,0,213.31,2,1999,1,0,0,27,5374.15
11.84,2,0.023,10,113.2,3,2009,1,1,3,17,2576.44
12.41,0,0.015,6,172.0,3,2009,1,1,3,17,3909.74
12.43,2,0.154,13,166.96,3,2009,1,1,3,17,3811.47
14.59,0,0.052,5,154.95,0,1987,0,1,2,39,4053.82
9.1,2,0.055,5,139.96,3,2009,1,1,3,17,2506.57
13.68,2,0.02,13,145.72,3,2009,1,1,3,17,3658.17
15.49,0,0.159,3,209.62,2,1999,1,0,0,27,5374.44
10.93,1,0.052,9,116.4,0,1987,0,1,2,39,2436.27
11.15,1,0.019,8,148.13,3,2009,1,1,3,17,3135.37
8.2,0,0.114,13,156.97,3,2009,1,1,3,17,2650.14
16.33,0,0.099,13,165.11,0,1987,0,1,2,39,4653.82
14.96,0,0.062,4,250.14,2,1999,1,0,0,27,6083.39
12.05,2,0.167,3,161.38,3,2009,1,1,3,17,3610.28
11.96,0,0.064,15,156.81,3,2009,1,1,3,17,3496.06
15.62,3,0.052,5,183.02,0,1987,0,1,2,39,4860.93
13.63,1,0.06,9,156.45,3,2009,1,1,3,17,3866.23
12.17,0,0.158,13,112.14,3,2009,1,1,3,17,2629.45
15.99,0,0.038,13,164.5,0,1987,0,1,2,39,4563.96
13.73,0,0.064,4,131.79,3,2009,1,1,3,17,3384.47
5.71,0,0.031,4,120.96,1,1998,2,2,1,28,1350.76
14.16,0,0.044,13,169.39,2,1999,1,0,0,27,4251.17
10.44,0,0.024,3,105.54,1,1998,2,2,1,28,2103.6
12.78,0,0.045,4,155.31,3,2009,1,1,3,17,3651.06
13.81,0,0.034,4,189.95,0,1987,0,1,2,39,4593.43
14.17,2,0.036,14,126.16,3,2009,1,1,3,17,3369.32
10.72,1,0.011,8,118.86,1,1998,2,2,1,28,734.99
10.59,0,0.089,13,174.27,3,2009,1,1,3,17,3545.51
16.31,0,0.076,6,192.76,2,1999,1,0,0,27,5215.58
15.95,0,0.05,6,197.42,2,1999,1,0,0,27,5229.13
11.91,2,0.015,13,153.02,3,2009,1,1,3,17,3408.55
9.54,2,0.046,6,136.88,3,2009,1,1,3,17,2541.53
12.61,2,0.042,13,132.58,3,2009,1,1,3,17,3147.59
12.7,0,0.06,0,121.86,3,2009,1,1,3,17,2948.86
10.34,1,0.022,9,115.39,1,1998,2,2,1,28,2284.23
13.84,0,0.038,1,115.31,3,2009,1,1,3,17,3071.71
14.24,2,0.077,6,190.09,0,1987,0,1,2,39,4692.67
15.52,2,0.086,14,214.65,2,1999,1,0,0,27,5483.76
12.89,0,0.034,6,138.77,3,2009,1,1,3,17,3337.42
10.88,2,0.184,3,136.57,3,2009,1,1,3,17,2838.95
10.48,0,0.073,10,92.63,1,1998,2,2,1,28,1849.5
13.06,0,0.087,6,167.6,3,2009,1,1,3,17,3966.89
11.26,0,0.092,3,96.32,1,1998,2,2,1,28,2100.85
12.0,0,0.097,13,157.77,3,2009,1,1,3,17,3524.53
11.33,0,0.077,6,190.77,0,1987,0,1,2,39,4049.72
14.38,1,0.028,9,179.28,0,1987,0,1,2,39,4504.13
11.59,0,0.009,6,170.3,3,2009,1,1,3,17,3690.29
16.75,0,0.027,2,211.71,2,1999,1,0,0,27,5702.22
12.61,1,0.076,8,122.09,3,2009,1,1,3,17,2933.31
12.99,0,0.026,13,126.49,3,2009,1,1,3,17,3108.83
11.69,2,0.076,3,132.88,3,2009,1,1,3,17,2945.62
14.01,0,0.054,10,151.25,3,2009,1,1,3,17,3071.88
10.57,1,0.047,9,84.62,1,1998,2,2,1,28,1705.82
13.29,1,0.124,8,174.98,0,1987,0,1,2,39,4169.06
12.01,0,0.032,0,147.05,3,2009,1,1,3,17,3307.71
14.41,1,0.054,8,168.21,2,1999,1,0,0,27,4282.77
10.22,0,0.175,14,136.32,3,2009,1,1,3,17,2684.44
12.53,0,0.039,14,155.82,3,2009,1,1,3,17,3604.26
11.48,1,0.025,8,130.03,3,2009,1,1,3,17,2840.88
10.44,0,0.023,10,145.83,3,2009,1,1,3,17,2927.84
16.48,0,0.086,5,175.86,2,1999,1,0,0,27,4909.21
14.39,0,0.057,13,167.59,2,1999,1,0,0,27,4266.89
9.13,0,0.175,3,144.27,3,2009,1,1,3,17,2600.25
11.43,2,0.12,4,84.85,1,1998,2,2,1,28,1904.99
15.85,0,0.038,6,195.05,2,1999,1,0,0,27,5157.62
10.41,2,0.073,5,148.34,3,2009,1,1,3,17,2973.15
13.4,0,0.018,6,219.77,2,1999,1,0,0,27,5109.59
9.18,2,0.029,14,98.11,1,1998,2,2,1,28,1667.77
12.66,2,0.136,0,129.26,3,2009,1,1,3,17,3091.45
8.72,0,0.08,3,100.94,1,1998,2,2,1,28,1621.05
12.55,2,0.024,4,147.68,3,2009,1,1,3,17,3444.1
11.69,0,0.068,3,101.83,0,1987,0,1,2,39,2309.79
10.0,0,0.023,15,146.58,3,2009,1,1,3,17,2845.23
16.41,0,0.04,0,173.77,2,1999,1,0,0,27,4849.75
12.59,0,0.009,0,136.06,3,2009,1,1,3,17,3213.97
13.34,0,0.048,5,154.53,2,1999,1,0,0,27,5707.41
11.95,2,0.112,3,146.29,3,2009,1,1,3,17,2046.37
10.62,2,0.123,7,94.13,1,1998,2,2,1,28,1910.97
7.98,0,0.042,10,122.15,1,1998,2,2,1,28,1888.64
12.82,1,0.093,8,209.19,0,1987,0,1,2,39,4763.15
16.17,2,0.022,6,160.29,0,1987,0,1,2,39,4519.33
11.22,2,0.071,5,159.34,3,2009,1,1,3,17,3380.93
14.31,0,0.109,13,151.43,3,2009,1,1,3,17,3916.78
10.95,0,0.12,3,121.71,3,2009,1,1,3,17,2550.16
9.38,1,0.009,9,96.4,1,1998,2,2,1,28,1676.69
15.94,0,0.042,6,190.27,2,1999,1,0,0,27,5081.35
11.69,0,0.019,14,122.03,3,2009,1,1,3,17,2723.16
14.53,0,0.056,3,142.43,3,2009,1,1,3,17,3783.29
14.52,2,0.019,0,214.98,2,1999,1,0,0,27,5264.97
14.65,0,0.027,6,127.99,3,2009,1,1,3,17,3514.11
14.68,0,0.15,13,190.38,0,1987,0,1,2,39,4798.6
14.19,2,0.182,0,141.96,3,2009,1,1,3,17,3697.58
15.71,2,0.028,4,200.26,2,1999,1,0,0,27,5233.76
15.25,3,0.008,0,228.55,2,1999,1,0,0,27,5708.47
9.77,0,0.03,4,132.65,3,2009,1,1,3,17,4328.48
9.37,0,0.047,10,130.6,0,1987,0,1,2,39,2374.51
11.07,0,0.027,10,142.87,3,2009,1,1,3,17,3010.29
11.26,0,0.049,3,141.73,3,2009,1,1,3,17,3029.53
12.9,0,0.021,6,151.14,3,2009,1,1,3,17,3593.69
8.9,0,0.021,2,98.71,1,1998,2,2,1,28,721.25
15.68,2,0.013,14,154.19,2,1999,1,0,0,27,4283.24
11.5,0,0.095,13,163.03,3,2009,1,1,3,17,3519.75
19.0,0,0.026,4,202.27,2,1999,1,0,0,27,6019.01
15.32,0,0.031,6,166.32,2,1999,1,0,0,27,4451.33
10.44,1,0.1,9,56.01,1,1998,2,2,1,28,1091.66
12.91,2,0.035,6,140.6,3,2009,1,1,3,17,3380.66
9.08,0,0.012,4,137.71,0,1987,0,1,2,39,2455.14
10.01,2,0.055,6,125.72,0,1987,0,1,2,39,2420.94
8.71,0,0.076,4,153.67,3,2009,1,1,3,17,2698.94
11.65,2,0.043,10,104.18,0,1987,0,1,2,39,2349.56
12.08,1,0.056,11,173.49,3,2009,1,1,3,17,3865.59
14.12,1,0.041,8,156.9,3,2009,1,1,3,17,3313.58
10.03,0,0.16,6,145.56,3,2009,1,1,3,17,2830.99
11.75,0,0.122,4,99.16,1,1998,2,2,1,28,2269.67
13.03,0,0.043,0,166.58,3,2009,1,1,3,17,3939.17
13.27,2,0.132,4,120.71,3,2009,1,1,3,17,3053.49
14.55,1,0.05,9,147.2,3,2009,1,1,3,17,3885.32
13.47,2,0.023,4,110.9,3,2009,1,1,3,17,2899.38
13.95,1,0.141,8,136.71,3,2009,1,1,3,17,3534.48
12.23,0,0.052,13,160.56,3,2009,1,1,3,17,3634.56
11.33,0,0.041,10,124.97,3,2009,1,1,3,17,2703.31
11.15,0,0.026,10,124.33,3,2009,1,1,3,17,2649.55
13.4,0,0.097,5,150.69,3,2009,1,1,3,17,3697.0
12.95,1,0.052,8,156.13,3,2009,1,1,3,17,3521.02
12.02,2,0.148,10,100.09,2,1999,1,0,0,27,6429.46
10.76,2,0.018,13,154.09,3,2009,1,1,3,17,3169.26
9.79,0,0.1,4,96.07,1,1998,2,2,1,28,1763.6
15.2,0,0.062,5,155.22,0,1987,0,1,2,39,4638.23
12.9,2,0.025,15,172.85,0,1987,0,1,2,39,4036.91
15.67,2,0.078,4,145.48,0,1987,0,1,2,39,4102.38
11.48,0,0.014,6,136.32,3,2009,1,1,3,17,2968.65
15.5,2,0.091,6,160.21,2,1999,1,0,0,27,4366.65
10.79,0,0.056,6,113.32,0,1987,0,1,2,39,2342.14
12.61,2,0.058,3,96.67,0,1987,0,1,2,39,2413.63
9.64,0,0.057,4,110.49,1,1998,2,2,1,28,2024.02
13.5,0,0.071,15,168.62,0,1987,0,1,2,39,4085.83
8.63,1,0.036,9,129.62,1,1998,2,2,1,28,2188.69
10.99,1,0.112,9,127.18,3,2009,1,1,3,17,2670.65
10.39,0,0.172,3,122.25,0,1987,0,1,2,39,2435.61
13.21,0,0.034,5,202.99,1,1998,2,2,1,28,1248.29
14.66,0,0.006,6,167.38,2,1999,1,0,0,27,4324.12
11.02,0,0.023,6,135.55,3,2009,1,1,3,17,2849.74
14.5,2,0.067,3,194.8,0,1987,0,1,2,39,4847.27
12.39,2,0.116,4,128.98,3,2009,1,1,3,17,3023.57
16.34,2,0.079,7,171.56,0,1987,0,1,2,39,4788.07
11.12,0,0.074,0,129.51,3,2009,1,1,3,17,2749.33
12.4,2,0.122,13,132.64,3,2009,1,1,3,17,3101.99
12.65,0,0.015,4,194.72,2,1999,1,0,0,27,4428.06
13.89,2,0.036,4,151.52,1,1998,2,2,1,28,936.37
11.88,0,0.21,5,129.82,3,2009,1,1,3,17,2926.52
15.67,2,0.045,6,181.27,0,1987,0,1,2,39,4835.88
13.17,0,0.055,13,145.4,3,2009,1,1,3,17,3535.71
15.27,1,0.061,11,142.14,3,2009,1,1,3,17,3945.36
13.28,2,0.141,6,140.08,3,2009,1,1,3,17,3452.88
12.71,0,0.039,6,154.18,3,2009,1,1,3,17,3611.62
11.44,1,0.057,9,181.96,3,2009,1,1,3,17,3894.35
10.09,1,0.02,9,116.0,1,1998,2,2,1,28,2239.69
12.23,0,0.054,6,152.83,3,2009,1,1,3,17,3477.12
13.06,3,0.034,4,172.92,0,1987,0,1,2,39,4074.34
15.51,2,0.052,13,178.74,0,1987,0,1,2,39,4748.07
11.59,0,0.065,5,139.67,3,2009,1,1,3,17,3063.39
9.45,0,0.047,13,95.95,1,1998,2,2,1,28,1684.82
11.19,1,0.038,8,159.95,3,2009,1,1,3,17,3386.16
13.71,0,0.026,13,119.95,3,2009,1,1,3,17,3137.79
9.66,0,0.039,13,117.44,1,1998,2,2,1,28,2170.99
11.12,2,0.094,6,147.65,3,2009,1,1,3,17,5339.9
12.17,0,0.155,5,123.8,3,2009,1,1,3,17,2867.68
8.15,0,0.024,0,88.98,1,1998,2,2,1,28,1248.88
14.67,2,0.022,5,149.54,3,2009,1,1,3,17,3960.08
12.26,0,0.058,6,132.85,3,2009,1,1,3,17,3074.25
18.36,0,0.079,4,172.49,2,1999,1,0,0,27,4765.2
11.76,0,0.128,14,132.95,3,2009,1,1,3,17,2962.38
13.35,2,0.16,0,157.45,3,2009,1,1,3,17,3823.63
18.19,0,0.01,6,175.59,2,1999,1,0,0,27,5944.96
12.64,0,0.155,13,133.48,3,2009,1,1,3,17,3174.12
8.93,0,0.023,3,118.25,1,1998,2,2,1,28,2023.65
14.57,2,0.077,12,145.88,3,2009,1,1,3,17,3862.46
17.12,1,0.13,8,166.63,2,1999,1,0,0,27,4864.27
13.36,2,0.018,0,123.99,3,2009,1,1,3,17,3141.35
9.65,2,0.154,10,119.85,2,1999,1,0,0,27,5450.91
11.34,2,0.03,0,113.49,0,1987,0,1,2,39,2469.37
12.81,0,0.071,6,143.1,3,2009,1,1,3,17,3408.08
14.21,0,0.083,0,158.74,0,1987,0,1,2,39,4044.34
12.42,1,0.061,9,164.19,3,2009,1,1,3,17,3751.21
8.07,0,0.027,12,110.26,1,1998,2,2,1,28,2295.72
12.49,0,0.171,13,142.49,3,2009,1,1,3,17,3323.57
13.25,0,0.115,2,142.45,3,2009,1,1,3,17,3493.76
12.66,1,0.058,9,145.17,3,2009,1,1,3,17,3416.53
14.72,1,0.067,9,175.44,0,1987,0,1,2,39,4501.09
12.84,0,0.055,6,146.43,3,2009,1,1,3,17,3482.97
7.12,2,0.227,6,94.79,1,1998,2,2,1,28,1132.86
14.75,0,0.042,3,220.18,2,1999,1,0,0,27,5423.6
12.17,0,0.173,13,79.19,1,1998,2,2,1,28,1956.14
15.52,0,0.017,13,152.1,2,1999,1,0,0,27,4204.01
16.59,0,0.039,4,232.41,2,1999,1,0,0,27,3724.32
15.09,0,0.011,13,151.69,0,1987,0,1,2,39,4100.39
7.53,0,0.188,5,77.56,1,1998,2,2,1,28,874.72
14.79,0,0.05,0,143.99,3,2009,1,1,3,17,3875.12
14.0,0,0.036,6,117.72,3,2009,1,1,3,17,3158.39
13.47,2,0.151,4,120.15,3,2009,1,1,3,17,3086.94
10.76,1,0.074,9,121.79,3,2009,1,1,3,17,2508.09
13.05,2,0.055,4,165.89,3,2009,1,1,3,17,3929.68
14.3,1,0.023,9,126.98,3,2009,1,1,3,17,3414.86
15.45,1,0.073,8,174.69,0,1987,0,1,2,39,4651.98
14.84,2,0.054,0,112.86,3,2009,1,1,3,17,3155.42
14.02,1,0.064,9,166.37,0,1987,0,1,2,39,4157.66
14.3,0,0.084,13,153.77,3,2009,1,1,3,17,3962.92
12.1,0,0.031,3,122.32,3,2009,1,1,3,17,2822.27
12.46,2,0.07,6,93.19,0,1987,0,1,2,39,3936.39
13.19,0,0.186,14,135.29,3,2009,1,1,3,17,3333.53
13.89,1,0.031,9,151.15,3,2009,1,1,3,17,3816.85
13.9,2,0.039,0,175.35,2,1999,1,0,0,27,4313.61
13.18,1,0.059,8,178.63,2,1999,1,0,0,27,4219.6
13.18,1,0.175,8,100.1,3,2009,1,1,3,17,4263.26
10.74,1,0.015,8,101.94,1,1998,2,2,1,28,2098.95
13.75,0,0.161,4,196.84,0,1987,0,1,2,39,4721.42
12.63,0,0.018,3,162.61,3,2009,1,1,3,17,3767.08
11.25,0,0.048,14,140.27,3,2009,1,1,3,17,2996.83
15.31,0,0.047,10,191.25,0,1987,0,1,2,39,4958.42
14.16,1,0.102,9,172.4,2,1999,1,0,0,27,4312.33
7.27,2,0.025,0,129.68,1,1998,2,2,1,28,1882.37
10.09,0,0.038,5,129.34,3,2009,1,1,3,17,2511.29
15.76,0,0.036,3,147.44,0,1987,0,1,2,39,4164.22
14.09,0,0.046,10,150.12,3,2009,1,1,3,17,3840.71
14.65,2,0.22,4,174.5,2,1999,1,0,0,27,4467.73
13.23,1,0.041,9,196.9,0,1987,0,1,2,39,4603.91
10.51,0,0.062,4,53.83,1,1998,2,2,1,28,1062.04
12.22,1,0.047,9,176.08,3,2009,1,1,3,17,3950.99
13.01,0,0.126,13,125.3,3,2009,1,1,3,17,3088.8
15.96,1,0.076,9,211.49,2,1999,1,0,0,27,5520.55
9.57,0,0.072,4,148.56,3,2009,1,1,3,17,2788.17
10.07,0,0.081,15,100.23,1,1998,2,2,1,28,1911.04
14.35,2,0.064,3,194.49,0,1987,0,1,2,39,4809.03
8.59,0,0.096,13,92.6,1,1998,2,2,1,28,1421.24
17.14,1,0.105,9,167.24,2,1999,1,0,0,27,4880.83
13.71,1,0.113,9,152.88,2,1999,1,0,0,27,5975.5
10.66,0,0.174,15,141.0,3,2009,1,1,3,17,1640.82
12.9,0,0.12,3,124.03,3,2009,1,1,3,17,3037.88
14.57,0,0.036,14,117.44,3,2009,1,1,3,17,3280.34
12.22,2,0.082,5,172.53,3,2009,1,1,3,17,3877.11
11.89,2,0.028,0,108.68,0,1987,0,1,2,39,2495.17
13.61,2,0.044,0,130.29,3,2009,1,1,3,17,3327.13
16.05,0,0.1,4,132.0,2,1999,1,0,0,27,6644.28
11.36,0,0.047,0,150.66,3,2009,1,1,3,17,3235.67
11.81,0,0.039,3,144.22,3,2009,1,1,3,17,3204.37
13.95,2,0.122,12,190.21,0,1987,0,1,2,39,4630.24
13.6,1,0.062,9,141.87,3,2009,1,1,3,17,3561.1
11.72,0,0.01,10,116.1,3,2009,1,1,3,17,2609.82
15.17,1,0.076,8,121.39,3,2009,1,1,3,17,3498.48
14.18,2,0.087,5,153.99,3,2009,1,1,3,17,3941.76
12.92,0,0.118,6,183.5,2,1999,1,0,0,27,4259.93
10.29,0,0.047,6,101.5,1,1998,2,2,1,28,1988.53
11.18,0,0.018,14,113.14,0,1987,0,1,2,39,2426.78
10.12,0,0.065,13,115.4,1,1998,2,2,1,28,2232.59
11.09,0,0.158,14,153.24,3,2009,1,1,3,17,3227.98
13.0,0,0.03,0,128.38,3,2009,1,1,3,17,3150.29
10.74,1,0.173,9,138.19,3,2009,1,1,3,17,2839.53
13.19,1,0.051,9,171.04,0,1987,0,1,2,39,4066.43
13.51,0,0.123,4,140.42,3,2009,1,1,3,17,3511.58
16.66,2,0.082,6,239.49,2,1999,1,0,0,27,6250.67
9.7,0,0.103,4,116.87,1,1998,2,2,1,28,2168.22
10.36,2,0.023,0,184.87,3,2009,1,1,3,17,3710.16
7.73,0,0.03,10,122.19,1,1998,2,2,1,28,1831.78
14.62,0,0.027,4,184.18,0,1987,0,1,2,39,4658.55
18.73,2,0.124,4,168.5,2,1999,1,0,0,27,5265.84
14.34,2,0.035,4,133.82,3,2009,1,1,3,17,3564.15
15.36,0,0.01,15,181.89,0,1987,0,1,2,39,4778.74
8.51,3,0.013,0,89.51,1,1998,2,2,1,28,1339.29
12.04,0,0.018,6,159.32,3,2009,1,1,3,17,3567.01
11.3,1,0.042,8,154.99,3,2009,1,1,3,17,3309.91
14.73,0,0.027,14,156.1,0,1987,0,1,2,39,4109.0
11.27,0,0.019,5,150.47,3,2009,1,1,3,17,3211.77
12.89,0,0.061,0,174.88,0,1987,0,1,2,39,4075.95
10.03,0,0.038,13,111.68,1,1998,2,2,1,28,2136.58
13.48,2,0.044,6,105.11,3,2009,1,1,3,17,2782.74
13.45,2,0.057,3,141.55,3,2009,1,1,3,17,3520.81
12.55,0,0.033,5,145.81,3,2009,1,1,3,17,3404.93
12.44,0,0.022,13,133.88,3,2009,1,1,3,17,3136.58
8.97,0,0.02,13,118.77,1,1998,2,2,1,28,2041.87
11.85,0,0.073,0,135.85,3,2009,1,1,3,17,3043.0
10.72,0,0.025,10,104.39,1,1998,2,2,1,28,2144.69
11.13,2,0.117,13,131.69,3,2009,1,1,3,17,2795.96
15.19,0,0.023,3,199.94,2,1999,1,0,0,27,5109.74
14.09,2,0.042,6,176.25,0,1987,0,1,2,39,4592.97
13.98,0,0.067,13,138.18,3,2009,1,1,3,17,3572.68
11.61,0,0.092,6,106.19,0,1987,0,1,2,39,2381.12
8.5,0,0.076,4,106.98,1,1998,2,2,1,28,1695.56
14.34,0,0.026,10,177.46,2,1999,1,0,0,27,4456.81
13.14,0,0.016,13,136.33,3,2009,1,1,3,17,3345.0
13.02,0,0.102,13,168.86,3,2009,1,1,3,17,3983.91
12.0,2,0.037,3,190.15,0,1987,0,1,2,39,4187.37
12.97,0,0.05,13,141.53,3,2009,1,1,3,17,3413.36
9.52,0,0.072,5,110.05,1,1998,2,2,1,28,1989.07
13.41,0,0.128,3,178.88,2,1999,1,0,0,27,4276.47
16.8,0,0.025,1,153.62,0,1987,0,1,2,39,4525.29
19.12,2,0.056,10,193.68,2,1999,1,0,0,27,5869.05
11.5,0,0.021,0,131.1,3,2009,1,1,3,17,2866.1
10.91,2,0.03,6,131.08,3,2009,1,1,3,17,2733.43
15.75,1,0.031,8,131.43,3,2009,1,1,3,17,3834.57
11.11,0,0.026,0,155.19,3,2009,1,1,3,17,3271.72
18.76,2,0.028,10,180.76,2,1999,1,0,0,27,5522.58
13.29,0,0.017,13,148.31,3,2009,1,1,3,17,3623.42
11.68,1,0.097,8,129.87,1,1998,2,2,1,28,1397.17
9.95,0,0.066,6,133.7,3,2009,1,1,3,17,2570.75
9.35,2,0.034,5,115.31,1,1998,2,2,1,28,2058.19
16.35,0,0.1,10,150.39,2,1999,1,0,0,27,4356.55
11.37,0,0.07,13,120.33,3,2009,1,1,3,17,2616.62
11.43,0,0.014,10,139.72,3,2009,1,1,3,17,3028.34
13.84,0,0.024,13,125.06,3,2009,1,1,3,17,3272.88
13.19,2,0.064,13,150.89,3,2009,1,1,3,17,3652.99
15.57,0,0.021,2,188.4,2,1999,1,0,0,27,4958.29
11.03,0,0.024,0,82.26,1,1998,2,2,1,28,1760.59
9.2,2,0.15,3,84.37,1,1998,2,2,1,28,1390.69
10.33,2,0.032,13,159.28,3,2009,1,1,3,17,3178.88
13.48,2,0.129,5,142.83,3,2009,1,1,3,17,3554.49
14.69,1,0.072,9,138.5,3,2009,1,1,3,17,3738.32
16.0,0,0.053,12,229.49,2,1999,1,0,0,27,5897.01
10.96,2,0.073,5,165.12,3,2009,1,1,3,17,3440.23
12.24,0,0.123,4,130.53,3,2009,1,1,3,17,3021.57
11.52,0,0.132,0,177.06,3,2009,1,1,3,17,3811.71
13.83,2,0.025,13,143.46,3,2009,1,1,3,17,3647.05
14.83,0,0.009,6,161.92,2,1999,1,0,0,27,4249.83
13.38,0,0.025,3,145.21,3,2009,1,1,3,17,3580.82
13.3,0,0.113,3,139.09,3,2009,1,1,3,17,3436.14
15.51,0,0.123,0,162.52,2,1999,1,0,0,27,4415.94
12.44,0,0.135,4,119.38,3,2009,1,1,3,17,2839.48
14.11,0,0.078,0,131.65,3,2009,1,1,3,17,4412.79
11.28,1,0.089,8,146.22,3,2009,1,1,3,17,4594.26
17.7,0,0.059,4,247.62,2,1999,1,0,0,27,6653.24
13.84,2,0.035,6,132.15,3,2009,1,1,3,17,3417.82
16.21,1,0.122,9,186.92,2,1999,1,0,0,27,5072.43
12.06,1,0.048,8,151.07,3,2009,1,1,3,17,3696.17
11.8,1,0.083,8,127.26,3,2009,1,1,3,17,2854.87
13.24,2,0.077,10,160.15,3,2009,1,1,3,17,3854.97
15.64,1,0.049,9,174.12,0,1987,0,1,2,39,4681.66
12.52,2,0.119,6,105.32,2,1999,1,0,0,27,6104.19
14.23,0,0.022,0,168.63,2,1999,1,0,0,27,4251.65
12.29,1,0.037,9,129.26,3,2009,1,1,3,17,3007.15
14.29,0,0.013,3,188.85,0,1987,0,1,2,39,4679.91
12.51,2,0.132,5,155.12,3,2009,1,1,3,17,3586.27
10.95,1,0.032,11,165.57,3,2009,1,1,3,17,3447.98
14.91,2,0.089,6,146.41,3,2009,1,1,3,17,3951.49
13.39,1,0.071,9,96.03,3,2009,1,1,3,17,2576.35
12.7,0,0.076,3,128.19,3,2009,1,1,3,17,3077.88
14.08,0,0.097,14,129.55,3,2009,1,1,3,17,3419.29
15.02,0,0.157,13,214.85,2,1999,1,0,0,27,5375.74
10.73,0,0.014,6,153.79,3,2009,1,1,3,17,3347.48
10.11,0,0.053,7,88.91,1,1998,2,2,1,28,1690.08
15.52,1,0.007,11,183.35,0,1987,0,1,2,39,4845.17
12.66,3,0.035,12,128.72,3,2009,1,1,3,17,3081.41
10.74,0,0.073,15,180.4,3,2009,1,1,3,17,3703.8
11.53,0,0.056,6,126.87,3,2009,1,1,3,17,2787.29
10.03,2,0.166,13,139.29,3,2009,1,1,3,17,2701.09
15.62,0,0.014,15,169.94,0,1987,0,1,2,39,4591.76
10.64,2,0.025,0,144.63,3,2009,1,1,3,17,2948.97
12.81,1,0.079,8,175.24,0,1987,0,1,2,39,4066.31
12.19,0,0.133,13,146.07,3,2009,1,1,3,17,3329.9
12.3,2,0.018,6,135.69,3,2009,1,1,3,17,3140.84
16.39,0,0.059,15,185.65,2,1999,1,0,0,27,5087.19
13.67,0,0.055,10,125.03,3,2009,1,1,3,17,3233.44
13.88,0,0.098,6,191.35,0,1987,0,1,2,39,4636.36
16.25,2,0.125,0,167.24,0,1987,0,1,2,39,4679.39
12.88,0,0.171,5,129.97,3,2009,1,1,3,17,2994.95
11.89,1,0.03,8,122.19,3,2009,1,1,3,17,2771.67
12.01,0,0.016,4,131.45,3,2009,1,1,3,17,2989.68
13.89,0,0.104,3,173.64,2,1999,1,0,0,27,4278.01
10.65,0,0.251,1,144.18,3,2009,1,1,3,17,2943.04
14.89,0,0.056,4,133.25,3,2009,1,1,3,17,3677.26
14.0,0,0.061,4,155.05,3,2009,1,1,3,17,3922.62
11.94,1,0.089,11,97.93,1,1998,2,2,1,28,2286.4
14.33,0,0.013,0,138.85,3,2009,1,1,3,17,3663.97
13.94,0,0.011,13,122.09,3,2009,1,1,3,17,3234.32
11.07,0,0.014,5,151.88,3,2009,1,1,3,17,3195.2
15.37,0,0.01,6,151.68,0,1987,0,1,2,39,4162.78
19.55,0,0.047,15,176.27,2,1999,1,0,0,27,5610.39
11.2,1,0.037,9,131.74,3,2009,1,1,3,17,2812.16
11.09,0,0.063,1,135.74,3,2009,1,1,3,17,2868.02
14.91,0,0.073,0,209.66,2,1999,1,0,0,27,5245.16
14.14,0,0.046,0,179.03,1,1998,2,2,1,28,1463.06
13.89,2,0.034,0,161.36,0,1987,0,1,2,39,4027.08
11.42,0,0.041,5,147.65,3,2009,1,1,3,17,3582.92
10.13,0,0.037,13,127.12,0,1987,0,1,2,39,2475.94
15.72,0,0.067,15,175.09,0,1987,0,1,2,39,4721.17
14.38,2,0.055,6,185.57,0,1987,0,1,2,39,4908.7
13.88,3,0.077,13,163.08,0,1987,0,1,2,39,4059.19
10.38,2,0.03,14,109.52,1,1998,2,2,1,28,2172.25
10.86,0,0.058,13,161.79,3,2009,1,1,3,17,3349.31
10.92,0,0.023,14,114.87,0,1987,0,1,2,39,2403.87
12.4,2,0.086,6,187.48,2,1999,1,0,0,27,4222.99
8.38,0,0.038,6,117.28,1,1998,2,2,1,28,1879.24
14.05,0,0.193,5,168.72,2,1999,1,0,0,27,4212.95
13.82,2,0.016,3,161.04,0,1987,0,1,2,39,4002.95
15.38,3,0.096,13,110.93,3,2009,1,1,3,17,3330.47
16.28,2,0.079,0,166.18,0,1987,0,1,2,39,4664.45
13.46,1,0.138,8,143.31,3,2009,1,1,3,17,3559.32
13.88,2,0.126,2,150.44,3,2009,1,1,3,17,3800.73
10.98,0,0.122,14,107.51,1,1998,2,2,1,28,2266.26
12.91,2,0.084,5,143.81,3,2009,1,1,3,17,3445.53
12.61,0,0.04,0,169.83,3,2009,1,1,3,17,3910.0
12.45,0,0.075,6,130.66,3,2009,1,1,3,17,3072.05
14.99,0,0.089,13,144.06,3,2009,1,1,3,17,3919.81
12.21,0,0.061,13,179.04,0,1987,0,1,2,39,4008.5
16.41,2,0.126,5,166.61,0,1987,0,1,2,39,4702.07
14.53,0,0.013,14,110.97,3,2009,1,1,3,17,3139.43
14.64,0,0.052,6,185.13,1,1998,2,2,1,28,1495.58
13.73,0,0.137,6,192.14,0,1987,0,1,2,39,4620.9
10.34,0,0.05,10,110.02,1,1998,2,2,1,28,2172.45
10.63,0,0.061,13,157.66,3,2009,1,1,3,17,3213.85
10.93,1,0.025,9,156.05,3,2009,1,1,3,17,3247.83
14.31,2,0.031,13,140.49,3,2009,1,1,3,17,3693.69
12.6,2,0.037,4,154.94,3,2009,1,1,3,17,3603.04
16.93,2,0.085,4,183.29,2,1999,1,0,0,27,5162.82
11.37,0,0.042,6,148.76,3,2009,1,1,3,17,3199.75
7.51,0,0.021,10,125.42,1,1998,2,2,1,28,1848.16
12.31,0,0.168,10,170.72,3,2009,1,1,3,17,3860.36
8.84,2,0.006,13,89.17,1,1998,2,2,1,28,1408.07
14.35,2,0.051,13,163.5,0,1987,0,1,2,39,4172.95
13.35,2,0.067,4,139.96,3,2009,1,1,3,17,3466.9
12.74,2,0.087,4,177.62,0,1987,0,1,2,39,4098.94
11.18,2,0.046,15,102.45,1,1998,2,2,1,28,2207.51
11.38,1,0.047,9,98.6,1,1998,2,2,1,28,2174.99
10.93,0,0.013,14,66.73,1,1998,2,2,1,28,1421.47
12.68,0,0.094,5,142.13,3,2009,1,1,3,17,3360.27
12.48,0,0.191,13,118.01,3,2009,1,1,3,17,2821.42
9.55,0,0.108,3,92.17,1,1998,2,2,1,28,1630.26
10.78,2,0.128,13,170.3,3,2009,1,1,3,17,3506.27
11.36,0,0.14,14,152.15,3,2009,1,1,3,17,3265.06
11.61,0,0.023,4,164.4,3,2009,1,1,3,17,3572.93
13.2,0,0.077,6,136.92,3,2009,1,1,3,17,3370.6
10.56,0,0.051,14,143.92,3,2009,1,1,3,17,2917.5
15.88,0,0.018,14,155.4,2,1999,1,0,0,27,4354.72
10.22,1,0.024,9,186.52,3,2009,1,1,3,17,3711.48
9.57,0,0.079,3,121.06,1,1998,2,2,1,28,2224.5
11.79,0,0.023,6,154.96,3,2009,1,1,3,17,3420.41
11.36,0,0.094,5,142.11,3,2009,1,1,3,17,4111.76
17.53,2,0.058,5,193.39,2,1999,1,0,0,27,5504.35
14.2,2,0.054,4,112.5,3,2009,1,1,3,17,3097.33
13.97,2,0.117,4,105.52,3,2009,1,1,3,17,2902.79
11.57,2,0.076,4,184.69,3,2009,1,1,3,17,3980.2
10.64,0,0.144,15,150.91,3,2009,1,1,3,17,3077.83
10.76,0,0.068,10,135.43,3,2009,1,1,3,17,2787.04
11.99,0,0.013,4,138.93,3,2009,1,1,3,17,3137.01
9.67,1,0.082,9,104.08,1,1998,2,2,1,28,1900.56
9.87,1,0.023,8,122.38,0,1987,0,1,2,39,2320.07
10.77,1,0.069,9,145.19,3,2009,1,1,3,17,2990.53
9.91,2,0.044,3,136.33,3,2009,1,1,3,17,2615.44
8.9,2,0.076,0,143.36,3,2009,1,1,3,17,2531.01
9.12,0,0.141,6,160.61,3,2009,1,1,3,17,2932.66
11.43,2,0.143,7,104.91,0,1987,0,1,2,39,2315.21
14.61,0,0.093,15,147.49,3,2009,1,1,3,17,3905.37
11.12,0,0.024,15,149.28,3,2009,1,1,3,17,3152.15
12.94,1,0.286,9,194.75,2,1999,1,0,0,27,4494.62
12.44,2,0.292,3,125.43,3,2009,1,1,3,17,2963.87
13.8,0,0.081,6,139.15,3,2009,1,1,3,17,3551.38
14.46,0,0.012,10,140.34,3,2009,1,1,3,17,3725.26
20.22,0,0.05,0,210.05,2,1999,1,0,0,27,6451.88
7.96,0,0.027,5,126.91,1,1998,2,2,1,28,1980.89
8.27,2,0.145,13,116.25,1,1998,2,2,1,28,1833.36
8.91,1,0.063,11,118.37,1,1998,2,2,1,28,2022.01
11.86,1,0.042,9,138.15,3,2009,1,1,3,17,3091.75
12.79,1,0.012,8,154.5,3,2009,1,1,3,17,3637.08
15.06,2,0.118,6,132.98,3,2009,1,1,3,17,3708.73
11.38,0,0.125,5,175.82,3,2009,1,1,3,17,3755.34
16.46,1,0.073,8,126.51,3,2009,1,1,3,17,3894.09
12.74,0,0.058,15,112.05,3,2009,1,1,3,17,2756.8
12.71,2,0.132,15,125.12,3,2009,1,1,3,17,3018.01
11.37,0,0.12,6,106.48,0,1987,0,1,2,39,3802.7
13.28,0,0.072,13,208.64,0,1987,0,1,2,39,4854.85
10.56,2,0.151,13,119.23,0,1987,0,1,2,39,2411.64
12.65,1,0.038,9,137.61,3,2009,1,1,3,17,3258.76
13.52,0,0.046,7,86.63,0,1987,0,1,2,39,2413.77
12.89,2,0.047,14,151.99,3,2009,1,1,3,17,3608.05
13.32,0,0.092,6,129.5,3,2009,1,1,3,17,3245.63
8.72,0,0.132,10,137.37,0,1987,0,1,2,39,2366.22
8.29,0,0.022,14,101.45,1,1998,2,2,1,28,1533.69
10.77,1,0.091,9,131.52,3,2009,1,1,3,17,2709.24
11.09,0,0.076,1,111.05,0,1987,0,1,2,39,2363.7
9.79,1,0.043,9,99.46,1,1998,2,2,1,28,1832.68
13.53,0,0.147,3,127.14,3,2009,1,1,3,17,3244.05
10.99,0,0.082,13,98.81,1,1998,2,2,1,28,2091.74
19.4,0,0.059,5,152.22,2,1999,1,0,0,27,5083.67
15.18,2,0.012,13,162.05,2,1999,1,0,0,27,4331.44
11.13,0,0.065,10,123.74,3,2009,1,1,3,17,2632.22
14.02,0,0.021,0,122.85,3,2009,1,1,3,17,3267.26
8.53,0,0.026,13,104.58,1,1998,2,2,1,28,1652.8
11.5,0,0.025,0,134.27,3,2009,1,1,3,17,2931.39
11.23,0,0.079,13,124.94,3,2009,1,1,3,17,2679.62
14.38,3,0.035,2,174.47,2,1999,1,0,0,27,4404.59
11.16,0,0.096,10,142.9,3,2009,1,1,3,17,3032.16
14.03,2,0.048,4,144.28,3,2009,1,1,3,17,3708.97
11.58,1,0.09,9,123.81,3,2009,1,1,3,17,2735.03
12.24,0,0.029,6,194.68,2,1999,1,0,0,27,4335.05
12.14,0,0.035,10,111.69,3,2009,1,1,3,17,2614.62
13.21,1,0.097,9,144.52,3,2009,1,1,3,17,3528.18
8.57,0,0.112,10,111.78,1,1998,2,2,1,28,1808.35
14.23,0,0.079,0,123.07,3,2009,1,1,3,17,3320.06
10.01,0,0.123,4,142.25,3,2009,1,1,3,17,2758.9
12.5,0,0.03,0,155.12,3,2009,1,1,3,17,3583.24
14.68,0,0.063,10,115.49,3,2009,1,1,3,17,3266.3
15.62,0,0.102,13,200.97,2,1999,1,0,0,27,5226.64
9.82,0,0.045,0,128.34,0,1987,0,1,2,39,2431.05
9.63,2,0.035,6,62.64,1,1998,2,2,1,28,1044.19
11.52,2,0.023,5,177.78,3,2009,1,1,3,17,3827.31
14.31,1,0.033,8,151.97,3,2009,1,1,3,17,3928.7
9.14,0,0.098,6,117.87,1,1998,2,2,1,28,2061.73
13.17,0,0.043,4,119.91,3,2009,1,1,3,17,3015.8
9.47,2,0.049,13,142.76,3,2009,1,1,3,17,2646.48
12.79,0,0.036,13,145.74,3,2009,1,1,3,17,3457.71
13.41,2,0.086,3,138.12,3,2009,1,1,3,17,3442.0
12.68,0,0.058,6,74.35,1,1998,2,2,1,28,1971.33
14.85,0,0.047,4,138.58,3,2009,1,1,3,17,3777.26
13.56,0,0.184,15,136.92,3,2009,1,1,3,17,3452.36
10.31,0,0.07,4,122.61,0,1987,0,1,2,39,2423.71
16.73,0,0.066,4,166.21,0,1987,0,1,2,39,4766.5
14.0,2,0.06,6,170.11,2,1999,1,0,0,27,4231.07
11.38,0,0.025,6,136.82,3,2009,1,1,3,17,2957.77
14.8,0,0.169,5,146.0,3,2009,1,1,3,17,3918.17
9.16,0,0.049,5,110.5,1,1998,2,2,1,28,1915.79
13.79,0,0.115,15,176.35,2,1999,1,0,0,27,4309.23
10.99,1,0.012,8,170.4,3,2009,1,1,3,17,3556.0
13.01,0,0.036,5,174.9,0,1987,0,1,2,39,4104.27
14.73,2,0.019,14,150.93,0,1987,0,1,2,39,4003.21
11.62,0,0.059,3,144.32,3,2009,1,1,3,17,3163.43
12.73,0,0.027,0,144.29,3,2009,1,1,3,17,5462.86
14.09,1,0.036,8,207.15,2,1999,1,0,0,27,5007.99
12.52,0,0.128,13,136.44,3,2009,1,1,3,17,3205.5
10.15,0,0.032,6,135.64,3,2009,1,1,3,17,2653.52
11.07,2,0.102,0,96.39,1,1998,2,2,1,28,1756.35
14.09,0,0.151,3,169.31,2,1999,1,0,0,27,4234.89
15.32,0,0.078,4,173.06,0,1987,0,1,2,39,4587.7
13.19,0,0.047,4,113.67,3,2009,1,1,3,17,2892.56
14.61,0,0.094,13,165.52,2,1999,1,0,0,27,5720.28
14.08,0,0.142,4,160.08,0,1987,0,1,2,39,4043.53
10.56,2,0.009,4,106.88,1,1998,2,2,1,28,2158.29
14.08,1,0.048,8,121.62,3,2009,1,1,3,17,3256.49
12.72,2,0.054,13,186.18,2,1999,1,0,0,27,4269.08
14.55,2,0.092,6,197.58,0,1987,0,1,2,39,4917.22
15.47,0,0.094,6,152.2,0,1987,0,1,2,39,4195.95
10.98,2,0.031,13,168.61,3,2009,1,1,3,17,3515.83
10.52,0,0.044,0,87.07,1,1998,2,2,1,28,1745.42
14.23,0,0.046,13,107.34,3,2009,1,1,3,17,2997.33
14.19,0,0.08,6,143.34,3,2009,1,1,3,17,3724.87
15.15,0,0.048,6,178.89,0,1987,0,1,2,39,4669.85
12.47,1,0.017,8,174.78,3,2009,1,1,3,17,3980.71
15.0,2,0.016,6,164.02,2,1999,1,0,0,27,4331.07
14.64,0,0.074,13,200.85,0,1987,0,1,2,39,2626.61
7.69,1,0.025,9,111.11,1,1998,2,2,1,28,1597.6
15.58,2,0.046,5,186.63,0,1987,0,1,2,39,4924.65
11.0,1,0.038,9,139.71,3,2009,1,1,3,17,2929.3
13.4,1,0.024,9,101.68,3,2009,1,1,3,17,2694.77
16.69,0,0.083,5,200.25,2,1999,1,0,0,27,5455.22
13.83,1,0.1,8,134.77,3,2009,1,1,3,17,3469.51
10.94,0,0.074,3,157.78,3,2009,1,1,3,17,3286.41
10.32,1,0.09,9,151.9,3,2009,1,1,3,17,3026.48
12.45,0,0.045,5,143.25,3,2009,1,1,3,17,3328.99
16.97,2,0.057,0,155.79,0,1987,0,1,2,39,4609.26
12.27,2,0.047,4,115.22,3,2009,1,1,3,17,2714.93
13.86,0,0.061,14,152.03,3,2009,1,1,3,17,3827.48
14.0,1,0.066,9,136.94,3,2009,1,1,3,17,3551.29
11.47,0,0.049,3,157.96,3,2009,1,1,3,17,3410.0
14.32,0,0.058,10,156.33,0,1987,0,1,2,39,4020.89
10.79,0,0.022,13,134.34,3,2009,1,1,3,17,2773.15
15.11,2,0.053,13,183.43,0,1987,0,1,2,39,4752.54
12.77,0,0.081,13,146.32,3,2009,1,1,3,17,3466.02
12.03,1,0.02,8,95.47,1,1998,2,2,1,28,2256.39
16.07,0,0.03,0,189.89,2,1999,1,0,0,27,5102.49
13.05,2,0.015,5,145.06,3,2009,1,1,3,17,3501.91
13.14,0,0.131,3,170.49,0,1987,0,1,2,39,4043.7
13.8,0,0.021,3,130.88,3,2009,1,1,3,17,3381.43
15.42,2,0.021,5,187.03,0,1987,0,1,2,39,4897.07
18.94,0,0.128,14,194.74,2,1999,1,0,0,27,5851.43
12.06,0,0.058,1,131.64,3,2009,1,1,3,17,3004.58
15.44,0,0.122,6,154.64,1,1998,2,2,1,28,1555.51
16.45,0,0.052,10,173.16,2,1999,1,0,0,27,4846.35
11.17,1,0.044,9,122.37,3,2009,1,1,3,17,2613.04
13.16,0,0.031,13,178.14,2,1999,1,0,0,27,4203.34
10.21,2,0.026,6,88.16,1,1998,2,2,1,28,1697.43
12.56,0,0.023,10,134.11,3,2009,1,1,3,17,3167.84
10.71,0,0.026,0,152.1,3,2009,1,1,3,17,3117.95
15.45,1,0.029,8,216.55,2,1999,1,0,0,27,5507.07
12.75,0,0.038,10,103.29,3,2009,1,1,3,17,2579.95
12.76,1,0.118,9,132.28,3,2009,1,1,3,17,3175.12
10.81,2,0.04,5,117.47,0,1987,0,1,2,39,2433.02
13.54,2,0.084,6,157.19,3,2009,1,1,3,17,3860.77
16.69,0,0.077,14,181.39,2,1999,1,0,0,27,5068.61
12.56,1,0.042,9,141.34,3,2009,1,1,3,17,4922.38
10.34,0,0.052,4,163.11,3,2009,1,1,3,17,3885.82
12.85,0,0.038,12,124.41,3,2009,1,1,3,17,3035.36
9.58,0,0.133,0,142.33,3,2009,1,1,3,17,2661.65
12.16,2,0.112,4,129.54,3,2009,1,1,3,17,2984.59
9.34,0,0.023,6,148.52,3,2009,1,1,3,17,2734.26
12.5,2,0.216,13,144.93,3,2009,1,1,3,17,3376.61
9.73,0,0.018,10,141.48,3,2009,1,1,3,17,2680.13
8.91,2,0.026,3,132.93,0,1987,0,1,2,39,2318.55
17.54,0,0.012,14,217.37,2,1999,1,0,0,27,5995.91
12.71,0,0.136,15,134.76,3,2009,1,1,3,17,3216.12
13.75,2,0.079,15,114.59,3,2009,1,1,3,17,3036.96
11.89,1,0.11,8,110.23,3,2009,1,1,3,17,3204.21
15.81,0,0.172,10,124.71,3,2009,1,1,3,17,3710.66
15.27,2,0.038,0,168.12,2,1999,1,0,0,27,4475.83
12.72,2,0.068,10,134.18,3,2009,1,1,3,17,3205.09
15.74,2,0.17,5,172.77,0,1987,0,1,2,39,4678.07
13.17,0,0.055,14,168.8,0,1987,0,1,2,39,4015.24
12.68,0,0.017,13,102.94,3,2009,1,1,3,17,2556.84
12.5,0,0.063,5,163.97,3,2009,1,1,3,17,3765.35
9.77,0,0.125,3,133.15,3,2009,1,1,3,17,2518.7
14.54,1,0.017,8,169.96,2,1999,1,0,0,27,4350.0
11.93,2,0.055,4,142.75,3,2009,1,1,3,17,3202.1
12.92,0,0.052,4,129.27,3,2009,1,1,3,17,3150.33
14.51,0,0.067,5,182.65,0,1987,0,1,2,39,4600.85
15.78,0,0.007,10,183.84,0,1987,0,1,2,39,4913.85
12.14,2,0.047,6,132.51,3,2009,1,1,3,17,3041.1
16.59,0,0.174,6,175.62,2,1999,1,0,0,27,4928.88
10.42,1,0.034,8,123.46,0,1987,0,1,2,39,2466.05
15.73,1,0.035,9,180.51,0,1987,0,1,2,39,4834.18
14.69,0,0.076,4,171.16,2,1999,1,0,0,27,4407.9
15.36,1,0.056,8,187.11,0,1987,0,1,2,39,2389.37
9.76,0,0.07,13,153.64,3,2009,1,1,3,17,2934.21
9.2,0,0.136,3,66.56,1,1998,2,2,1,28,1025.57
15.36,1,0.073,8,206.63,2,1999,1,0,0,27,5283.68
17.55,0,0.058,14,209.8,2,1999,1,0,0,27,5845.17
15.66,0,0.075,6,175.18,0,1987,0,1,2,39,4708.78
10.59,1,0.136,9,173.42,3,2009,1,1,3,17,3526.79
11.3,0,0.282,0,173.55,3,2009,1,1,3,17,3690.66
9.15,2,0.106,7,104.7,1,1998,2,2,1,28,1795.31
8.06,0,0.049,6,129.72,1,1998,2,2,1,28,2059.98
15.41,0,0.116,4,181.24,0,1987,0,1,2,39,4776.76
14.27,0,0.01,13,184.71,0,1987,0,1,2,39,4590.05
12.51,2,0.153,4,142.92,3,2009,1,1,3,17,3337.19
15.17,2,0.092,10,182.35,0,1987,0,1,2,39,4744.18
14.33,0,0.076,4,180.41,0,1987,0,1,2,39,4516.09
17.64,0,0.024,3,188.22,2,1999,1,0,0,27,5422.65
13.47,0,0.123,4,169.15,0,1987,0,1,2,39,4089.79
14.51,2,0.055,5,139.9,3,2009,1,1,3,17,3726.7
13.85,2,0.033,10,159.07,3,2009,1,1,3,17,3969.81
12.79,0,0.036,5,162.67,3,2009,1,1,3,17,3804.06
11.46,0,0.03,6,154.19,3,2009,1,1,3,17,3331.33
10.63,0,0.015,4,130.63,3,2009,1,1,3,17,2660.71
13.53,0,0.038,10,130.74,3,2009,1,1,3,17,3317.51
12.51,2,0.098,6,160.26,3,2009,1,1,3,17,3692.39
11.8,0,0.064,6,139.51,3,2009,1,1,3,17,3107.73
11.17,0,0.076,13,132.94,3,2009,1,1,3,17,2830.8
15.28,1,0.061,9,179.62,0,1987,0,1,2,39,4714.58
11.15,1,0.035,9,204.67,0,1987,0,1,2,39,4532.81
11.35,0,0.111,0,90.63,1,1998,2,2,1,28,2004.7
10.76,0,0.007,0,171.82,3,2009,1,1,3,17,3532.18
10.49,0,0.016,13,142.38,3,2009,1,1,3,17,2868.18
16.9,0,0.28,0,179.19,2,1999,1,0,0,27,5072.25
8.04,1,0.077,8,101.64,1,1998,2,2,1,28,1481.58
13.97,0,0.142,14,142.2,3,2009,1,1,3,17,3651.46
9.46,2,0.026,5,163.09,3,2009,1,1,3,17,3061.18
16.15,2,0.185,3,168.51,0,1987,0,1,2,39,4684.13
12.02,2,0.089,5,153.28,3,2009,1,1,3,17,3438.3
13.53,0,0.057,6,128.73,3,2009,1,1,3,17,3278.08
14.09,0,0.097,13,206.9,2,1999,1,0,0,27,5003.35
11.1,2,0.028,5,113.17,0,1987,0,1,2,39,4810.31
11.21,0,0.048,6,166.96,3,2009,1,1,3,17,3535.15
14.69,0,0.031,4,151.12,3,2009,1,1,3,17,3997.94
12.01,2,0.077,6,142.55,3,2009,1,1,3,17,3216.78
13.39,2,0.072,0,125.38,3,2009,1,1,3,17,3177.17
12.53,0,0.042,4,165.88,3,2009,1,1,3,17,3811.02
11.41,0,0.059,5,146.17,3,2009,1,1,3,17,3153.86
10.13,1,0.015,9,135.17,3,2009,1,1,3,17,2639.89
11.91,0,0.045,4,129.12,3,2009,1,1,3,17,2919.63
14.22,1,0.048,9,141.09,3,2009,1,1,3,17,3687.04
9.06,0,0.027,3,152.67,3,2009,1,1,3,17,2757.64
10.98,0,0.168,10,115.45,0,1987,0,1,2,39,2428.1
14.43,0,0.075,13,142.59,3,2009,1,1,3,17,3763.97
12.15,0,0.098,10,207.69,0,1987,0,1,2,39,4580.51
8.59,2,0.061,10,118.84,1,1998,2,2,1,28,1958.5
13.61,2,0.081,3,162.05,3,2009,1,1,3,17,3976.96
14.79,1,0.144,8,128.07,3,2009,1,1,3,17,3547.76
12.51,0,0.093,7,172.55,3,2009,1,1,3,17,3942.89
13.15,2,0.007,5,140.49,3,2009,1,1,3,17,3431.81
10.78,1,0.018,8,138.62,3,2009,1,1,3,17,2857.3
13.58,1,0.051,9,90.16,3,2009,1,1,3,17,2500.02
10.5,0,0.14,0,106.26,1,1998,2,2,1,28,2131.75
13.39,1,0.022,11,153.93,3,2009,1,1,3,17,3760.81
14.94,0,0.053,6,177.84,0,1987,0,1,2,39,4942.52
11.47,0,0.058,10,178.4,3,2009,1,1,3,17,3827.72
14.97,0,0.015,6,150.82,0,1987,0,1,2,39,4054.55
11.89,1,0.156,9,131.49,3,2009,1,1,3,17,2963.71
10.29,1,0.174,8,100.03,1,1998,2,2,1,28,1957.85
13.89,0,0.064,14,123.74,3,2009,1,1,3,17,3255.41
14.67,2,0.095,0,123.96,3,2009,1,1,3,17,3437.71
10.47,1,0.014,9,138.12,3,2009,1,1,3,17,2778.17
13.75,0,0.061,6,164.34,0,1987,0,1,2,39,4055.47
10.54,2,0.033,10,158.75,3,2009,1,1,3,17,3215.21
13.68,0,0.041,7,196.53,0,1987,0,1,2,39,4697.71
14.66,0,0.066,12,193.33,2,1999,1,0,0,27,5047.32
10.02,0,0.022,13,119.78,0,1987,0,1,2,39,2300.58
11.76,2,0.093,3,169.01,1,1998,2,2,1,28,536.2
13.94,0,0.147,3,158.27,3,2009,1,1,3,17,3974.5
11.4,0,0.066,6,183.68,3,2009,1,1,3,17,3919.07
11.24,2,0.071,5,153.15,3,2009,1,1,3,17,3258.06
10.77,0,0.104,6,114.96,0,1987,0,1,2,39,2371.56
12.48,0,0.076,3,179.08,0,1987,0,1,2,39,4069.64
13.7,1,0.16,8,184.37,2,1999,1,0,0,27,4453.75
15.64,0,0.016,5,155.88,2,1999,1,0,0,27,4310.03
9.05,0,0.073,6,106.63,1,1998,2,2,1,28,1812.02
12.97,0,0.119,13,148.91,3,2009,1,1,3,17,3563.77
15.89,0,0.073,0,141.69,0,1987,0,1,2,39,4074.94
13.71,0,0.175,4,123.9,3,2009,1,1,3,17,3218.7
14.3,1,0.037,9,121.43,3,2009,1,1,3,17,3300.95
11.82,2,0.047,10,76.55,1,1998,2,2,1,28,1823.47
12.48,0,0.026,5,99.54,0,1987,0,1,2,39,2442.86
12.29,1,0.123,9,159.9,3,2009,1,1,3,17,3633.8
8.95,2,0.016,0,108.2,1,1998,2,2,1,28,1821.4
9.84,0,0.111,5,106.15,1,1998,2,2,1,28,1982.25
15.96,1,0.08,8,176.87,0,1987,0,1,2,39,4810.74
14.39,2,0.033,14,180.9,0,1987,0,1,2,39,4537.94
14.26,2,0.026,10,181.37,0,1987,0,1,2,39,4519.54
9.11,1,0.054,9,123.37,1,1998,2,2,1,28,2167.55
12.16,0,0.017,10,123.61,3,2009,1,1,3,17,2862.12
10.36,2,0.089,5,138.92,3,2009,1,1,3,17,2768.51
11.86,0,0.027,4,169.84,3,2009,1,1,3,17,3741.18
14.86,0,0.031,3,190.16,0,1987,0,1,2,39,4833.74
11.16,1,0.099,9,176.02,3,2009,1,1,3,17,3709.97
14.98,0,0.021,5,159.73,2,1999,1,0,0,27,4239.51
13.92,0,0.013,5,175.56,2,1999,1,0,0,27,4323.92
15.07,0,0.082,5,167.61,2,1999,1,0,0,27,4420.9
11.92,0,0.053,6,138.27,3,2009,1,1,3,17,3109.47
11.48,0,0.121,6,135.07,3,2009,1,1,3,17,2943.18
13.19,2,0.104,15,143.69,3,2009,1,1,3,17,3506.0
12.04,3,0.132,3,135.04,3,2009,1,1,3,17,3068.91
12.1,2,0.006,5,108.13,3,2009,1,1,3,17,2533.09
10.02,2,0.026,5,115.99,1,1998,2,2,1,28,2222.25
13.91,1,0.12,8,128.0,3,2009,1,1,3,17,3348.83
14.63,2,0.112,6,191.61,0,1987,0,1,2,39,4812.87
17.34,1,0.076,8,229.58,2,1999,1,0,0,27,6201.6
12.02,1,0.026,8,186.55,0,1987,0,1,2,39,4119.53
10.78,0,0.053,6,193.54,3,2009,1,1,3,17,3981.89
10.35,3,0.017,6,95.05,1,1998,2,2,1,28,1869.49
12.28,0,0.021,6,143.51,3,2009,1,1,3,17,3297.26
15.24,0,0.099,3,188.53,0,1987,0,1,2,39,4886.53
15.46,0,0.021,6,191.51,2,1999,1,0,0,27,4997.66
12.15,0,0.04,10,160.78,3,2009,1,1,3,17,3619.87
16.33,2,0.057,13,177.97,2,1999,1,0,0,27,4916.45
15.1,1,0.142,9,211.63,2,1999,1,0,0,27,5327.77
14.94,0,0.057,6,181.81,0,1987,0,1,2,39,4682.06
12.63,2,0.015,5,180.84,0,1987,0,1,2,39,4139.88
12.52,1,0.052,9,141.3,3,2009,1,1,3,17,3306.31
14.57,2,0.143,5,196.26,0,1987,0,1,2,39,4893.46
14.73,2,0.069,4,157.99,0,1987,0,1,2,39,4146.36
13.67,0,0.069,3,136.91,3,2009,1,1,3,17,3476.08
11.04,0,0.128,14,149.87,3,2009,1,1,3,17,3146.18
12.77,1,0.021,8,215.52,0,1987,0,1,2,39,4880.15
11.53,2,0.083,5,158.53,3,2009,1,1,3,17,3435.06
13.17,2,0.034,6,122.91,3,2009,1,1,3,17,3077.27
13.29,0,0.06,13,112.89,3,2009,1,1,3,17,2898.97
12.46,0,0.017,7,106.03,3,2009,1,1,3,17,2550.85
10.94,2,0.131,6,148.75,3,2009,1,1,3,17,3101.04
15.76,2,0.128,14,177.51,0,1987,0,1,2,39,4779.23
9.5,2,0.11,6,96.12,1,1998,2,2,1,28,1699.26
12.31,2,0.125,4,190.94,2,1999,1,0,0,27,4274.42
16.21,0,0.056,13,129.8,3,2009,1,1,3,17,3905.4
13.37,1,0.09,11,181.22,2,1999,1,0,0,27,4315.16
12.75,2,0.028,10,136.17,3,2009,1,1,3,17,3252.6
12.35,2,0.005,3,157.91,3,2009,1,1,3,17,4345.5
6.44,0,0.007,4,79.33,1,1998,2,2,1,28,1323.04
6.37,0,0.085,5,64.71,1,1998,2,2,1,28,350.0
10.72,2,0.083,6,119.55,0,1987,0,1,2,39,2453.7
8.77,0,0.164,0,122.41,1,1998,2,2,1,28,2071.93
13.74,2,0.078,5,124.69,3,2009,1,1,3,17,3242.71
9.66,0,0.027,6,157.15,3,2009,1,1,3,17,2984.02
13.81,0,0.011,5,173.28,2,1999,1,0,0,27,4252.78
12.86,0,0.174,6,160.58,3,2009,1,1,3,17,3777.87
11.35,0,0.032,6,118.98,3,2009,1,1,3,17,2584.33
20.31,0,0.131,13,190.63,2,1999,1,0,0,27,6075.11
9.24,1,0.03,9,128.9,0,1987,0,1,2,39,2311.73
11.8,1,0.046,11,126.14,1,1998,2,2,1,28,578.93
17.4,0,0.021,6,186.39,2,1999,1,0,0,27,5332.56
16.63,0,0.099,1,191.04,2,1999,1,0,0,27,5252.45
12.53,0,0.021,6,138.42,3,2009,1,1,3,17,3249.93
10.04,1,0.042,9,119.11,1,1998,2,2,1,28,2292.63
14.61,0,0.026,1,141.85,3,2009,1,1,3,17,3788.57
12.45,1,0.056,9,83.69,1,1998,2,2,1,28,2111.07
13.99,1,0.083,8,145.92,3,2009,1,1,3,17,3733.52
10.16,0,0.109,4,124.5,0,1987,0,1,2,39,2428.39
12.69,2,0.049,15,167.51,3,2009,1,1,3,17,3881.48
11.99,2,0.183,5,159.66,3,2009,1,1,3,17,3562.91
13.87,0,0.129,13,142.63,3,2009,1,1,3,17,3637.27
13.22,1,0.018,11,142.85,3,2009,1,1,3,17,3495.87
12.62,0,0.049,5,119.51,3,2009,1,1,3,17,2881.91
13.05,0,0.027,6,155.6,3,2009,1,1,3,17,3718.89
17.68,0,0.049,0,152.4,2,1999,1,0,0,27,4699.08
8.53,0,0.088,0,122.87,1,1998,2,2,1,28,1918.06
14.11,2,0.044,13,160.03,0,1987,0,1,2,39,4048.68
15.73,0,0.016,5,154.08,2,1999,1,0,0,27,4291.93
11.83,2,0.123,5,130.51,3,2009,1,1,3,17,4968.47
15.79,2,0.082,15,192.06,2,1999,1,0,0,27,5084.36
12.98,0,0.021,10,124.86,3,2009,1,1,3,17,3073.1
12.95,0,0.027,0,168.21,1,1998,2,2,1,28,860.61
9.63,1,0.121,8,142.24,3,2009,1,1,3,17,2671.29
16.36,1,0.077,8,186.49,2,1999,1,0,0,27,5097.31
10.54,2,0.04,14,111.83,1,1998,2,2,1,28,2255.06
12.16,1,0.039,9,124.07,3,2009,1,1,3,17,2872.23
12.51,2,0.058,14,154.73,3,2009,1,1,3,17,3579.68
8.9,1,0.076,11,145.36,3,2009,1,1,3,17,2571.72
10.35,0,0.1,13,130.27,3,2009,1,1,3,17,2589.27
8.35,2,0.028,4,84.27,1,1998,2,2,1,28,1196.06
11.24,0,0.128,4,153.2,3,2009,1,1,3,17,3259.92
11.65,2,0.084,2,169.04,3,2009,1,1,3,17,3676.75
11.91,0,0.096,13,125.39,3,2009,1,1,3,17,2842.55
12.78,2,0.05,0,167.99,3,2009,1,1,3,17,3911.7
10.19,2,0.113,0,171.99,3,2009,1,1,3,17,3407.4
10.88,1,0.052,8,124.46,3,2009,1,1,3,17,2591.06
13.75,0,0.016,6,172.22,2,1999,1,0,0,27,4216.32
14.21,0,0.078,13,123.73,3,2009,1,1,3,17,3328.86
15.13,0,0.099,10,148.98,0,1987,0,1,2,39,4914.05
10.24,2,0.059,10,115.23,1,1998,2,2,1,28,2257.56
13.46,2,0.033,0,129.62,3,2009,1,1,3,17,3278.39
12.03,1,0.084,9,127.16,3,2009,1,1,3,17,2905.27
12.69,0,0.025,10,128.45,3,2009,1,1,3,17,3081.17
10.29,0,0.121,6,152.06,3,2009,1,1,3,17,3023.14
10.15,0,0.022,6,108.61,1,1998,2,2,1,28,2102.68
13.26,0,0.037,4,147.89,3,2009,1,1,3,17,3607.36
11.35,0,0.016,6,171.34,3,2009,1,1,3,17,3656.26
12.79,2,0.041,6,168.13,3,2009,1,1,3,17,3915.74
13.88,0,0.036,4,142.94,3,2009,1,1,3,17,3646.58
12.21,0,0.034,0,133.22,3,2009,1,1,3,17,3070.12
13.4,2,0.126,2,151.84,3,2009,1,1,3,17,3720.6
11.67,2,0.107,13,122.42,3,2009,1,1,3,17,2727.11
14.05,0,0.191,13,130.02,3,2009,1,1,3,17,3420.56
11.3,0,0.029,6,130.27,3,2009,1,1,3,17,2803.51
14.34,0,0.043,13,192.42,0,1987,0,1,2,39,4763.64
13.33,2,0.082,4,135.39,3,2009,1,1,3,17,3368.53
20.3,0,0.081,13,234.78,2,1999,1,0,0,27,6977.43
8.99,0,0.045,7,73.33,1,1998,2,2,1,28,1116.94
13.82,0,0.156,5,181.45,2,1999,1,0,0,27,4421.66
14.38,0,0.025,4,184.71,2,1999,1,0,0,27,5020.24
12.76,2,0.029,3,168.21,3,2009,1,1,3,17,3911.6
14.53,0,0.047,10,157.05,0,1987,0,1,2,39,4082.12
12.32,2,0.053,5,173.75,3,2009,1,1,3,17,3924.54
6.89,1,0.035,9,117.48,1,1998,2,2,1,28,1545.55
11.11,2,0.105,13,134.32,3,2009,1,1,3,17,2845.55
12.57,0,0.052,0,119.79,3,2009,1,1,3,17,2876.45
12.28,0,0.083,4,194.11,2,1999,1,0,0,27,4333.03
12.57,1,0.025,9,110.3,3,2009,1,1,3,17,2683.82
9.76,2,0.015,13,139.5,1,1998,2,2,1,28,1474.53
13.37,0,0.045,14,127.97,3,2009,1,1,3,17,3225.96
14.83,0,0.147,0,183.62,0,1987,0,1,2,39,4693.97
11.85,0,0.137,1,172.17,3,2009,1,1,3,17,3787.16
12.52,1,0.041,8,190.87,2,1999,1,0,0,27,4320.6
12.5,2,0.214,13,128.47,3,2009,1,1,3,17,3039.56
15.98,0,0.052,3,168.47,0,1987,0,1,2,39,4643.63
10.56,0,0.025,13,161.71,3,2009,1,1,3,17,3280.84
12.81,0,0.025,13,143.16,3,2009,1,1,3,17,3410.04
13.66,2,0.035,14,122.04,3,2009,1,1,3,17,3168.81
13.13,2,0.095,13,116.75,3,2009,1,1,3,17,2942.07
15.76,2,0.032,3,201.96,2,1999,1,0,0,27,5278.9
18.12,0,0.116,4,210.29,2,1999,1,0,0,27,5983.84
13.44,3,0.142,14,150.33,3,2009,1,1,3,17,3699.68
10.88,2,0.031,10,138.9,3,2009,1,1,3,17,2886.87
11.08,0,0.013,3,132.08,3,2009,1,1,3,17,2791.76
10.44,1,0.012,8,141.51,3,2009,1,1,3,17,2840.46
8.12,2,0.038,10,167.21,3,2009,1,1,3,17,2842.08
16.66,0,0.038,0,162.77,0,1987,0,1,2,39,4680.99
14.06,0,0.053,14,169.1,2,1999,1,0,0,27,4222.29
13.31,0,0.077,0,169.93,0,1987,0,1,2,39,4070.89
11.91,1,0.052,9,139.42,3,2009,1,1,3,17,3130.11
8.2,0,0.114,3,171.96,3,2009,1,1,3,17,2957.91
13.64,0,0.021,12,163.72,0,1987,0,1,2,39,4017.87
11.67,0,0.075,5,77.24,1,1998,2,2,1,28,1804.16
13.23,0,0.037,6,151.76,3,2009,1,1,3,17,3681.34
13.42,0,0.131,6,136.64,3,2009,1,1,3,17,3415.11
9.16,0,0.016,7,97.23,1,1998,2,2,1,28,1645.96
9.33,2,0.021,0,141.68,3,2009,1,1,3,17,2592.1
15.71,2,0.143,14,169.1,0,1987,0,1,2,39,4594.73
14.2,0,0.035,6,170.12,2,1999,1,0,0,27,4275.96
14.28,1,0.084,8,148.82,3,2009,1,1,3,17,3856.98
10.13,2,0.114,10,163.85,3,2009,1,1,3,17,3227.91
12.21,1,0.048,8,124.59,3,2009,1,1,3,17,2894.65
12.65,2,0.064,13,168.33,3,2009,1,1,3,17,3887.86
11.45,1,0.076,8,135.71,3,2009,1,1,3,17,2950.97
12.97,0,0.04,4,165.45,3,2009,1,1,3,17,3901.29
13.32,2,0.038,0,104.58,3,2009,1,1,3,17,2734.77
11.64,0,0.019,4,153.69,3,2009,1,1,3,17,3361.36
12.85,0,0.03,3,119.7,3,2009,1,1,3,17,2939.15
12.43,0,0.03,6,137.89,3,2009,1,1,3,17,3215.91
12.66,1,0.129,8,136.52,3,2009,1,1,3,17,3239.91
10.4,2,0.066,3,90.22,1,1998,2,2,1,28,1782.06
10.39,0,0.145,12,128.78,3,2009,1,1,3,17,2567.33
14.05,0,0.026,5,148.45,3,2009,1,1,3,17,3796.94
12.68,2,0.137,3,187.68,2,1999,1,0,0,27,4291.28
14.63,0,0.035,13,179.0,0,1987,0,1,2,39,4553.24
10.01,2,0.038,6,103.43,1,1998,2,2,1,28,1964.7
8.81,0,0.157,13,167.03,3,2009,1,1,3,17,2993.9
12.24,2,0.088,10,192.26,2,1999,1,0,0,27,4285.32
8.43,0,0.124,13,128.61,1,1998,2,2,1,28,2122.69
10.92,0,0.051,3,116.75,0,1987,0,1,2,39,2442.72
12.54,0,0.043,13,160.15,3,2009,1,1,3,17,3697.11
13.62,3,0.03,6,172.98,2,1999,1,0,0,27,5917.1
10.47,2,0.062,3,187.02,3,2009,1,1,3,17,3778.9
10.67,0,0.079,3,124.92,3,2009,1,1,3,17,2552.85
10.38,0,0.036,6,116.66,0,1987,0,1,2,39,2317.31
15.22,2,0.098,5,172.71,0,1987,0,1,2,39,4558.1
13.15,0,0.006,1,180.4,2,1999,1,0,0,27,4247.72
13.23,0,0.104,4,137.7,3,2009,1,1,3,17,3393.33
12.95,2,0.034,3,97.63,3,2009,1,1,3,17,2509.43
11.11,0,0.138,0,152.91,3,2009,1,1,3,17,3224.02
13.61,0,0.097,6,108.82,3,2009,1,1,3,17,2887.11
12.56,0,0.062,5,160.78,3,2009,1,1,3,17,3713.65
15.47,0,0.031,4,160.95,2,1999,1,0,0,27,4374.76
8.55,0,0.092,13,110.85,1,1998,2,2,1,28,1786.19
8.0,0,0.009,6,105.61,1,1998,2,2,1,28,1554.62
15.17,0,0.018,5,194.87,2,1999,1,0,0,27,5001.84
8.49,2,0.052,0,108.7,1,1998,2,2,1,28,1728.74
12.6,2,0.024,6,144.95,3,2009,1,1,3,17,3398.44
14.74,0,0.098,0,131.15,3,2009,1,1,3,17,3599.97
14.4,0,0.126,4,147.1,3,2009,1,1,3,17,3850.14
14.73,0,0.039,5,131.62,3,2009,1,1,3,17,3608.54
13.68,0,0.022,3,169.62,0,1987,0,1,2,39,4148.76
9.19,2,0.046,10,108.36,1,1998,2,2,1,28,1879.58
14.37,2,0.039,6,197.79,0,1987,0,1,2,39,4880.47
11.99,2,0.162,10,133.62,3,2009,1,1,3,17,3030.1
15.73,0,0.031,0,149.47,0,1987,0,1,2,39,4199.64
12.46,0,0.034,0,155.39,3,2009,1,1,3,17,3581.14
11.64,0,0.05,13,126.35,3,2009,1,1,3,17,2801.59
8.53,2,0.079,10,183.03,3,2009,1,1,3,17,3257.26
10.03,0,0.064,0,100.21,1,1998,2,2,1,28,1902.55
13.94,0,0.084,13,153.75,3,2009,1,1,3,17,3882.8
14.76,0,0.253,0,185.7,0,1987,0,1,2,39,3754.43
7.42,0,0.044,14,75.01,1,1998,2,2,1,28,796.05
9.77,2,0.052,10,83.51,1,1998,2,2,1,28,1501.03
8.34,0,0.056,3,78.84,0,1987,0,1,2,39,2753.6
15.17,0,0.164,10,146.39,0,1987,0,1,2,39,4009.52
14.26,0,0.115,0,160.09,0,1987,0,1,2,39,4083.51
13.37,0,0.036,3,149.82,3,2009,1,1,3,17,3672.68
13.28,2,0.146,10,128.82,3,2009,1,1,3,17,3223.45
10.73,0,0.141,5,140.08,3,2009,1,1,3,17,2876.41
13.46,0,0.052,4,151.55,3,2009,1,1,3,17,3727.22
11.57,2,0.098,6,186.72,0,1987,0,1,2,39,4019.65
11.68,1,0.015,9,163.8,3,2009,1,1,3,17,3576.8
13.65,0,0.09,4,184.25,2,1999,1,0,0,27,4440.59
9.02,0,0.073,5,108.16,1,1998,2,2,1,28,1835.96
14.14,2,0.022,13,161.25,0,1987,0,1,2,39,4079.39
15.21,3,0.03,10,164.1,2,1999,1,0,0,27,4380.02
15.18,2,0.051,14,182.44,0,1987,0,1,2,39,4748.93
8.18,2,0.065,3,110.71,1,1998,2,2,1,28,1700.16
7.85,0,0.017,14,78.26,1,1998,2,2,1,28,960.36
11.97,0,0.067,7,128.41,3,2009,1,1,3,17,2918.9
17.16,2,0.036,3,167.49,2,1999,1,0,0,27,4891.32
13.67,0,0.119,3,164.43,0,1987,0,1,2,39,4039.27
9.97,2,0.007,6,119.92,1,1998,2,2,1,28,2292.38
11.55,0,0.017,10,129.91,3,2009,1,1,3,17,2853.36
17.03,2,0.021,4,141.13,2,1999,1,0,0,27,4322.64
11.4,2,0.074,13,127.87,3,2009,1,1,3,17,2777.85
17.48,0,0.12,7,213.86,2,1999,1,0,0,27,5912.66
9.54,0,0.144,14,136.84,3,2009,1,1,3,17,2541.15
9.39,0,0.157,3,75.32,1,1998,2,2,1,28,1247.89
14.43,0,0.012,5,147.86,3,2009,1,1,3,17,3871.21
9.53,2,0.104,10,92.78,1,1998,2,2,1,28,1637.89
11.44,0,0.038,1,99.71,1,1998,2,2,1,28,2211.86
15.94,1,0.067,9,176.93,0,1987,0,1,2,39,2455.65
17.11,2,0.163,0,130.49,0,1987,0,1,2,39,4122.51
11.18,0,0.027,14,147.62,3,2009,1,1,3,17,3133.03
9.72,2,0.065,12,107.11,1,1998,2,2,1,28,1973.29
16.06,0,0.106,7,169.48,0,1987,0,1,2,39,4682.36
12.05,0,0.235,6,105.32,0,1987,0,1,2,39,2463.43
14.87,1,0.017,11,157.82,0,1987,0,1,2,39,4174.81
15.34,0,0.069,6,144.22,0,1987,0,1,2,39,4002.72
9.02,2,0.033,6,127.08,1,1998,2,2,1,28,2224.43
14.71,2,0.05,10,167.8,2,1999,1,0,0,27,4342.1
12.46,2,0.035,10,148.49,3,2009,1,1,3,17,3438.81
12.38,2,0.056,4,161.95,3,2009,1,1,3,17,3696.49
13.7,2,0.122,5,130.94,3,2009,1,1,3,17,3360.33
13.12,0,0.177,4,206.69,0,1987,0,1,2,39,4779.32
13.15,0,0.053,6,199.53,0,1987,0,1,2,39,4639.9
13.97,2,0.052,10,161.06,0,1987,0,1,2,39,4037.56
13.81,0,0.035,5,117.24,3,2009,1,1,3,17,3105.19
13.34,0,0.039,5,147.68,3,2009,1,1,3,17,3622.2
12.08,0,0.029,4,117.53,3,2009,1,1,3,17,2719.22
9.42,0,0.006,2,116.4,1,1998,2,2,1,28,2095.91
12.73,2,0.137,10,130.96,3,2009,1,1,3,17,3142.91
12.03,1,0.019,9,182.31,0,1987,0,1,2,39,4033.42
14.4,0,0.089,13,187.93,0,1987,0,1,2,39,4684.86
9.24,0,0.045,6,130.95,0,1987,0,1,2,39,2351.89
12.2,3,0.067,6,161.51,3,2009,1,1,3,17,3646.72
13.44,0,0.039,0,187.76,2,1999,1,0,0,27,4465.02
15.42,0,0.028,4,181.59,0,1987,0,1,2,39,4786.53
12.24,0,0.151,0,121.0,3,2009,1,1,3,17,2828.08
13.31,2,0.054,13,143.27,3,2009,1,1,3,17,3523.86
15.33,1,0.136,9,137.86,3,2009,1,1,3,17,3871.23
10.37,2,0.06,14,105.52,1,1998,2,2,1,28,2088.56
12.6,2,0.131,3,164.77,3,2009,1,1,3,17,3804.32
11.1,0,0.008,4,153.22,3,2009,1,1,3,17,3228.92
9.02,0,0.131,13,180.59,3,2009,1,1,3,17,3319.43
12.71,0,0.079,6,136.62,3,2009,1,1,3,17,3252.0
13.44,2,0.035,4,156.55,3,2009,1,1,3,17,3825.0
10.65,2,0.035,6,106.78,1,1998,2,2,1,28,2177.44
10.21,2,0.013,4,107.51,1,1998,2,2,1,28,2092.59
13.37,1,0.053,8,174.51,0,1987,0,1,2,39,4178.6
13.31,0,0.046,10,174.14,0,1987,0,1,2,39,4156.21
13.64,0,0.133,4,191.75,0,1987,0,1,2,39,4590.3
16.53,0,0.037,4,169.09,0,1987,0,1,2,39,4781.48
12.37,0,0.039,14,124.24,3,2009,1,1,3,17,2922.52
9.17,0,0.128,13,93.75,1,1998,2,2,1,28,1575.87
11.16,0,0.04,13,126.22,3,2009,1,1,3,17,2689.49
9.39,0,0.12,13,77.7,1,1998,2,2,1,28,1296.88
15.32,0,0.09,2,146.0,0,1987,0,1,2,39,4034.35
11.49,1,0.043,9,153.24,3,2009,1,1,3,17,3316.49
12.24,2,0.139,5,145.07,3,2009,1,1,3,17,3320.95
11.85,2,0.039,10,129.34,3,2009,1,1,3,17,2909.28
10.79,1,0.041,9,168.8,3,2009,1,1,3,17,3476.99
13.63,0,0.032,6,141.17,3,2009,1,1,3,17,3554.44
13.47,0,0.096,0,145.93,3,2009,1,1,3,17,3615.73
12.84,0,0.072,4,150.22,3,2009,1,1,3,17,3561.31
13.46,1,0.08,9,148.75,3,2009,1,1,3,17,3670.67
8.27,1,0.075,8,156.11,3,2009,1,1,3,17,2649.21
14.58,0,0.054,5,139.7,3,2009,1,1,3,17,3739.56
10.87,0,0.033,13,160.36,3,2009,1,1,3,17,3322.13
14.46,2,0.154,4,154.78,0,1987,0,1,2,39,4019.64
15.32,0,0.033,6,166.49,2,1999,1,0,0,27,6706.11
6.35,0,0.042,7,99.53,1,1998,2,2,1,28,1057.1
10.2,0,0.073,4,152.0,3,2009,1,1,3,17,3000.24
15.82,1,0.174,8,156.17,2,1999,1,0,0,27,4355.39
9.78,1,0.042,9,75.19,1,1998,2,2,1,28,1334.61
13.23,1,0.047,9,170.95,0,1987,0,1,2,39,4072.25
13.23,0,0.061,5,127.23,3,2009,1,1,3,17,3177.67
11.31,2,0.049,0,168.4,3,2009,1,1,3,17,3587.27
12.14,0,0.079,10,144.92,3,2009,1,1,3,17,3295.1
8.98,1,0.052,9,110.57,1,1998,2,2,1,28,1878.07
9.52,0,0.014,4,165.41,3,2009,1,1,3,17,3122.13
11.26,2,0.105,6,154.4,3,2009,1,1,3,17,2817.12
12.39,0,0.188,13,140.38,3,2009,1,1,3,17,3258.03
10.02,3,0.184,6,89.92,1,1998,2,2,1,28,1688.81
11.24,0,0.041,10,118.24,3,2009,1,1,3,17,2545.21
14.57,0,0.018,10,179.19,0,1987,0,1,2,39,4544.33
9.72,0,0.114,3,146.37,3,2009,1,1,3,17,2776.24
13.09,0,0.038,10,176.27,0,1987,0,1,2,39,4150.5
13.1,0,0.085,6,219.68,2,1999,1,0,0,27,5106.17
13.3,2,0.106,13,138.88,3,2009,1,1,3,17,3432.65
13.05,2,0.071,6,133.57,3,2009,1,1,3,17,3268.3
12.33,2,0.044,6,116.39,3,2009,1,1,3,17,2752.82
15.38,1,0.011,9,186.3,0,1987,0,1,2,39,4872.9
12.82,3,0.058,5,135.28,3,2009,1,1,3,17,3251.39
14.23,0,0.065,15,114.51,3,2009,1,1,3,17,3143.33
11.46,1,0.021,8,132.35,3,2009,1,1,3,17,2883.78
14.09,0,0.064,13,187.21,0,1987,0,1,2,39,4600.44
8.88,0,0.115,4,124.27,1,1998,2,2,1,28,2134.72
9.72,1,0.022,9,112.11,1,1998,2,2,1,28,2075.82
11.95,0,0.122,4,155.01,3,2009,1,1,3,17,3457.77
14.25,2,0.012,10,152.66,3,2009,1,1,3,17,3929.03
14.34,0,0.03,15,147.15,3,2009,1,1,3,17,3837.19
14.65,2,0.019,14,162.2,2,1999,1,0,0,27,4215.81
15.06,0,0.072,10,156.09,0,1987,0,1,2,39,4182.62
11.62,2,0.055,5,156.79,3,2009,1,1,3,17,3420.0
13.81,2,0.044,4,208.17,0,1987,0,1,2,39,4965.79
12.8,0,0.121,13,124.85,3,2009,1,1,3,17,3033.83
11.55,0,0.028,10,111.89,0,1987,0,1,2,39,2485.64
11.71,2,0.026,13,154.94,3,2009,1,1,3,17,3402.93
12.4,0,0.056,13,168.06,3,2009,1,1,3,17,3826.59
13.61,0,0.022,0,131.96,3,2009,1,1,3,17,3361.72
12.6,1,0.066,9,173.8,3,2009,1,1,3,17,3988.79
15.49,0,0.018,13,173.1,0,1987,0,1,2,39,4627.5
15.0,1,0.064,9,188.52,0,1987,0,1,2,39,4832.14
11.73,2,0.071,3,132.08,3,2009,1,1,3,17,2938.0
13.31,0,0.053,0,168.1,0,1987,0,1,2,39,4032.14
15.38,2,0.017,2,185.92,0,1987,0,1,2,39,4866.21
11.59,0,0.103,6,127.3,3,2009,1,1,3,17,2809.91
14.13,0,0.04,6,138.56,3,2009,1,1,3,17,3613.13
13.6,2,0.052,3,199.99,0,1987,0,1,2,39,4751.19
12.45,2,0.054,7,126.01,3,2009,1,1,3,17,2978.24
14.57,1,0.117,9,174.42,2,1999,1,0,0,27,4446.87
11.81,0,0.039,10,144.64,3,2009,1,1,3,17,3212.96
14.95,0,0.041,13,185.28,0,1987,0,1,2,39,4755.32
14.39,1,0.113,8,155.48,0,1987,0,1,2,39,4017.84
13.05,2,0.014,5,169.41,0,1987,0,1,2,39,4001.06
12.3,2,0.17,3,138.71,3,2009,1,1,3,17,3202.28
10.63,0,0.027,4,121.9,0,1987,0,1,2,39,2483.01
11.36,0,0.045,7,122.44,3,2009,1,1,3,17,2658.01
12.54,0,0.014,4,140.12,3,2009,1,1,3,17,3285.79
15.71,0,0.063,4,148.95,0,1987,0,1,2,39,4184.52
14.62,1,0.166,11,210.23,2,1999,1,0,0,27,5190.64
12.65,0,0.072,5,201.52,0,1987,0,1,2,39,4567.86
11.95,0,0.08,15,129.5,3,2009,1,1,3,17,2934.91
9.34,0,0.026,13,87.95,1,1998,2,2,1,28,1495.95
12.67,2,0.119,12,152.41,3,2009,1,1,3,17,3567.79
14.31,1,0.078,9,131.83,3,2009,1,1,3,17,3517.89
14.38,1,0.099,8,126.76,3,2009,1,1,3,17,3429.31
9.02,2,0.032,6,104.6,1,1998,2,2,1,28,1763.22
11.99,0,0.114,6,153.17,3,2009,1,1,3,17,3428.23
13.62,0,0.085,7,91.51,3,2009,1,1,3,17,2535.01
9.57,2,0.031,3,122.46,1,1998,2,2,1,28,980.96
10.92,1,0.156,9,80.69,1,1998,2,2,1,28,1703.6
15.47,2,0.07,4,196.0,0,1987,0,1,2,39,2379.21
11.7,0,0.025,12,180.97,3,2009,1,1,3,17,3932.56
15.35,0,0.109,3,148.09,0,1987,0,1,2,39,4083.99
16.08,0,0.06,3,190.71,2,1999,1,0,0,27,5121.45
11.06,0,0.014,14,85.09,1,1998,2,2,1,28,1826.98
11.31,0,0.037,4,159.43,3,2009,1,1,3,17,3404.02
10.65,1,0.039,8,123.03,3,2009,1,1,3,17,2509.09
10.07,2,0.006,10,104.49,1,1998,2,2,1,28,1999.45
10.11,2,0.012,3,116.22,1,1998,2,2,1,28,2248.62
10.12,0,0.082,10,79.92,0,1987,0,1,2,39,3164.09
13.79,0,0.016,0,177.82,2,1999,1,0,0,27,4341.09
11.43,2,0.031,6,137.66,3,2009,1,1,3,17,2984.41
14.77,1,0.055,8,151.41,0,1987,0,1,2,39,4022.0
11.67,0,0.12,14,86.03,1,1998,2,2,1,28,1983.34
13.7,0,0.07,13,183.45,2,1999,1,0,0,27,4435.82
12.17,2,0.03,4,146.13,3,2009,1,1,3,17,3324.7
14.83,2,0.057,10,181.34,0,1987,0,1,2,39,4646.84
11.2,1,0.083,9,117.24,3,2009,1,1,3,17,2516.49
12.81,0,0.094,14,141.59,3,2009,1,1,3,17,3124.92
10.79,1,0.049,8,109.32,1,1998,2,2,1,28,2261.14
8.69,1,0.053,8,127.49,1,1998,2,2,1,28,2157.37
15.02,2,0.039,5,152.06,0,1987,0,1,2,39,4090.39
10.87,2,0.027,1,132.68,3,2009,1,1,3,17,2756.8
12.82,0,0.076,6,150.09,3,2009,1,1,3,17,3553.53
9.12,0,0.017,14,153.09,1,1998,2,2,1,28,800.36
14.12,0,0.099,0,126.73,3,2009,1,1,3,17,3369.64
14.5,0,0.021,1,228.92,2,1999,1,0,0,27,5546.73
10.12,0,0.098,3,112.07,1,1998,2,2,1,28,2165.49
16.09,2,0.098,2,150.38,2,1999,1,0,0,27,4299.51
10.59,0,0.119,10,72.59,1,1998,2,2,1,28,1463.98
13.53,0,0.167,5,171.25,0,1987,0,1,2,39,4147.75
10.69,0,0.039,5,103.88,1,1998,2,2,1,28,2126.95
11.38,0,0.007,10,84.18,1,1998,2,2,1,28,1879.76
16.33,0,0.052,5,196.68,2,1999,1,0,0,27,5300.06
13.3,2,0.036,6,148.12,3,2009,1,1,3,17,3620.96
14.99,0,0.007,6,132.97,3,2009,1,1,3,17,3692.89
17.72,0,0.018,5,147.71,0,1987,0,1,2,39,4612.6
14.26,0,0.036,4,169.03,2,1999,1,0,0,27,4266.76
12.87,2,0.057,6,151.87,3,2009,1,1,3,17,3600.86
12.08,1,0.118,9,162.84,3,2009,1,1,3,17,3647.21
16.12,0,0.097,4,160.18,0,1987,0,1,2,39,4505.81
13.19,0,0.069,4,117.82,3,2009,1,1,3,17,2976.17
16.7,0,0.099,1,131.03,0,1987,0,1,2,39,4040.92
10.99,0,0.057,13,140.77,3,2009,1,1,3,17,2949.75
14.92,0,0.108,5,175.43,0,1987,0,1,2,39,4545.78
12.15,1,0.042,8,93.63,1,1998,2,2,1,28,2246.04
16.08,0,0.232,14,205.12,2,1999,1,0,0,27,5416.25
13.38,2,0.108,14,97.95,3,2009,1,1,3,17,2613.4
10.66,2,0.039,15,108.82,1,1998,2,2,1,28,2221.45
17.13,0,0.147,6,191.14,2,1999,1,0,0,27,5368.35
12.91,0,0.106,5,130.02,3,2009,1,1,3,17,3162.4
12.61,0,0.025,13,152.36,3,2009,1,1,3,17,3552.94
13.45,1,0.109,8,169.56,0,1987,0,1,2,39,4094.82
11.42,2,0.015,5,125.11,3,2009,1,1,3,17,2727.01
12.26,0,0.128,6,146.47,3,2009,1,1,3,17,3352.24
15.95,0,0.043,13,196.35,2,1999,1,0,0,27,5206.6
13.37,1,0.161,8,163.02,3,2009,1,1,3,17,4570.94
14.96,0,0.104,13,127.2,3,2009,1,1,3,17,3568.44
14.08,3,0.074,1,127.51,3,2009,1,1,3,17,3375.71
15.56,0,0.153,3,171.92,0,1987,0,1,2,39,4619.83
8.42,2,0.043,10,107.89,0,1987,0,1,2,39,3465.03
9.8,0,0.142,6,97.05,1,1998,2,2,1,28,1786.52
15.28,0,0.029,10,151.04,0,1987,0,1,2,39,4128.57
15.3,0,0.085,0,160.14,2,1999,1,0,0,27,4320.81
11.38,1,0.036,9,142.53,3,2009,1,1,3,17,3072.68
13.92,0,0.074,3,180.0,2,1999,1,0,0,27,4414.4
17.0,1,0.064,8,225.18,2,1999,1,0,0,27,6034.1
11.35,0,0.062,4,131.18,3,2009,1,1,3,17,2834.24
12.29,1,0.044,9,120.74,3,2009,1,1,3,17,2833.89
12.89,0,0.024,5,129.58,3,2009,1,1,3,17,3150.72
12.83,2,0.056,3,122.78,3,2009,1,1,3,17,2997.06
12.06,0,0.014,10,130.85,3,2009,1,1,3,17,2987.85
15.9,0,0.076,5,198.33,2,1999,1,0,0,27,5237.65
8.07,0,0.016,6,160.89,3,2009,1,1,3,17,2701.45
12.16,0,0.022,6,171.91,3,2009,1,1,3,17,3849.96
11.09,0,0.052,14,149.17,3,2009,1,1,3,17,3144.5
13.32,0,0.03,6,160.84,3,2009,1,1,3,17,3886.05
8.05,2,0.018,4,120.86,1,1998,2,2,1,28,1877.48
14.41,0,0.141,13,169.16,2,1999,1,0,0,27,4303.23
13.13,2,0.077,14,220.88,2,1999,1,0,0,27,5073.08
15.43,2,0.094,0,160.66,2,1999,1,0,0,27,4358.84
11.95,0,0.061,3,139.68,3,2009,1,1,3,17,3144.66
11.91,0,0.127,7,159.0,3,2009,1,1,3,17,3529.48
8.91,0,0.282,6,97.93,1,1998,2,2,1,28,1602.87
14.5,0,0.052,13,151.13,3,2009,1,1,3,17,3953.93
12.55,1,0.026,9,191.88,2,1999,1,0,0,27,4348.03
14.63,0,0.044,4,110.11,3,2009,1,1,3,17,3143.6
11.86,2,0.083,3,130.73,3,2009,1,1,3,17,2941.23
15.68,0,0.041,5,191.79,2,1999,1,0,0,27,5053.88
16.07,0,0.155,13,167.79,0,1987,0,1,2,39,4650.08
13.42,2,0.041,2,95.92,3,2009,1,1,3,17,2579.79
12.79,1,0.041,8,160.14,3,2009,1,1,3,17,3753.22
15.78,0,0.024,6,176.85,0,1987,0,1,2,39,4769.29
10.61,1,0.03,9,114.99,0,1987,0,1,2,39,2336.1
15.5,0,0.069,14,168.03,2,1999,1,0,0,27,5570.49
12.73,1,0.104,9,149.62,3,2009,1,1,3,17,3523.26
9.15,0,0.06,4,119.21,0,1987,0,1,2,39,4587.86
14.79,0,0.067,14,171.69,2,1999,1,0,0,27,4441.22
14.51,0,0.076,13,172.52,2,1999,1,0,0,27,4395.34
14.3,0,0.044,10,145.52,3,2009,1,1,3,17,3795.54
18.39,1,0.074,9,179.17,2,1999,1,0,0,27,5408.3
10.01,2,0.042,0,123.73,0,1987,0,1,2,39,2379.17
11.94,1,0.041,8,153.82,3,2009,1,1,3,17,3431.83
11.32,0,0.014,10,93.11,1,1998,2,2,1,28,2049.75
10.82,0,0.013,14,93.37,1,1998,2,2,1,28,1942.06
12.21,1,0.061,9,158.79,3,2009,1,1,3,17,3594.43
14.06,1,0.041,8,82.53,0,1987,0,1,2,39,2450.37
14.88,0,0.026,3,139.44,3,2009,1,1,3,17,3801.97
6.95,0,0.079,3,50.13,1,1998,2,2,1,28,180.86
11.47,1,0.09,8,157.41,3,2009,1,1,3,17,3397.82
13.37,1,0.026,11,147.36,3,2009,1,1,3,17,3622.25
14.43,0,0.076,13,137.97,3,2009,1,1,3,17,3669.6
10.29,2,0.171,10,103.21,1,1998,2,2,1,28,2023.36
8.66,0,0.052,4,99.31,1,1998,2,2,1,28,1575.43
12.51,0,0.015,6,157.5,3,2009,1,1,3,17,3635.72
15.38,0,0.171,14,162.4,2,1999,1,0,0,27,4383.34
14.84,0,0.064,4,135.55,3,2009,1,1,3,17,3712.61
9.51,1,0.107,8,155.31,3,2009,1,1,3,17,4257.16
10.4,0,0.026,5,131.82,3,2009,1,1,3,17,2632.49
15.41,0,0.133,4,166.49,2,1999,1,0,0,27,4473.54
12.21,2,0.045,15,182.01,0,1987,0,1,2,39,4068.25
14.12,0,0.042,6,112.65,3,2009,1,1,3,17,3081.93
12.71,0,0.013,6,186.96,2,1999,1,0,0,27,4283.4
10.33,2,0.03,13,177.97,3,2009,1,1,3,17,3562.24
11.76,0,0.053,5,145.08,3,2009,1,1,3,17,3212.59
15.75,0,0.036,13,173.64,0,1987,0,1,2,39,4698.17
6.61,0,0.071,7,109.29,1,1998,2,2,1,28,1315.05
7.79,2,0.035,3,118.85,1,1998,2,2,1,28,1778.26
10.76,0,0.025,10,186.22,3,2009,1,1,3,17,3827.47
14.82,2,0.118,3,146.55,3,2009,1,1,3,17,3932.51
15.68,2,0.104,13,141.98,0,1987,0,1,2,39,4033.74
12.52,0,0.074,14,217.86,1,1998,2,2,1,28,539.96
11.24,0,0.031,14,130.26,3,2009,1,1,3,17,2791.14
11.81,0,0.045,14,138.42,3,2009,1,1,3,17,3086.34
14.15,0,0.065,6,216.16,2,1999,1,0,0,27,5205.29
11.5,0,0.039,4,159.66,3,2009,1,1,3,17,3451.32
13.09,0,0.01,6,192.72,2,1999,1,0,0,27,4486.85
9.58,2,0.136,6,123.6,1,1998,2,2,1,28,2279.58
9.81,0,0.05,5,156.67,3,2009,1,1,3,17,3008.65
13.3,0,0.034,6,98.5,3,2009,1,1,3,17,2607.08
13.18,0,0.053,4,152.28,3,2009,1,1,3,17,3680.13
11.99,0,0.031,5,128.57,3,2009,1,1,3,17,2925.62
12.52,0,0.142,13,158.05,3,2009,1,1,3,17,3649.03
11.18,1,0.107,9,100.57,1,1998,2,2,1,28,2170.67
11.66,0,0.072,10,176.77,3,2009,1,1,3,17,3838.04
14.64,0,0.012,5,153.73,0,1987,0,1,2,39,4039.14
12.33,1,0.212,9,140.7,3,2009,1,1,3,17,3250.28
11.31,0,0.031,14,141.01,3,2009,1,1,3,17,3026.86
11.14,2,0.026,13,144.51,3,2009,1,1,3,17,3058.9
10.46,1,0.118,9,155.19,1,1998,2,2,1,28,1112.21
14.41,2,0.035,5,131.41,3,2009,1,1,3,17,3531.25
12.54,2,0.02,5,137.17,3,2009,1,1,3,17,3225.33
14.91,2,0.037,13,182.95,0,1987,0,1,2,39,4697.83
11.68,2,0.142,6,142.45,3,2009,1,1,3,17,3139.58
12.22,2,0.05,3,158.49,3,2009,1,1,3,17,3589.01
12.02,0,0.161,5,106.83,0,1987,0,1,2,39,2486.55
9.1,0,0.054,14,119.77,2,1999,1,0,0,27,5605.17
9.65,2,0.085,6,68.65,1,1998,2,2,1,28,1170.43
9.88,2,0.056,5,67.99,1,1998,2,2,1,28,1209.9
16.74,0,0.076,14,161.51,0,1987,0,1,2,39,4673.78
16.02,2,0.049,13,177.08,0,1987,0,1,2,39,4828.82
14.66,2,0.015,5,189.89,0,1987,0,1,2,39,4924.75
13.52,2,0.14,4,139.07,3,2009,1,1,3,17,3486.32
13.55,0,0.079,6,124.94,3,2009,1,1,3,17,3203.59
8.97,0,0.094,0,67.06,1,1998,2,2,1,28,985.73
11.67,0,0.068,5,195.86,2,1999,1,0,0,27,4229.69
10.21,0,0.081,3,97.17,1,1998,2,2,1,28,1880.46
14.46,0,0.061,13,188.66,0,1987,0,1,2,39,4714.48
12.95,0,0.008,2,144.94,3,2009,1,1,3,17,3477.81
15.66,2,0.104,4,170.31,0,1987,0,1,2,39,4609.63
13.81,0,0.122,6,134.94,3,2009,1,1,3,17,3468.56
14.67,2,0.062,0,157.49,0,1987,0,1,2,39,4123.39
14.28,1,0.042,8,179.4,2,1999,1,0,0,27,4483.94
14.59,0,0.02,4,149.52,3,2009,1,1,3,17,3942.58
11.78,0,0.174,14,96.9,1,1998,2,2,1,28,2229.27
10.24,0,0.015,12,176.28,3,2009,1,1,3,17,3507.42
10.01,2,0.147,6,105.73,0,1987,0,1,2,39,3368.59
11.73,2,0.109,4,152.42,3,2009,1,1,3,17,3354.73
15.02,0,0.051,5,151.97,0,1987,0,1,2,39,4089.97
8.38,0,0.064,1,109.73,1,1998,2,2,1,28,1725.49
8.89,1,0.169,9,154.83,3,2009,1,1,3,17,2762.57
10.38,0,0.014,0,107.67,1,1998,2,2,1,28,2135.17
11.82,2,0.067,10,138.92,3,2009,1,1,3,17,3098.44
16.16,0,0.113,15,110.2,3,2009,1,1,3,17,3492.72
10.71,1,0.028,8,118.86,0,1987,0,1,2,39,2438.27
13.52,2,0.056,1,153.45,3,2009,1,1,3,17,3781.13
11.39,0,0.065,6,178.11,3,2009,1,1,3,17,2119.94
14.14,0,0.06,5,146.62,3,2009,1,1,3,17,3780.95
12.65,0,0.031,14,143.48,3,2009,1,1,3,17,3379.42
9.05,0,0.033,13,136.87,0,1987,0,1,2,39,2432.22
5.91,2,0.159,15,90.33,1,1998,2,2,1,28,769.28
8.72,2,0.098,5,152.5,3,2009,1,1,3,17,2675.68
13.33,0,0.053,7,103.88,3,2009,1,1,3,17,2723.71
13.28,0,0.089,13,177.37,2,1999,1,0,0,27,4216.2
18.8,1,0.06,8,177.86,2,1999,1,0,0,27,5473.2
13.75,2,0.027,6,163.08,0,1987,0,1,2,39,4029.63
13.1,2,0.031,5,164.26,3,2009,1,1,3,17,3905.99
11.81,0,0.064,4,128.04,3,2009,1,1,3,17,2873.69
12.55,0,0.186,6,156.55,3,2009,1,1,3,17,3623.9
14.46,1,0.045,8,135.14,3,2009,1,1,3,17,3619.4
11.61,1,0.035,8,96.42,1,1998,2,2,1,28,2181.04
12.05,0,0.042,6,124.3,3,2009,1,1,3,17,2851.87
8.52,0,0.027,13,167.62,3,2009,1,1,3,17,2940.48
11.07,1,0.031,11,136.57,3,2009,1,1,3,17,2882.67
9.01,2,0.089,3,96.1,1,1998,2,2,1,28,1588.94
10.46,0,0.103,5,64.79,1,1998,2,2,1,28,1275.44
12.8,0,0.066,13,154.24,3,2009,1,1,3,17,3633.75
13.09,2,0.022,7,197.75,0,1987,0,1,2,39,4590.15
9.84,2,0.033,6,129.24,0,1987,0,1,2,39,2452.95
14.64,1,0.05,8,176.55,1,1998,2,2,1,28,478.24
13.42,2,0.154,5,166.81,0,1987,0,1,2,39,4032.41
10.63,0,0.082,1,159.04,3,2009,1,1,3,17,3242.1
9.54,0,0.017,3,131.99,0,1987,0,1,2,39,2441.45
15.95,1,0.036,11,176.83,0,1987,0,1,2,39,4808.21
11.85,0,0.03,0,157.48,3,2009,1,1,3,17,3486.0
15.03,0,0.067,3,115.38,3,2009,1,1,3,17,3344.04
10.67,2,0.27,5,145.07,3,2009,1,1,3,17,2965.12
9.72,0,0.013,0,121.49,1,1998,2,2,1,28,2267.15
11.57,0,0.035,5,161.47,3,2009,1,1,3,17,3502.95
12.16,0,0.059,13,157.33,3,2009,1,1,3,17,3552.25
10.97,0,0.033,12,141.62,3,2009,1,1,3,17,2961.6
15.95,2,0.085,0,198.93,2,1999,1,0,0,27,5261.1
11.43,0,0.174,5,162.44,3,2009,1,1,3,17,3493.23
13.76,2,0.063,5,157.3,3,2009,1,1,3,17,3913.87
14.76,0,0.011,10,167.31,2,1999,1,0,0,27,4344.66
12.39,0,0.114,5,175.47,3,2009,1,1,3,17,3975.65
11.89,2,0.022,13,156.09,3,2009,1,1,3,17,3467.25
13.05,2,0.065,5,161.83,3,2009,1,1,3,17,3845.89
12.93,0,0.029,0,150.47,3,2009,1,1,3,17,3586.41
15.91,2,0.09,5,163.64,0,1987,0,1,2,39,4529.96
18.74,0,0.052,6,199.51,2,1999,1,0,0,27,5903.7
13.17,2,0.047,4,119.32,3,2009,1,1,3,17,3004.24
8.62,0,0.016,5,110.99,1,1998,2,2,1,28,1805.06
15.38,2,0.035,4,114.98,3,2009,1,1,3,17,3414.22
16.94,2,0.039,3,191.11,2,1999,1,0,0,27,5324.71
10.32,0,0.043,6,137.9,3,2009,1,1,3,17,2739.44
11.26,0,0.146,0,142.78,3,2009,1,1,3,17,3050.77
12.66,0,0.036,1,145.71,3,2009,1,1,3,17,3426.9
17.55,1,0.02,9,174.58,2,1999,1,0,0,27,5122.98
10.63,2,0.152,5,146.72,3,2009,1,1,3,17,2990.81
13.21,0,0.071,4,156.85,3,2009,1,1,3,17,3779.85
17.02,1,0.027,9,124.67,3,2009,1,1,3,17,3983.6
12.64,2,0.031,4,162.45,3,2009,1,1,3,17,3766.9
15.97,2,0.057,6,170.65,0,1987,0,1,2,39,4686.15
12.36,2,0.035,3,176.08,3,2009,1,1,3,17,4337.86
16.3,0,0.071,4,154.75,2,1999,1,0,0,27,4434.93
13.27,2,0.074,1,202.24,0,1987,0,1,2,39,4722.32
12.3,0,0.185,4,153.99,3,2009,1,1,3,17,3516.99
11.26,1,0.019,9,140.43,3,2009,1,1,3,17,3004.0
12.56,2,0.048,1,109.71,3,2009,1,1,3,17,2669.42
13.15,0,0.067,4,153.82,3,2009,1,1,3,17,3704.49
10.12,2,0.175,3,120.08,0,1987,0,1,2,39,2328.29
11.66,0,0.055,6,147.97,3,2009,1,1,3,17,3248.04
10.88,1,0.036,8,152.84,3,2009,1,1,3,17,3172.54
13.94,0,0.088,6,189.15,0,1987,0,1,2,39,4606.28
14.53,2,0.14,13,154.61,0,1987,0,1,2,39,4033.58
14.29,0,0.159,13,172.78,2,1999,1,0,0,27,4349.84
12.42,2,0.018,13,157.01,3,2009,1,1,3,17,3604.94
11.05,0,0.081,3,119.87,3,2009,1,1,3,17,2535.28
12.23,2,0.019,6,145.37,3,2009,1,1,3,17,3323.56
11.96,0,0.088,6,156.95,3,2009,1,1,3,17,3499.68
13.08,0,0.085,3,150.7,3,2009,1,1,3,17,3624.61
14.54,0,0.13,10,167.58,2,1999,1,0,0,27,4300.82
12.94,0,0.028,7,174.83,0,1987,0,1,2,39,4086.83
8.96,2,0.023,7,113.57,1,1998,2,2,1,28,1934.23
9.19,2,0.032,6,140.03,3,2009,1,1,3,17,4219.55
10.62,1,0.027,8,157.19,3,2009,1,1,3,17,3201.78
14.41,2,0.027,15,163.46,0,1987,0,1,2,39,4185.91
9.25,1,0.015,8,117.89,1,1998,2,2,1,28,2087.22
14.4,0,0.138,6,172.66,2,1999,1,0,0,27,4372.24
9.59,0,0.034,13,81.34,1,1998,2,2,1,28,1416.09
17.5,2,0.178,10,192.22,2,1999,1,0,0,27,5472.41
12.85,2,0.076,5,107.58,3,2009,1,1,3,17,2690.09
12.86,0,0.047,6,112.91,3,2009,1,1,3,17,2802.69
16.37,0,0.099,3,200.2,2,1999,1,0,0,27,5381.92
11.76,0,0.068,7,164.98,3,2009,1,1,3,17,3618.29
11.11,2,0.023,7,161.74,3,2009,1,1,3,17,3404.92
13.02,2,0.027,6,141.9,3,2009,1,1,3,17,3431.78
10.19,0,0.036,4,196.33,3,2009,1,1,3,17,3904.73
10.14,2,0.027,6,147.2,3,2009,1,1,3,17,4740.12
10.71,2,0.066,3,118.97,0,1987,0,1,2,39,2440.96
14.13,0,0.023,0,179.64,2,1999,1,0,0,27,4453.96
13.68,0,0.041,7,163.52,0,1987,0,1,2,39,4022.4
12.1,1,0.076,9,113.74,3,2009,1,1,3,17,2647.78
10.7,0,0.021,4,136.6,3,2009,1,1,3,17,2799.52
10.75,0,0.034,4,146.66,3,2009,1,1,3,17,3015.65
9.64,2,0.039,13,104.87,1,1998,2,2,1,28,1908.96
13.97,1,0.105,9,160.54,0,1987,0,1,2,39,4028.41
10.96,2,0.035,1,181.43,3,2009,1,1,3,17,3774.04
9.46,1,0.049,8,140.28,3,2009,1,1,3,17,2593.5
13.66,0,0.162,13,168.46,0,1987,0,1,2,39,4119.22
12.48,0,0.108,6,109.75,3,2009,1,1,3,17,2650.51
11.01,2,0.104,4,142.32,3,2009,1,1,3,17,2985.46
14.34,1,0.026,8,162.64,0,1987,0,1,2,39,4153.3
12.28,0,0.031,13,172.48,3,2009,1,1,3,17,3890.84
14.09,0,0.021,14,79.15,0,1987,0,1,2,39,2389.08
11.43,0,0.028,14,174.7,3,2009,1,1,3,17,3733.46
9.2,0,0.061,13,110.7,1,1998,2,2,1,28,1929.27
13.51,0,0.099,13,157.57,3,2009,1,1,3,17,3863.1
11.32,0,0.122,14,105.18,1,1998,2,2,1,28,2296.0
14.86,2,0.027,10,146.48,3,2009,1,1,3,17,3939.83
10.68,1,0.106,9,102.64,1,1998,2,2,1,28,2098.85
10.18,2,0.077,0,154.03,3,2009,1,1,3,17,3037.0
11.75,0,0.128,0,152.69,3,2009,1,1,3,17,3365.65
16.62,1,0.033,9,166.03,0,1987,0,1,2,39,4737.62
9.37,0,0.086,14,157.13,3,2009,1,1,3,17,2917.94
14.21,1,0.112,9,176.33,2,1999,1,0,0,27,4404.6
13.73,2,0.006,13,108.52,3,2009,1,1,3,17,2908.37
13.45,0,0.08,15,148.98,3,2009,1,1,3,17,3673.95
12.79,0,0.097,4,141.13,3,2009,1,1,3,17,3362.77
12.18,1,0.125,9,126.97,3,2009,1,1,3,17,2935.97
10.55,1,0.041,9,181.19,3,2009,1,1,3,17,3677.59
10.57,0,0.058,10,133.11,3,2009,1,1,3,17,2696.8
11.69,0,0.12,4,161.38,3,2009,1,1,3,17,3528.09
12.64,0,0.053,6,145.92,3,2009,1,1,3,17,5160.75
11.22,0,0.025,10,143.32,3,2009,1,1,3,17,3053.38
15.67,0,0.078,7,144.64,0,1987,0,1,2,39,4087.25
14.04,2,0.032,6,189.78,2,1999,1,0,0,27,5216.38
13.09,0,0.027,6,155.83,3,2009,1,1,3,17,3731.5
15.01,0,0.011,15,160.4,2,1999,1,0,0,27,4259.43
13.37,0,0.074,13,194.86,0,1987,0,1,2,39,4594.95
10.92,1,0.116,9,132.16,3,2009,1,1,3,17,2756.93
11.0,1,0.055,8,83.7,1,1998,2,2,1,28,1783.99
13.18,0,0.056,6,164.71,3,2009,1,1,3,17,3934.13
12.81,1,0.067,9,153.02,3,2009,1,1,3,17,3611.34
10.32,0,0.009,6,165.42,3,2009,1,1,3,17,3303.14
13.45,0,0.03,7,148.09,3,2009,1,1,3,17,3654.35
13.25,0,0.127,7,148.01,3,2009,1,1,3,17,3607.65
10.62,0,0.107,13,132.73,3,2009,1,1,3,17,2701.28
11.82,1,0.043,11,131.03,3,2009,1,1,3,17,2937.39
13.11,1,0.089,8,166.4,3,2009,1,1,3,17,3952.79
16.97,2,0.077,5,190.24,2,1999,1,0,0,27,5313.09
14.04,2,0.088,5,148.45,3,2009,1,1,3,17,3794.84
10.71,1,0.079,8,111.89,1,1998,2,2,1,28,2296.12
10.9,0,0.048,14,140.8,3,2009,1,1,3,17,2929.21
7.89,0,0.048,6,110.15,1,1998,2,2,1,28,1621.34
14.04,0,0.039,4,156.19,3,2009,1,1,3,17,3953.88
17.97,0,0.053,13,204.5,0,1987,0,1,2,39,2810.35
9.92,1,0.141,8,94.98,1,1998,2,2,1,28,1769.82
11.08,0,0.125,5,95.69,1,1998,2,2,1,28,2046.23
14.25,0,0.027,6,148.87,3,2009,1,1,3,17,3851.02
11.8,3,0.029,1,144.64,3,2009,1,1,3,17,3212.19
9.68,0,0.018,7,153.33,3,2009,1,1,3,17,2909.71
12.78,0,0.07,6,143.58,3,2009,1,1,3,17,3411.71
10.53,0,0.007,5,137.05,3,2009,1,1,3,17,2769.18
11.07,0,0.068,14,160.15,3,2009,1,1,3,17,3363.62
12.4,0,0.021,3,153.16,3,2009,1,1,3,17,3522.31
13.3,2,0.128,13,151.15,3,2009,1,1,3,17,3683.19
11.93,0,0.076,6,143.45,3,2009,1,1,3,17,3216.56
14.58,2,0.192,6,151.33,3,2009,1,1,3,17,3976.98
13.31,0,0.019,4,145.26,3,2009,1,1,3,17,3564.91
8.47,0,0.145,5,105.74,1,1998,2,2,1,28,1663.43
14.41,0,0.03,13,146.36,3,2009,1,1,3,17,3837.19
15.32,2,0.056,10,152.49,0,1987,0,1,2,39,4168.32
15.36,0,0.044,4,221.8,2,1999,1,0,0,27,5594.15
11.35,2,0.063,3,136.51,3,2009,1,1,3,17,2943.26
16.46,1,0.071,8,104.02,3,2009,1,1,3,17,3433.58
11.45,2,0.004,10,119.93,3,2009,1,1,3,17,2627.24
13.07,0,0.068,14,155.38,3,2009,1,1,3,17,3718.13
11.94,2,0.117,5,176.27,3,2009,1,1,3,17,3889.88
11.82,1,0.014,9,141.53,3,2009,1,1,3,17,3151.49
14.37,2,0.149,4,172.67,2,1999,1,0,0,27,4365.05
10.54,1,0.02,9,115.72,0,1987,0,1,2,39,2336.1
12.95,2,0.032,2,106.82,3,2009,1,1,3,17,2698.74
14.57,0,0.007,4,204.56,2,1999,1,0,0,27,5063.57
13.74,0,0.027,3,142.6,3,2009,1,1,3,17,3609.32
12.22,2,0.014,10,81.67,1,1998,2,2,1,28,2017.28
12.85,1,0.052,8,172.51,0,1987,0,1,2,39,4709.94
17.45,1,0.097,11,195.34,2,1999,1,0,0,27,5525.34
12.69,0,0.049,13,133.61,3,2009,1,1,3,17,3187.12
14.1,2,0.006,13,210.11,2,1999,1,0,0,27,5070.81
9.88,0,0.046,6,168.91,3,2009,1,1,3,17,3273.45
11.41,0,0.031,5,112.43,0,1987,0,1,2,39,2463.39
10.91,1,0.039,9,112.81,0,1987,0,1,2,39,2359.69
9.88,1,0.03,8,161.65,3,2009,1,1,3,17,3125.71
9.36,1,0.026,9,149.56,3,2009,1,1,3,17,2760.29
14.33,0,0.044,10,155.76,2,1999,1,0,0,27,5458.79
16.07,1,0.053,9,200.63,2,1999,1,0,0,27,5321.84
15.57,2,0.052,13,186.2,0,1987,0,1,2,39,4914.31
9.62,0,0.039,0,177.12,3,2009,1,1,3,17,3382.91
12.92,1,0.139,8,165.21,3,2009,1,1,3,17,3886.78
12.05,0,0.032,4,131.9,3,2009,1,1,3,17,3006.57
11.9,0,0.067,0,158.76,3,2009,1,1,3,17,3523.96
15.72,0,0.076,13,103.46,3,2009,1,1,3,17,3253.99
16.19,0,0.123,10,225.35,2,1999,1,0,0,27,5855.94
13.84,0,0.013,10,175.33,0,1987,0,1,2,39,3376.87
11.83,2,0.046,6,149.38,3,2009,1,1,3,17,3314.39
11.15,0,0.117,10,118.02,3,2009,1,1,3,17,2520.52
12.64,1,0.073,9,120.03,3,2009,1,1,3,17,2897.87
15.96,0,0.027,12,213.29,2,1999,1,0,0,27,5556.26
17.05,0,0.051,6,175.44,2,1999,1,0,0,27,5028.95
11.49,0,0.12,0,129.33,3,2009,1,1,3,17,2829.07
13.94,2,0.074,3,103.4,3,2009,1,1,3,17,2850.82
12.86,2,0.021,3,167.93,3,2009,1,1,3,17,3926.74
13.63,0,0.147,6,157.43,3,2009,1,1,3,17,3887.29
13.15,2,0.062,10,131.62,3,2009,1,1,3,17,3249.17
12.84,0,0.024,5,201.1,0,1987,0,1,2,39,4602.44
13.33,0,0.015,13,147.52,3,2009,1,1,3,17,2923.53
11.72,0,0.184,3,129.51,2,1999,1,0,0,27,5837.27
14.26,0,0.039,13,141.34,3,2009,1,1,3,17,3700.78
9.29,0,0.05,10,116.73,1,1998,2,2,1,28,2073.22
13.98,0,0.039,6,178.92,2,1999,1,0,0,27,4405.24
13.43,0,0.081,14,231.07,2,1999,1,0,0,27,5349.26
7.36,0,0.011,3,130.79,1,1998,2,2,1,28,1925.81
14.44,0,0.025,13,178.33,2,1999,1,0,0,27,4497.83
14.17,0,0.016,12,210.21,2,1999,1,0,0,27,5087.86
13.97,0,0.039,6,104.49,1,1998,2,2,1,28,1008.8
9.86,1,0.034,9,113.58,1,1998,2,2,1,28,2138.25
11.14,2,0.1,14,107.07,1,1998,2,2,1,28,2294.76
11.3,0,0.033,14,163.81,3,2009,1,1,3,17,3491.22
12.72,2,0.022,1,187.9,0,1987,0,1,2,39,4920.35
15.4,0,0.027,3,204.46,2,1999,1,0,0,27,5248.71
16.21,2,0.165,0,174.07,0,1987,0,1,2,39,4810.8
9.57,1,0.01,8,123.67,1,1998,2,2,1,28,2279.36
14.07,2,0.077,3,197.49,0,1987,0,1,2,39,4806.62
11.73,2,0.048,14,122.21,3,2009,1,1,3,17,2737.89
10.68,0,0.051,6,128.19,3,2009,1,1,3,17,2622.15
12.4,0,0.055,4,112.74,3,2009,1,1,3,17,2695.15
10.01,0,0.107,3,157.42,3,2009,1,1,3,17,3068.89
11.95,2,0.039,15,137.32,2,1999,1,0,0,27,6588.5
16.84,0,0.099,14,211.79,2,1999,1,0,0,27,5723.55
13.34,2,0.058,13,108.9,3,2009,1,1,3,17,2828.07
11.01,0,0.125,6,190.92,3,2009,1,1,3,17,3980.23
10.33,0,0.076,4,151.21,3,2009,1,1,3,17,3013.12
12.1,2,0.019,6,93.81,1,1998,2,2,1,28,2239.64
11.98,0,0.054,0,182.9,0,1987,0,1,2,39,4035.68
15.48,2,0.057,6,148.8,0,1987,0,1,2,39,4127.88
12.87,2,0.035,13,171.04,3,2009,1,1,3,17,3992.85
8.5,0,0.074,0,106.21,1,1998,2,2,1,28,1678.47
17.38,2,0.164,15,150.7,0,1987,0,1,2,39,4597.68
15.8,2,0.111,13,130.46,3,2009,1,1,3,17,3824.51
14.5,2,0.033,15,177.73,2,1999,1,0,0,27,4498.59
10.3,0,0.098,14,142.54,3,2009,1,1,3,17,2828.91
11.29,0,0.108,3,157.25,3,2009,1,1,3,17,3353.42
16.51,2,0.075,7,129.85,3,2009,1,1,3,17,3972.95
13.23,0,0.071,13,170.82,0,1987,0,1,2,39,4070.92
11.83,1,0.096,11,182.95,0,1987,0,1,2,39,4001.93
12.03,0,0.053,13,113.64,3,2009,1,1,3,17,2629.15
14.57,1,0.043,8,156.26,0,1987,0,1,2,39,4075.42
11.03,0,0.274,10,157.22,3,2009,1,1,3,17,3294.26
15.7,1,0.025,9,157.42,2,1999,1,0,0,27,4354.58
12.97,0,0.147,14,133.97,3,2009,1,1,3,17,3257.26
8.67,1,0.014,8,131.35,1,1998,2,2,1,28,2233.33
13.28,0,0.045,4,149.12,3,2009,1,1,3,17,4912.92
14.33,0,0.016,5,174.91,2,1999,1,0,0,27,4403.79
16.65,0,0.027,6,166.25,0,1987,0,1,2,39,4749.28
14.91,1,0.023,11,121.61,3,2009,1,1,3,17,3443.82
11.76,2,0.13,13,172.43,3,2009,1,1,3,17,3771.5
10.94,2,0.16,3,138.26,3,2009,1,1,3,17,2886.37
13.93,2,0.036,5,109.48,3,2009,1,1,3,17,2973.46
15.06,0,0.081,10,160.46,2,1999,1,0,0,27,4272.14
14.94,0,0.035,5,147.75,3,2009,1,1,3,17,3985.22
12.86,0,0.16,13,193.84,2,1999,1,0,0,27,4457.16
14.08,1,0.034,8,154.97,3,2009,1,1,3,17,3938.13
9.02,0,0.108,13,106.93,1,1998,2,2,1,28,1812.78
16.18,2,0.073,12,207.06,2,1999,1,0,0,27,5478.01
12.52,1,0.186,8,146.78,3,2009,1,1,3,17,3418.77
9.01,2,0.099,6,53.86,1,1998,2,2,1,28,723.24
14.46,0,0.075,4,158.71,0,1987,0,1,2,39,4100.95
10.93,0,0.097,14,143.63,3,2009,1,1,3,17,2993.45
10.96,0,0.011,0,102.94,1,1998,2,2,1,28,2167.94
10.69,0,0.093,0,161.36,3,2009,1,1,3,17,3301.87
11.56,0,0.188,6,132.58,3,2009,1,1,3,17,2909.79
14.81,2,0.021,0,108.1,3,2009,1,1,3,17,3143.55
13.49,0,0.017,6,150.9,3,2009,1,1,3,17,1990.61
12.81,1,0.074,8,111.97,3,2009,1,1,3,17,2772.15
13.84,0,0.019,12,144.55,3,2009,1,1,3,17,3671.59
13.71,1,0.104,8,172.2,2,1999,1,0,0,27,4207.93
13.08,0,0.136,7,157.84,3,2009,1,1,3,17,5258.01
13.39,2,0.04,6,196.18,0,1987,0,1,2,39,4625.21
10.69,0,0.035,4,141.42,3,2009,1,1,3,17,2894.49
13.66,0,0.028,15,197.68,0,1987,0,1,2,39,4717.49
15.91,0,0.067,5,150.05,2,1999,1,0,0,27,4250.77
11.35,1,0.033,8,130.24,3,2009,1,1,3,17,2815.65
12.6,0,0.042,4,143.1,3,2009,1,1,3,17,3361.19
10.27,0,0.27,13,120.26,0,1987,0,1,2,39,2367.16
14.13,0,0.15,4,210.3,2,1999,1,0,0,27,5081.3
10.45,0,0.058,0,138.45,3,2009,1,1,3,17,2779.67
9.51,1,0.053,9,126.58,0,1987,0,1,2,39,2324.75
10.84,2,0.034,2,77.26,1,1998,2,2,1,28,1615.93
10.29,0,0.113,3,166.58,3,2009,1,1,3,17,3319.71
11.09,0,0.045,13,143.38,3,2009,1,1,3,17,1561.06
10.08,0,0.036,13,146.12,3,2009,1,1,3,17,2853.11
13.76,0,0.041,5,147.45,3,2009,1,1,3,17,3711.4
13.48,2,0.018,5,135.07,3,2009,1,1,3,17,3394.93
13.94,1,0.06,9,171.91,2,1999,1,0,0,27,4254.14
14.43,0,0.106,6,172.82,2,1999,1,0,0,27,4382.21
13.64,0,0.016,2,140.7,3,2009,1,1,3,17,3547.44
12.94,2,0.028,3,114.81,3,2009,1,1,3,17,2858.69
11.44,0,0.162,4,152.76,3,2009,1,1,3,17,3297.29
13.87,2,0.104,14,170.58,2,1999,1,0,0,27,4211.26
13.24,0,0.047,10,125.49,3,2009,1,1,3,17,3144.3
14.46,3,0.017,10,169.11,2,1999,1,0,0,27,4313.73
14.73,2,0.139,15,170.69,2,1999,1,0,0,27,5890.72
10.49,0,0.089,10,140.01,3,2009,1,1,3,17,2821.13
14.38,0,0.073,4,206.22,2,1999,1,0,0,27,5054.31
7.16,0,0.021,5,103.64,1,1998,2,2,1,28,1323.37
14.37,0,0.066,14,167.02,0,1987,0,1,2,39,4785.32
12.37,0,0.067,10,145.37,3,2009,1,1,3,17,3354.61
8.59,2,0.057,0,144.68,0,1987,0,1,2,39,2487.05
15.23,0,0.089,13,196.51,2,1999,1,0,0,27,5047.06
12.45,0,0.057,10,114.21,3,2009,1,1,3,17,2734.81
10.33,1,0.042,8,140.23,3,2009,1,1,3,17,2788.35
14.24,2,0.071,4,157.54,0,1987,0,1,2,39,4026.95
14.27,2,0.121,13,163.9,0,1987,0,1,2,39,4163.04
12.98,0,0.142,6,178.51,0,1987,0,1,2,39,4172.0
11.1,2,0.018,10,154.97,3,2009,1,1,3,17,3264.05
5.13,0,0.066,3,137.69,1,1998,2,2,1,28,1561.06
12.23,0,0.078,6,161.37,3,2009,1,1,3,17,3650.21
16.58,0,0.052,5,159.67,0,1987,0,1,2,39,4549.17
7.0,0,0.081,1,142.49,1,1998,2,2,1,28,2082.88
9.71,1,0.015,9,152.0,3,2009,1,1,3,17,5213.57
15.21,0,0.157,4,162.53,2,1999,1,0,0,27,4349.32
10.55,0,0.188,1,130.38,3,2009,1,1,3,17,2637.17
14.5,0,0.033,0,160.2,0,1987,0,1,2,39,4139.95
13.9,0,0.056,0,151.03,3,2009,1,1,3,17,3815.91
14.47,2,0.147,6,138.57,3,2009,1,1,3,17,3690.05
11.62,3,0.054,3,136.42,3,2009,1,1,3,17,3001.97
10.85,0,0.01,14,144.61,3,2009,1,1,3,17,2997.3
14.47,2,0.01,6,145.65,3,2009,1,1,3,17,3835.95
12.62,0,0.086,3,111.48,3,2009,1,1,3,17,2717.67
11.86,1,0.043,9,138.12,3,2009,1,1,3,17,3091.26
12.47,0,0.047,6,148.74,3,2009,1,1,3,17,3448.1
13.14,2,0.034,5,97.35,3,2009,1,1,3,17,2546.15
12.55,1,0.119,9,101.29,0,1987,0,1,2,39,2493.33
9.13,0,0.113,4,114.59,1,1998,2,2,1,28,1993.25
10.17,0,0.274,1,77.76,1,1998,2,2,1,28,1475.31
14.96,0,0.034,4,159.93,2,1999,1,0,0,27,4237.55
11.92,0,0.039,5,136.88,3,2009,1,1,3,17,3079.32
11.47,0,0.065,1,165.48,3,2009,1,1,3,17,3564.53
12.97,1,0.071,9,171.6,0,1987,0,1,2,39,4027.27
11.32,0,0.079,15,123.82,3,2009,1,1,3,17,2676.7
14.94,0,0.098,3,132.02,3,2009,1,1,3,17,3662.7
14.09,2,0.047,7,192.85,0,1987,0,1,2,39,4714.9
11.97,0,0.004,5,116.15,3,2009,1,1,3,17,2666.55
12.95,1,0.046,11,146.97,3,2009,1,1,3,17,3518.55
11.26,0,0.065,6,90.04,1,1998,2,2,1,28,1972.62
16.23,0,0.007,6,152.46,2,1999,1,0,0,27,4372.14
18.18,0,0.124,4,195.61,2,1999,1,0,0,27,5697.18
15.93,0,0.106,13,184.84,2,1999,1,0,0,27,4967.16
13.65,2,0.053,7,158.83,3,2009,1,1,3,17,3919.51
13.43,0,0.037,13,200.69,0,1987,0,1,2,39,4726.9
11.2,0,0.104,6,143.69,3,2009,1,1,3,17,3055.59
13.16,2,0.29,10,100.73,3,2009,1,1,3,17,2621.35
15.51,2,0.107,0,208.1,2,1999,1,0,0,27,5349.73
14.37,1,0.049,11,167.25,2,1999,1,0,0,27,4472.46
14.45,0,0.049,13,202.59,0,1987,0,1,2,39,4995.61
11.4,0,0.031,4,143.26,1,1998,2,2,1,28,1070.83
13.6,1,0.039,9,114.12,3,2009,1,1,3,17,2993.4
10.31,1,0.054,8,138.16,3,2009,1,1,3,17,4955.51
18.3,0,0.018,3,151.98,2,1999,1,0,0,27,4831.6
15.58,1,0.045,8,140.46,3,2009,1,1,3,17,3980.67
15.16,2,0.104,2,174.94,0,1987,0,1,2,39,4590.03
13.9,0,0.033,14,187.96,0,1987,0,1,2,39,4572.79
10.56,2,0.039,5,153.37,3,2009,1,1,3,17,3110.82
16.02,0,0.088,6,199.75,2,1999,1,0,0,27,4288.95
12.99,1,0.141,9,106.83,3,2009,1,1,3,17,2706.41
14.14,0,0.093,6,178.59,2,1999,1,0,0,27,4435.44
12.88,0,0.044,13,98.09,3,2009,1,1,3,17,2503.26
11.56,1,0.098,9,122.14,3,2009,1,1,3,17,2697.95
15.03,2,0.025,5,140.39,3,2009,1,1,3,17,3854.61
15.44,2,0.057,13,189.78,2,1999,1,0,0,27,5184.3
14.71,0,0.024,13,197.02,0,1987,0,1,2,39,4941.66
17.64,0,0.015,13,169.55,2,1999,1,0,0,27,5040.35
11.01,1,0.017,11,91.72,1,1998,2,2,1,28,1949.81
9.67,1,0.113,8,95.77,1,1998,2,2,1,28,1729.42
11.01,0,0.044,6,131.12,3,2009,1,1,3,17,2755.69
12.23,0,0.064,1,171.55,3,2009,1,1,3,17,3860.26
9.13,2,0.03,10,81.96,1,1998,2,2,1,28,1324.74
11.55,2,0.053,15,153.55,3,2009,1,1,3,17,3337.44
12.48,0,0.021,3,183.1,0,1987,0,1,2,39,4151.57
9.24,0,0.049,2,140.77,3,2009,1,1,3,17,2554.71
15.54,1,0.066,9,151.37,0,1987,0,1,2,39,4194.92
14.1,0,0.038,4,130.42,3,2009,1,1,3,17,3441.34
12.44,0,0.047,0,159.73,3,2009,1,1,3,17,3664.91
13.58,2,0.064,0,168.84,0,1987,0,1,2,39,4109.42
17.35,2,0.047,14,137.15,2,1999,1,0,0,27,4312.94
12.51,0,0.066,14,173.85,3,2009,1,1,3,17,3969.38
14.74,0,0.069,7,162.03,2,1999,1,0,0,27,4232.36
15.7,0,0.042,10,169.76,0,1987,0,1,2,39,4607.53
12.59,2,0.034,5,135.31,3,2009,1,1,3,17,3198.57
16.02,2,0.052,0,175.4,0,1987,0,1,2,39,4795.5
13.17,1,0.031,11,217.45,1,1998,2,2,1,28,998.21
12.49,1,0.028,8,151.92,3,2009,1,1,3,17,3515.72
13.03,2,0.026,6,160.57,3,2009,1,1,3,17,3816.32
14.72,1,0.099,8,176.1,0,1987,0,1,2,39,4514.76
8.14,0,0.038,14,95.75,1,1998,2,2,1,28,1384.21
14.83,1,0.078,8,195.94,0,1987,0,1,2,39,4945.96
11.88,2,0.142,0,67.8,1,1998,2,2,1,28,1658.53
9.9,0,0.113,5,143.4,3,2009,1,1,3,17,2757.96
12.77,2,0.009,0,172.19,3,2009,1,1,3,17,3995.27
16.2,0,0.142,13,149.65,2,1999,1,0,0,27,4309.59
11.55,0,0.128,13,178.19,3,2009,1,1,3,17,3842.14
11.48,2,0.146,6,152.79,3,2009,1,1,3,17,3306.35
11.83,0,0.019,15,185.24,1,1998,2,2,1,28,715.02
16.13,2,0.069,13,157.36,2,1999,1,0,0,27,4449.81
14.7,0,0.026,5,140.6,3,2009,1,1,3,17,3784.84
13.44,0,0.032,4,180.62,2,1999,1,0,0,27,4318.12
11.41,0,0.128,6,165.99,3,2009,1,1,3,17,3559.26
10.88,0,0.098,6,128.34,3,2009,1,1,3,17,2671.14
10.31,0,0.044,6,146.34,3,2009,1,1,3,17,2908.78
13.45,2,0.092,6,169.24,0,1987,0,1,2,39,4087.34
13.2,1,0.033,9,160.93,3,2009,1,1,3,17,3861.35
8.92,0,0.045,14,84.89,0,1987,0,1,2,39,3118.5
11.94,2,0.025,14,156.56,3,2009,1,1,3,17,2739.39
14.02,0,0.128,0,130.09,3,2009,1,1,3,17,3415.03
9.03,0,0.049,6,90.52,1,1998,2,2,1,28,1478.9
14.34,2,0.14,13,114.4,3,2009,1,1,3,17,3167.01
10.26,2,0.034,13,138.92,3,2009,1,1,3,17,2747.46
11.67,2,0.157,3,140.96,3,2009,1,1,3,17,3107.44
12.24,0,0.042,0,219.05,0,1987,0,1,2,39,4833.51
13.87,0,0.115,13,157.91,3,2009,1,1,3,17,3950.89
9.2,0,0.021,5,167.83,3,2009,1,1,3,17,3098.13
12.46,0,0.039,5,153.41,3,2009,1,1,3,17,3541.19
10.85,0,0.027,3,62.8,1,1998,2,2,1,28,1321.81
10.89,2,0.032,0,147.02,3,2009,1,1,3,17,3053.74
12.24,0,0.037,5,155.81,3,2009,1,1,3,17,3540.32
11.63,0,0.045,14,103.77,0,1987,0,1,2,39,2337.66
18.06,0,0.057,6,246.35,2,1999,1,0,0,27,6707.04
8.19,2,0.03,10,121.32,1,1998,2,2,1,28,1917.51
13.67,2,0.151,13,168.3,0,1987,0,1,2,39,4118.04
10.24,0,0.098,7,108.62,1,1998,2,2,1,28,2123.19
12.94,2,0.019,6,191.47,2,1999,1,0,0,27,4428.05
9.5,0,0.021,5,126.12,0,1987,0,1,2,39,2313.4
16.46,0,0.112,2,192.12,2,1999,1,0,0,27,5235.57
14.39,2,0.047,14,191.54,0,1987,0,1,2,39,4756.86
11.77,1,0.168,8,145.18,3,2009,1,1,3,17,3216.55
12.35,2,0.022,10,113.41,3,2009,1,1,3,17,2697.34
14.57,0,0.027,5,205.45,2,1999,1,0,0,27,5082.79
11.08,0,0.133,13,138.45,3,2009,1,1,3,17,2922.12
15.21,1,0.084,9,179.68,0,1987,0,1,2,39,4699.17
15.24,0,0.053,10,204.28,2,1999,1,0,0,27,5209.52
12.2,0,0.084,6,134.65,3,2009,1,1,3,17,3097.45
12.75,2,0.007,13,146.47,3,2009,1,1,3,17,3463.73
12.85,2,0.032,4,137.41,3,2009,1,1,3,17,3301.72
13.81,1,0.013,8,170.97,2,1999,1,0,0,27,4204.48
16.26,0,0.016,10,145.76,2,1999,1,0,0,27,4242.26
11.4,0,0.174,14,165.93,3,2009,1,1,3,17,3556.31
15.9,0,0.016,10,182.28,2,1999,1,0,0,27,4908.0
11.94,1,0.08,9,143.98,3,2009,1,1,3,17,3230.48
16.22,3,0.038,3,138.84,0,1987,0,1,2,39,4092.23
13.1,2,0.041,6,124.94,3,2009,1,1,3,17,3102.7
13.31,0,0.043,10,125.59,3,2009,1,1,3,17,3163.84
14.0,0,0.058,3,111.14,3,2009,1,1,3,17,3024.45
10.96,0,0.07,6,135.63,3,2009,1,1,3,17,2837.8
10.16,2,0.141,6,169.12,3,2009,1,1,3,17,3342.77
14.24,1,0.007,9,184.21,0,1987,0,1,2,39,4572.42
11.11,1,0.297,8,185.72,3,2009,1,1,3,17,3896.79
15.17,2,0.033,13,200.39,2,1999,1,0,0,27,5114.66
14.0,0,0.128,6,150.72,3,2009,1,1,3,17,3833.2
17.72,0,0.021,13,204.82,2,1999,1,0,0,27,5780.25
12.1,3,0.009,6,125.98,3,2009,1,1,3,17,2897.77
14.53,2,0.05,3,200.91,2,1999,1,0,0,27,5500.38
11.55,0,0.035,6,90.8,0,1987,0,1,2,39,2424.75
9.88,0,0.03,13,78.94,1,1998,2,2,1,28,1433.45
9.85,0,0.045,4,151.38,3,2009,1,1,3,17,2908.49
16.02,0,0.132,0,187.35,2,1999,1,0,0,27,5039.06
10.34,0,0.142,3,119.07,0,1987,0,1,2,39,2358.07
12.72,0,0.053,0,147.1,3,2009,1,1,3,17,3469.8
14.24,0,0.161,0,157.3,0,1987,0,1,2,39,4021.89
13.21,0,0.042,3,171.81,0,1987,0,1,2,39,4085.82
11.15,0,0.189,3,154.86,3,2009,1,1,3,17,3273.72
13.71,2,0.121,12,162.82,0,1987,0,1,2,39,4015.21
13.88,1,0.27,9,164.6,0,1987,0,1,2,39,4090.87
8.62,2,0.16,13,104.51,1,1998,2,2,1,28,1671.3
13.66,0,0.018,4,195.78,0,1987,0,1,2,39,4678.39
15.87,0,0.099,6,128.43,3,2009,1,1,3,17,3798.73
20.27,0,0.021,4,222.71,2,1999,1,0,0,27,6722.96
10.32,2,0.063,0,101.95,1,1998,2,2,1,28,2002.69
16.31,1,0.048,11,138.19,0,1987,0,1,2,39,4098.0
11.49,0,0.013,13,169.3,3,2009,1,1,3,17,3646.86
12.92,1,0.084,8,135.47,3,2009,1,1,3,17,3276.76
15.56,0,0.075,5,157.89,2,1999,1,0,0,27,4331.94
9.75,0,0.116,4,117.8,1,1998,2,2,1,28,2200.33
10.79,0,0.015,6,106.14,1,1998,2,2,1,28,2196.51
10.09,1,0.055,11,123.86,0,1987,0,1,2,39,2398.91
15.24,0,0.059,0,141.0,3,2009,1,1,3,17,3913.45
13.24,2,0.046,10,192.96,0,1987,0,1,2,39,4524.86
12.1,0,0.12,0,126.21,3,2009,1,1,3,17,2901.63
11.15,2,0.085,0,146.19,3,2009,1,1,3,17,3097.14
12.67,0,0.028,0,130.97,3,2009,1,1,3,17,3127.82
10.87,0,0.047,6,103.68,1,1998,2,2,1,28,2164.29
14.93,1,0.047,9,202.51,2,1999,1,0,0,27,4663.65
13.0,2,0.128,6,160.02,3,2009,1,1,3,17,3797.5
12.58,0,0.028,4,157.84,3,2009,1,1,3,17,3658.4
11.3,0,0.074,3,153.49,3,2009,1,1,3,17,3280.73
11.66,0,0.051,13,188.11,0,1987,0,1,2,39,4068.97
14.46,1,0.026,9,161.98,0,1987,0,1,2,39,4167.03
10.01,2,0.052,13,171.37,3,2009,1,1,3,17,3354.07
10.83,0,0.064,0,158.68,3,2009,1,1,3,17,3279.47
13.15,2,0.064,14,200.71,0,1987,0,1,2,39,4663.06
12.84,0,0.066,13,158.02,3,2009,1,1,3,17,3720.69
9.22,2,0.038,5,143.8,3,2009,1,1,3,17,2610.94
11.01,2,0.016,14,136.7,3,2009,1,1,3,17,2870.86
12.07,0,0.015,14,151.64,3,2009,1,1,3,17,3415.8
13.2,2,0.013,0,122.51,3,2009,1,1,3,17,3075.7
13.49,1,0.074,11,93.44,3,2009,1,1,3,17,2546.18
14.68,0,0.041,4,144.79,3,2009,1,1,3,17,3864.63
13.28,2,0.029,5,163.0,3,2009,1,1,3,17,3922.5
10.57,0,0.042,10,125.25,3,2009,1,1,3,17,2537.74
13.34,0,0.093,10,124.78,2,1999,1,0,0,27,5703.97
10.67,0,0.078,14,109.32,1,1998,2,2,1,28,2234.54
9.19,0,0.116,5,123.58,1,1998,2,2,1,28,2191.14
14.35,1,0.033,8,172.76,2,1999,1,0,0,27,4363.58
10.55,0,0.077,13,150.88,3,2009,1,1,3,17,3057.49
15.61,0,0.086,14,145.66,0,1987,0,1,2,39,4092.55
10.45,0,0.061,1,120.13,0,1987,0,1,2,39,2404.11
12.9,0,0.15,4,129.8,3,2009,1,1,3,17,3157.23
9.37,0,0.042,6,162.92,3,2009,1,1,3,17,3035.82
9.5,0,0.156,5,147.39,3,2009,1,1,3,17,2748.53
12.9,1,0.061,8,156.48,2,1999,1,0,0,27,6529.74
10.52,0,0.079,3,181.03,3,2009,1,1,3,17,5086.07
11.66,0,0.12,7,106.36,0,1987,0,1,2,39,2397.29
15.54,0,0.013,5,181.76,0,1987,0,1,2,39,4816.66
11.17,2,0.039,6,176.59,3,2009,1,1,3,17,3722.47
11.41,1,0.071,8,120.3,3,2009,1,1,3,17,2624.84
15.02,1,0.033,8,187.98,0,1987,0,1,2,39,4827.09
11.51,0,0.089,6,146.47,3,2009,1,1,3,17,3183.48
11.45,2,0.131,13,159.65,3,2009,1,1,3,17,3440.11
11.52,0,0.046,13,145.66,3,2009,1,1,3,17,3170.06
13.5,0,0.013,2,184.48,2,1999,1,0,0,27,4410.43
12.18,0,0.027,5,161.55,3,2009,1,1,3,17,3643.45
14.62,0,0.095,3,190.76,0,1987,0,1,2,39,4793.05
7.94,0,0.012,7,131.06,1,1998,2,2,1,28,2062.07
13.32,2,0.08,5,161.91,3,2009,1,1,3,17,3907.98
8.99,2,0.142,13,165.8,3,2009,1,1,3,17,3008.75
12.99,1,0.112,11,114.51,3,2009,1,1,3,17,2863.54
12.73,0,0.034,6,154.23,3,2009,1,1,3,17,3618.43
14.13,2,0.032,6,162.07,0,1987,0,1,2,39,4094.41
13.56,0,0.039,3,161.22,3,2009,1,1,3,17,3948.08
13.26,0,0.013,13,154.63,1,1998,2,2,1,28,1088.62
11.95,0,0.036,7,126.09,3,2009,1,1,3,17,4956.07
17.16,0,0.026,4,180.2,2,1999,1,0,0,27,6396.09
17.66,2,0.116,1,175.58,2,1999,1,0,0,27,5169.39
9.02,0,0.141,13,132.09,0,1987,0,1,2,39,2327.2
11.89,0,0.061,6,134.16,3,2009,1,1,3,17,3018.46
14.5,0,0.072,10,154.7,0,1987,0,1,2,39,4027.64
12.87,2,0.069,3,155.34,3,2009,1,1,3,17,3671.84
11.98,0,0.16,0,160.48,3,2009,1,1,3,17,3576.33
10.55,0,0.023,10,156.74,3,2009,1,1,3,17,3176.92
11.04,0,0.027,0,139.45,3,2009,1,1,3,17,2933.88
15.01,0,0.033,4,190.45,0,1987,0,1,2,39,4875.01
11.54,2,0.071,14,107.03,0,1987,0,1,2,39,2382.28
9.61,0,0.026,13,161.79,3,2009,1,1,3,17,3920.35
14.05,0,0.074,13,130.94,3,2009,1,1,3,17,3440.04
11.57,1,0.041,8,112.41,3,2009,1,1,3,17,2500.33
11.48,0,0.097,3,148.56,3,2009,1,1,3,17,3219.19
12.49,2,0.047,6,124.68,3,2009,1,1,3,17,2958.3
12.09,0,0.038,1,166.41,3,2009,1,1,3,17,3723.03
13.31,2,0.011,14,171.77,0,1987,0,1,2,39,4108.56
9.23,0,0.08,14,176.94,3,2009,1,1,3,17,3292.66
13.11,0,0.075,13,170.56,0,1987,0,1,2,39,4037.65
13.09,0,0.062,14,132.24,3,2009,1,1,3,17,3249.72
13.54,2,0.103,5,99.24,3,2009,1,1,3,17,2675.79
11.55,2,0.083,5,199.36,2,1999,1,0,0,27,4274.08
11.49,3,0.11,13,135.98,3,2009,1,1,3,17,3990.5
11.91,2,0.033,0,105.17,0,1987,0,1,2,39,2428.09
10.53,1,0.019,9,171.63,3,2009,1,1,3,17,3476.82
13.99,0,0.029,10,194.61,0,1987,0,1,2,39,4728.14
9.47,0,0.052,3,137.5,3,2009,1,1,3,17,2537.93
16.89,0,0.072,10,186.53,2,1999,1,0,0,27,5219.36
11.83,0,0.228,10,126.53,3,2009,1,1,3,17,2848.73
16.3,0,0.014,13,171.06,0,1987,0,1,2,39,4768.37
12.25,0,0.094,5,108.07,3,2009,1,1,3,17,2565.01
15.87,0,0.058,6,169.17,0,1987,0,1,2,39,4632.36
11.26,2,0.055,6,68.44,1,1998,2,2,1,28,1530.97
13.28,1,0.055,9,135.31,3,2009,1,1,3,17,3354.83
14.3,0,0.06,3,161.21,0,1987,0,1,2,39,4115.69
13.28,0,0.032,6,132.4,3,2009,1,1,3,17,3296.28
11.08,0,0.066,6,111.41,0,1987,0,1,2,39,2368.32
12.74,0,0.04,4,136.22,3,2009,1,1,3,17,3252.74
11.46,2,0.038,6,106.69,0,1987,0,1,2,39,2359.34
12.85,0,0.022,6,158.13,3,2009,1,1,3,17,3724.09
16.38,0,0.029,13,160.63,0,1987,0,1,2,39,4574.09
14.76,1,0.161,9,188.48,0,1987,0,1,2,39,4776.98
14.63,1,0.045,9,128.34,3,2009,1,1,3,17,3517.11
9.64,0,0.09,13,122.95,1,1998,2,2,1,28,2278.82
12.08,0,0.076,0,168.72,3,2009,1,1,3,17,3767.34
11.63,3,0.045,5,139.5,3,2009,1,1,3,17,3068.54
11.34,0,0.105,6,131.68,3,2009,1,1,3,17,2842.26
11.26,2,0.076,6,116.37,3,2009,1,1,3,17,2511.48
12.6,0,0.03,10,160.34,3,2009,1,1,3,17,3712.5
12.57,2,0.097,6,164.67,3,2009,1,1,3,17,3796.14
12.92,2,0.027,6,131.58,3,2009,1,1,3,17,3198.09
13.25,0,0.063,0,168.91,0,1987,0,1,2,39,4035.47
11.87,0,0.04,13,112.01,3,2009,1,1,3,17,2558.75
9.16,2,0.064,13,155.97,3,2009,1,1,3,17,2847.84
11.89,2,0.118,6,166.17,3,2009,1,1,3,17,3672.01
9.21,0,0.017,6,127.47,1,1998,2,2,1,28,2275.73
15.55,2,0.093,13,168.69,0,1987,0,1,2,39,4551.34
12.63,0,0.024,13,110.06,3,2009,1,1,3,17,2692.1
11.74,0,0.057,4,169.77,3,2009,1,1,3,17,3711.28
9.66,0,0.017,5,124.61,0,1987,0,1,2,39,2317.04
14.41,0,0.01,13,142.55,3,2009,1,1,3,17,3757.87
13.07,0,0.014,13,146.04,3,2009,1,1,3,17,3526.31
12.89,0,0.055,6,145.21,3,2009,1,1,3,17,3468.8
12.73,2,0.099,3,125.94,3,2009,1,1,3,17,3039.07
13.35,0,0.118,7,120.89,3,2009,1,1,3,17,3076.65
8.18,0,0.073,10,106.54,1,1998,2,2,1,28,1613.54
13.32,2,0.022,13,124.28,3,2009,1,1,3,17,3139.29
10.75,0,0.027,0,144.76,3,2009,1,1,3,17,2975.96
14.17,0,0.175,5,187.12,0,1987,0,1,2,39,4615.58
12.13,0,0.13,14,171.09,3,2009,1,1,3,17,3827.83
9.37,0,0.026,10,175.97,3,2009,1,1,3,17,3304.41
10.72,0,0.05,13,119.37,0,1987,0,1,2,39,2449.82
9.86,2,0.01,0,152.54,3,2009,1,1,3,17,2934.95
11.65,2,0.067,6,153.86,3,2009,1,1,3,17,3632.78
14.17,0,0.074,6,155.33,3,2009,1,1,3,17,3966.44
8.58,1,0.086,9,131.62,1,1998,2,2,1,28,2217.38
14.11,0,0.035,6,155.51,3,2009,1,1,3,17,3956.16
12.84,0,0.118,6,114.47,3,2009,1,1,3,17,2828.48
11.35,2,0.06,5,161.69,3,2009,1,1,3,17,3459.37
10.33,0,0.061,5,164.31,3,2009,1,1,3,17,3280.89
14.25,1,0.014,9,135.66,3,2009,1,1,3,17,3581.44
14.2,0,0.024,3,126.58,3,2009,1,1,3,17,3384.27
9.18,2,0.171,4,115.82,1,1998,2,2,1,28,2030.87
10.82,2,0.043,10,172.87,3,2009,1,1,3,17,3568.22
11.61,0,0.033,0,153.19,3,2009,1,1,3,17,3343.51
11.58,0,0.018,10,141.99,3,2009,1,1,3,17,3108.47
12.08,0,0.185,4,110.34,3,2009,1,1,3,17,2573.24
13.49,1,0.043,11,165.5,0,1987,0,1,2,39,4020.89
12.51,1,0.009,8,191.31,2,1999,1,0,0,27,4325.9
14.31,2,0.035,14,191.13,0,1987,0,1,2,39,4730.89
13.48,2,0.064,4,149.98,3,2009,1,1,3,17,3699.82
13.36,1,0.067,8,130.26,3,2009,1,1,3,17,3269.81
10.93,2,0.049,13,136.0,3,2009,1,1,3,17,2837.42
11.74,0,0.176,7,137.3,3,2009,1,1,3,17,3048.91
10.76,0,0.024,13,143.58,3,2009,1,1,3,17,2953.85
11.89,3,0.055,14,80.76,1,1998,2,2,1,28,1925.64
14.56,0,0.082,14,130.92,3,2009,1,1,3,17,3555.43
11.48,2,0.073,3,143.69,3,2009,1,1,3,17,3119.44
15.28,0,0.01,6,139.0,3,2009,1,1,3,17,3882.54
14.82,1,0.052,9,188.3,0,1987,0,1,2,39,4190.58
10.71,0,0.04,6,86.44,1,1998,2,2,1,28,1775.57
9.42,2,0.074,4,103.32,1,1998,2,2,1,28,1828.94
11.37,2,0.07,5,137.1,3,2009,1,1,3,17,2959.87
11.33,1,0.083,8,161.45,3,2009,1,1,3,17,3449.86
13.49,0,0.071,2,145.6,3,2009,1,1,3,17,3613.53
9.23,0,0.038,5,105.33,1,1998,2,2,1,28,1825.65
16.34,0,0.03,5,147.96,2,1999,1,0,0,27,4305.39
11.28,2,0.054,14,87.69,1,1998,2,2,1,28,1928.58
14.23,2,0.057,14,156.52,0,1987,0,1,2,39,4004.4
17.02,2,0.076,6,224.36,2,1999,1,0,0,27,6023.21
6.85,0,0.098,10,112.86,1,1998,2,2,1,28,1442.31
14.67,0,0.041,6,156.41,0,1987,0,1,2,39,4099.97
10.79,0,0.14,5,102.78,1,1998,2,2,1,28,2127.24
10.94,0,0.113,4,106.85,1,1998,2,2,1,28,2243.02
15.58,2,0.011,4,148.03,0,1987,0,1,2,39,4134.55
14.16,0,0.053,6,158.08,0,1987,0,1,2,39,4020.73
13.95,2,0.046,5,145.36,3,2009,1,1,3,17,3713.12
13.77,0,0.107,2,130.94,3,2009,1,1,3,17,3375.92
12.84,0,0.067,2,162.37,3,2009,1,1,3,17,3808.51
12.57,2,0.026,5,128.95,3,2009,1,1,3,17,3064.04
10.15,1,0.016,9,104.0,1,1998,2,2,1,28,2007.09
13.43,0,0.01,6,134.38,3,2009,1,1,3,17,3369.65
13.13,0,0.027,13,110.64,3,2009,1,1,3,17,2816.81
9.38,2,0.053,6,118.33,1,1998,2,2,1,28,2126.45
10.06,0,0.031,0,77.58,1,1998,2,2,1,28,1445.69
11.8,1,0.046,9,164.82,3,2009,1,1,3,17,3623.93
18.32,0,0.057,12,164.13,2,1999,1,0,0,27,5083.79
14.53,2,0.02,4,135.14,3,2009,1,1,3,17,3634.81
13.99,0,0.048,6,172.94,2,1999,1,0,0,27,4284.66
13.17,0,0.032,0,147.65,3,2009,1,1,3,17,3582.18
12.23,1,0.015,8,164.91,3,2009,1,1,3,17,3724.25
14.81,1,0.164,11,208.64,2,1999,1,0,0,27,6740.07
10.64,1,0.123,9,180.89,3,2009,1,1,3,17,3692.04
15.54,2,0.079,14,168.78,0,1987,0,1,2,39,4550.19
12.68,2,0.031,10,180.39,0,1987,0,1,2,39,4141.13
15.64,2,0.06,0,183.21,0,1987,0,1,2,39,4867.54
11.67,2,0.098,5,139.09,3,2009,1,1,3,17,3068.4
10.71,1,0.082,9,136.94,3,2009,1,1,3,17,2807.33
12.64,0,0.12,14,103.88,3,2009,1,1,3,17,2567.56
12.72,2,0.169,10,123.16,3,2009,1,1,3,17,2979.68
12.26,0,0.14,13,138.27,3,2009,1,1,3,17,3185.13
10.48,2,0.144,13,80.3,1,1998,2,2,1,28,1596.16
11.69,1,0.142,9,115.05,3,2009,1,1,3,17,2580.96
14.81,0,0.104,13,128.05,3,2009,1,1,3,17,3552.67
13.3,0,0.11,10,103.39,3,2009,1,1,3,17,2705.73
13.12,1,0.036,11,149.56,3,2009,1,1,3,17,3610.09
12.8,2,0.017,5,160.56,3,2009,1,1,3,17,3763.63
10.39,0,0.01,10,132.22,3,2009,1,1,3,17,2639.8
11.5,0,0.069,14,146.69,3,2009,1,1,3,17,3185.9
12.89,0,0.153,14,170.29,3,2009,1,1,3,17,3983.47
7.35,2,0.087,7,114.53,2,1999,1,0,0,27,5407.6
14.03,0,0.017,5,198.32,0,1987,0,1,2,39,4814.17
12.12,0,0.072,13,122.45,3,2009,1,1,3,17,2829.6
12.6,1,0.087,9,145.18,3,2009,1,1,3,17,3403.01
13.47,1,0.052,8,156.76,3,2009,1,1,3,17,3838.02
8.26,0,0.042,10,94.14,1,1998,2,2,1,28,1377.41
15.6,1,0.079,8,163.51,2,1999,1,0,0,27,4455.93
14.82,0,0.072,2,178.16,0,1987,0,1,2,39,4579.88
10.29,0,0.123,4,154.03,3,2009,1,1,3,17,3062.03
13.16,2,0.024,10,171.08,0,1987,0,1,2,39,4060.53
9.59,2,0.028,2,180.74,3,2009,1,1,3,17,3449.91
12.5,0,0.048,6,157.76,3,2009,1,1,3,17,3637.98
12.01,2,0.105,14,146.0,3,2009,1,1,3,17,3287.09
14.92,2,0.12,10,174.81,0,1987,0,1,2,39,4533.9
12.05,1,0.046,8,124.5,3,2009,1,1,3,17,2856.63
14.91,2,0.08,5,157.23,0,1987,0,1,2,39,4173.26
12.06,2,0.025,0,169.22,3,2009,1,1,3,17,3772.41
11.12,1,0.054,8,132.56,3,2009,1,1,3,17,2811.46
10.85,2,0.066,0,143.92,3,2009,1,1,3,17,2981.2
11.79,2,0.038,13,143.49,3,2009,1,1,3,17,3186.72
12.22,0,0.032,3,137.13,3,2009,1,1,3,17,3153.74
14.1,0,0.056,15,161.7,0,1987,0,1,2,39,4080.52
11.13,1,0.22,9,166.74,3,2009,1,1,3,17,3511.43
13.25,1,0.14,8,180.9,2,1999,1,0,0,27,4281.47
19.22,0,0.033,13,212.36,2,1999,1,0,0,27,6275.29
10.92,1,0.142,8,184.73,2,1999,1,0,0,27,5972.25
14.9,0,0.083,14,152.82,0,1987,0,1,2,39,4079.52
15.2,1,0.045,8,183.49,0,1987,0,1,2,39,4774.98
11.14,0,0.038,10,120.31,3,2009,1,1,3,17,2564.36
12.56,2,0.128,0,163.28,3,2009,1,1,3,17,3765.77
14.06,0,0.086,4,145.23,3,2009,1,1,3,17,3734.62
9.29,0,0.043,4,139.78,3,2009,1,1,3,17,2545.34
19.14,0,0.103,7,216.81,2,1999,1,0,0,27,6347.57
14.35,1,0.037,9,241.63,2,1999,1,0,0,27,5772.44
12.36,1,0.029,9,187.47,2,1999,1,0,0,27,4214.28
10.2,1,0.016,8,116.99,1,1998,2,2,1,28,2283.48
14.85,2,0.03,13,215.25,2,1999,1,0,0,27,5346.29
8.95,1,0.05,8,131.45,1,1998,2,2,1,28,2296.61
10.05,3,0.046,0,121.49,0,1987,0,1,2,39,2342.24
9.44,0,0.016,1,125.39,1,1998,2,2,1,28,2284.59
10.86,0,0.038,3,91.06,1,1998,2,2,1,28,1903.11
13.03,0,0.035,1,138.47,3,2009,1,1,3,17,3364.35
11.57,1,0.298,8,174.65,2,1999,1,0,0,27,5734.92
11.41,0,0.029,7,136.83,3,2009,1,1,3,17,2963.88
10.47,0,0.032,3,119.68,0,1987,0,1,2,39,2399.89
15.89,0,0.03,13,148.23,2,1999,1,0,0,27,4208.45
15.89,1,0.091,9,215.83,2,1999,1,0,0,27,5592.31
13.36,0,0.026,13,173.03,0,1987,0,1,2,39,4144.15
11.58,0,0.102,14,161.45,3,2009,1,1,3,17,2637.01
9.83,2,0.039,13,122.63,0,1987,0,1,2,39,2316.27
12.13,0,0.072,14,98.87,0,1987,0,1,2,39,4644.06
12.1,0,0.147,0,166.09,3,2009,1,1,3,17,3719.31
12.25,0,0.04,3,160.42,3,2009,1,1,3,17,3635.5
8.43,3,0.073,13,135.37,1,1998,2,2,1,28,2259.49
11.35,2,0.023,7,95.79,1,1998,2,2,1,28,2111.1
10.43,0,0.063,2,123.97,0,1987,0,1,2,39,2479.36
11.27,1,0.09,9,121.14,3,2009,1,1,3,17,2610.54
10.52,0,0.045,4,153.92,3,2009,1,1,3,17,3111.69
12.83,2,0.021,13,127.2,3,2009,1,1,3,17,3087.39
10.96,2,0.08,0,124.72,3,2009,1,1,3,17,2615.11
14.77,2,0.156,1,185.6,0,1987,0,1,2,39,4719.85
15.71,0,0.043,0,179.38,1,1998,2,2,1,28,1244.11
11.05,0,0.013,4,114.41,0,1987,0,1,2,39,2422.69
10.87,1,0.007,8,143.98,3,2009,1,1,3,17,2988.38
17.21,0,0.058,10,166.04,2,1999,1,0,0,27,4871.7
11.78,0,0.09,13,112.53,3,2009,1,1,3,17,2549.0
11.15,0,0.047,4,161.31,3,2009,1,1,3,17,3405.87
14.85,0,0.085,3,126.54,3,2009,1,1,3,17,3530.47
16.43,1,0.128,8,158.69,0,1987,0,1,2,39,4546.04
15.48,0,0.012,4,199.52,2,1999,1,0,0,27,5165.52
16.56,0,0.106,6,159.4,0,1987,0,1,2,39,4589.83
10.61,0,0.064,13,115.36,0,1987,0,1,2,39,2344.5
10.29,2,0.088,6,99.94,1,1998,2,2,1,28,1955.97
10.15,0,0.032,0,60.22,1,1998,2,2,1,28,1110.95
11.65,2,0.119,10,130.74,3,2009,1,1,3,17,2893.24
10.34,1,0.12,9,126.22,3,2009,1,1,3,17,2504.11
11.6,0,0.039,13,167.31,3,2009,1,1,3,17,3630.7
15.33,1,0.162,8,121.02,3,2009,1,1,3,17,3526.22
16.79,0,0.013,13,111.26,3,2009,1,1,3,17,3656.74
14.12,0,0.126,15,157.35,3,2009,1,1,3,17,3996.49
11.74,0,0.03,2,90.7,1,1998,2,2,1,28,2094.27
9.16,2,0.018,13,95.11,1,1998,2,2,1,28,1602.1
12.07,1,0.045,8,151.82,3,2009,1,1,3,17,3419.12
10.04,0,0.168,13,111.63,1,1998,2,2,1,28,2139.18
11.54,1,0.182,8,135.38,3,2009,1,1,3,17,2962.54
13.51,0,0.018,13,186.06,2,1999,1,0,0,27,4444.73
15.0,1,0.056,8,157.07,0,1987,0,1,2,39,4188.5
13.12,1,0.032,9,132.45,3,2009,1,1,3,17,3260.66
11.68,0,0.067,10,185.12,0,1987,0,1,2,39,4011.75
13.72,0,0.116,4,149.44,3,2009,1,1,3,17,3744.54
12.24,0,0.031,10,146.86,3,2009,1,1,3,17,3356.78
16.45,1,0.113,9,190.83,2,1999,1,0,0,27,5207.97
12.56,0,0.028,5,109.61,3,2009,1,1,3,17,2666.15
12.17,0,0.041,14,118.81,3,2009,1,1,3,17,2766.9
13.98,2,0.077,6,176.77,2,1999,1,0,0,27,4362.79
16.96,2,0.08,4,150.74,0,1987,0,1,2,39,4503.6
15.04,0,0.038,7,178.24,0,1987,0,1,2,39,4631.14
11.14,0,0.039,4,180.49,3,2009,1,1,3,17,3796.06
11.67,0,0.031,13,180.88,3,2009,1,1,3,17,3923.62
12.39,0,0.014,14,120.79,3,2009,1,1,3,17,2857.92
10.03,0,0.027,14,120.4,0,1987,0,1,2,39,2315.58
13.63,0,0.036,14,171.9,0,1987,0,1,2,39,4182.55
14.89,0,0.088,0,200.39,2,1999,1,0,0,27,5051.08
16.92,1,0.006,8,184.19,2,1999,1,0,0,27,5178.79
14.05,1,0.04,8,137.43,3,2009,1,1,3,17,3573.44
9.55,2,0.137,10,80.61,1,1998,2,2,1,28,1392.26
15.1,1,0.113,11,201.12,2,1999,1,0,0,27,5112.84
13.68,0,0.105,14,183.97,2,1999,1,0,0,27,4441.31
14.11,0,0.029,6,186.12,0,1987,0,1,2,39,4581.85
9.53,2,0.017,5,124.97,1,1998,2,2,1,28,2296.65
12.01,0,0.043,1,134.66,3,2009,1,1,3,17,3055.98
16.35,1,0.06,9,153.6,2,1999,1,0,0,27,4423.44
12.28,0,0.026,13,154.38,3,2009,1,1,3,17,3518.7
7.55,2,0.126,3,99.63,1,1998,2,2,1,28,1330.14
15.1,0,0.067,5,122.59,3,2009,1,1,3,17,3505.43
12.98,1,0.138,9,146.5,3,2009,1,1,3,17,3515.57
11.3,0,0.115,5,80.32,1,1998,2,2,1,28,1782.53
10.57,1,0.084,9,195.53,3,2009,1,1,3,17,3975.45
13.82,1,0.035,9,151.48,3,2009,1,1,3,17,4481.31
9.35,2,0.04,6,99.2,1,1998,2,2,1,28,1729.21
15.39,0,0.09,1,154.27,2,1999,1,0,0,27,4221.01
13.49,1,0.032,8,100.65,3,2009,1,1,3,17,2692.76
15.3,0,0.024,13,144.34,3,2009,1,1,3,17,3995.36
12.31,0,0.035,1,136.34,3,2009,1,1,3,17,3155.91
14.95,0,0.04,13,183.23,0,1987,0,1,2,39,4714.05
12.84,0,0.093,13,128.06,3,2009,1,1,3,17,3106.46
13.73,1,0.089,9,172.36,2,1999,1,0,0,27,4214.17
13.17,2,0.034,6,164.63,1,1998,2,2,1,28,1011.57
12.43,0,0.233,14,161.15,3,2009,1,1,3,17,3691.03
7.27,0,0.061,14,134.1,1,1998,2,2,1,28,1973.12
15.77,1,0.009,11,157.63,2,1999,1,0,0,27,4374.63
13.62,1,0.021,8,121.39,3,2009,1,1,3,17,3146.23
11.09,0,0.006,5,140.83,3,2009,1,1,3,17,2972.53
10.05,0,0.167,13,123.55,0,1987,0,1,2,39,2385.41
9.21,0,0.085,0,131.19,0,1987,0,1,2,39,2351.23
12.32,2,0.032,14,181.1,0,1987,0,1,2,39,4075.27
10.93,0,0.018,14,173.95,3,2009,1,1,3,17,3614.0
13.53,2,0.019,4,123.41,3,2009,1,1,3,17,3168.28
11.03,0,0.028,13,172.58,3,2009,1,1,3,17,3609.33
10.45,2,0.021,13,161.39,3,2009,1,1,3,17,3248.31
10.69,0,0.127,0,115.27,0,1987,0,1,2,39,2360.83
10.68,0,0.033,13,72.37,0,1987,0,1,2,39,4790.98
19.09,0,0.077,6,181.58,2,1999,1,0,0,27,5614.09
13.62,0,0.011,13,177.88,2,1999,1,0,0,27,4302.4
9.37,0,0.111,4,135.92,0,1987,0,1,2,39,2484.71
10.46,0,0.077,4,107.28,1,1998,2,2,1,28,2144.15
11.71,1,0.061,8,165.52,3,2009,1,1,3,17,3617.53
9.16,0,0.026,6,86.38,1,1998,2,2,1,28,1423.14
13.52,0,0.019,5,137.98,3,2009,1,1,3,17,3463.59
11.16,0,0.042,14,89.14,1,1998,2,2,1,28,1930.81
12.66,2,0.115,13,132.52,3,2009,1,1,3,17,3158.98
9.16,0,0.047,4,123.95,1,1998,2,2,1,28,2192.38
13.28,1,0.018,9,142.71,3,2009,1,1,3,17,3506.32
14.98,1,0.086,8,116.36,3,2009,1,1,3,17,3352.54
9.14,1,0.082,8,131.77,0,1987,0,1,2,39,2347.43
12.89,0,0.026,7,152.4,1,1998,2,2,1,28,1290.81
8.93,1,0.117,9,178.62,3,2009,1,1,3,17,3259.2
8.25,0,0.108,14,113.37,1,1998,2,2,1,28,1768.94
16.79,0,0.038,6,189.92,2,1999,1,0,0,27,5266.58
12.79,1,0.076,9,136.98,3,2009,1,1,3,17,3279.14
8.34,0,0.069,0,124.99,1,1998,2,2,1,28,2026.86
9.84,0,0.032,6,103.94,1,1998,2,2,1,28,1936.64
15.76,0,0.103,0,188.46,1,1998,2,2,1,28,2221.71
10.58,0,0.009,12,99.47,1,1998,2,2,1,28,2012.38
14.16,0,0.063,13,129.12,3,2009,1,1,3,17,3427.3
14.1,1,0.052,9,138.77,3,2009,1,1,3,17,3610.44
14.49,0,0.006,15,132.28,3,2009,1,1,3,17,3566.64
10.75,0,0.007,13,89.33,1,1998,2,2,1,28,1841.79
10.18,3,0.152,14,144.85,3,2009,1,1,3,17,2849.82
12.21,0,0.045,5,132.91,3,2009,1,1,3,17,3065.05
9.58,0,0.03,3,131.72,0,1987,0,1,2,39,2446.41
14.12,2,0.039,10,174.02,2,1999,1,0,0,27,4336.33
14.85,0,0.113,13,177.8,1,1998,2,2,1,28,1766.25
12.73,1,0.016,8,112.75,3,2009,1,1,3,17,2768.4
13.86,0,0.039,3,146.29,3,2009,1,1,3,17,3710.2
13.58,1,0.022,9,145.46,3,2009,1,1,3,17,3630.44
12.36,0,0.017,5,139.8,3,2009,1,1,3,17,3238.85
13.13,2,0.01,13,97.63,3,2009,1,1,3,17,2549.66
12.39,2,0.14,2,137.74,3,2009,1,1,3,17,3204.52
14.83,2,0.021,14,147.13,3,2009,1,1,3,17,3946.78
11.28,0,0.04,13,122.68,3,2009,1,1,3,17,2645.02
14.74,0,0.028,6,173.42,2,1999,1,0,0,27,4465.83
8.7,0,0.14,5,136.65,0,1987,0,1,2,39,2348.53
12.49,1,0.006,8,142.64,3,2009,1,1,3,17,3326.12
13.45,0,0.094,0,192.35,0,1987,0,1,2,39,4561.74
13.68,1,0.115,9,127.8,3,2009,1,1,3,17,3292.5
11.33,1,0.177,8,103.49,1,1998,2,2,1,28,2262.79
9.8,0,0.084,1,155.16,3,2009,1,1,3,17,2975.47
9.99,0,0.162,5,116.09,1,1998,2,2,1,28,2218.05
16.5,0,0.11,3,160.79,0,1987,0,1,2,39,4605.22
11.37,2,0.024,10,179.25,3,2009,1,1,3,17,3822.88
12.53,1,0.123,9,141.93,3,2009,1,1,3,17,3321.26
10.46,0,0.115,15,181.17,3,2009,1,1,3,17,3655.17
9.72,0,0.03,13,102.91,1,1998,2,2,1,28,1887.4
14.24,1,0.024,8,124.77,3,2009,1,1,3,17,3356.53
14.05,1,0.079,8,113.29,3,2009,1,1,3,17,3079.61
9.92,2,0.033,3,129.55,0,1987,0,1,2,39,2477.23
8.9,0,0.108,13,149.8,3,2009,1,1,3,17,2660.66
9.2,2,0.093,6,102.51,1,1998,2,2,1,28,1762.42
9.02,0,0.072,3,103.58,1,1998,2,2,1,28,1743.54
13.84,0,0.039,0,174.45,2,1999,1,0,0,27,4283.43
17.46,0,0.121,6,230.51,2,1999,1,0,0,27,6248.81
9.01,1,0.021,8,119.22,1,1998,2,2,1,28,2061.97
13.29,0,0.21,3,162.14,3,2009,1,1,3,17,3905.54
10.41,0,0.021,3,151.97,3,2009,1,1,3,17,3047.85
10.43,1,0.071,9,110.95,1,1998,2,2,1,28,2213.07
12.8,0,0.03,5,135.8,3,2009,1,1,3,17,3257.72
12.08,3,0.107,5,131.75,3,2009,1,1,3,17,3010.38
11.33,0,0.11,14,118.73,3,2009,1,1,3,17,4769.42
14.16,2,0.046,13,161.31,0,1987,0,1,2,39,4085.03
9.58,0,0.126,0,170.34,3,2009,1,1,3,17,3235.21
14.36,3,0.024,7,160.21,0,1987,0,1,2,39,4109.15
10.53,0,0.024,10,89.82,1,1998,2,2,1,28,1803.84
11.41,2,0.034,3,131.14,3,2009,1,1,3,17,2847.52
14.58,1,0.295,8,161.96,0,1987,0,1,2,39,4195.39
11.91,0,0.032,6,135.88,3,2009,1,1,3,17,3056.99
12.97,2,0.131,6,174.0,0,1987,0,1,2,39,4075.66
17.15,2,0.019,6,142.09,2,1999,1,0,0,27,4367.62
12.47,2,0.053,10,173.88,3,2009,1,1,3,17,3962.26
10.62,0,0.096,6,117.65,0,1987,0,1,2,39,2393.16
15.46,0,0.028,5,197.86,2,1999,1,0,0,27,5127.44
13.04,0,0.028,1,126.64,2,1999,1,0,0,27,6660.96
16.59,0,0.021,1,221.88,2,1999,1,0,0,27,5873.44
16.57,1,0.062,8,214.52,2,1999,1,0,0,27,5719.47
12.04,2,0.011,13,153.42,2,1999,1,0,0,27,6722.57
14.61,0,0.111,3,152.39,0,1987,0,1,2,39,4004.54
8.47,2,0.033,14,116.52,1,1998,2,2,1,28,1882.78
11.18,0,0.093,6,137.91,3,2009,1,1,3,17,2932.75
16.72,0,0.021,13,174.48,2,1999,1,0,0,27,4933.27
13.22,3,0.031,3,150.63,3,2009,1,1,3,17,3654.6
12.94,0,0.035,14,167.73,3,2009,1,1,3,17,3942.57
15.19,0,0.191,6,154.18,0,1987,0,1,2,39,4172.46
11.41,0,0.076,6,144.24,3,2009,1,1,3,17,3115.23
16.95,2,0.042,6,194.85,2,1999,1,0,0,27,5403.97
12.37,0,0.048,1,146.7,3,2009,1,1,3,17,3383.69
13.1,0,0.007,4,176.31,0,1987,0,1,2,39,4153.02
15.7,0,0.154,5,180.84,0,1987,0,1,2,39,4833.0
13.61,0,0.124,4,157.98,3,2009,1,1,3,17,3894.16
14.88,0,0.292,4,186.77,0,1987,0,1,2,39,4769.76
11.75,0,0.035,6,197.72,2,1999,1,0,0,27,4286.72
13.53,2,0.11,5,160.24,3,2009,1,1,3,17,3920.91
15.29,0,0.022,5,165.01,2,1999,1,0,0,27,4416.94
12.11,0,0.126,2,165.01,3,2009,1,1,3,17,3697.5
7.44,0,0.076,13,78.77,1,1998,2,2,1,28,877.75
10.36,0,0.026,5,129.89,3,2009,1,1,3,17,2584.38
14.12,1,0.059,11,148.13,3,2009,1,1,3,17,3808.19
9.45,2,0.083,5,133.99,0,1987,0,1,2,39,2463.32
8.92,0,0.173,3,142.67,3,2009,1,1,3,17,2519.65
13.03,0,0.046,10,146.2,3,2009,1,1,3,17,3521.88
10.61,0,0.124,6,152.67,3,2009,1,1,3,17,3106.52
14.8,0,0.014,1,115.71,3,2009,1,1,3,17,3298.19
15.06,0,0.292,13,159.13,2,1999,1,0,0,27,4244.59
12.47,0,0.035,14,147.92,3,2009,1,1,3,17,3429.8
11.25,0,0.055,13,169.97,3,2009,1,1,3,17,3606.22
15.72,2,0.018,1,187.38,2,1999,1,0,0,27,4971.94
15.56,0,0.173,4,179.53,0,1987,0,1,2,39,4774.57
11.84,1,0.122,11,140.23,3,2009,1,1,3,17,3129.85
9.71,2,0.051,5,202.69,2,1999,1,0,0,27,6299.08
12.1,1,0.094,9,151.61,3,2009,1,1,3,17,3422.5
9.12,2,0.036,5,106.5,1,1998,2,2,1,28,1825.09
12.74,2,0.048,1,162.51,3,2009,1,1,3,17,3790.61
9.17,0,0.027,5,93.63,1,1998,2,2,1,28,1573.4
15.51,3,0.073,14,170.86,0,1987,0,1,2,39,4585.58
13.04,0,0.019,4,107.5,3,2009,1,1,3,17,2731.45
12.49,1,0.036,8,151.74,3,2009,1,1,3,17,3512.8
13.88,0,0.032,3,177.26,0,1987,0,1,2,39,2849.93
13.86,0,0.053,3,143.94,3,2009,1,1,3,17,3663.5
10.55,0,0.03,13,132.86,3,2009,1,1,3,17,2688.46
15.34,2,0.092,13,139.39,3,2009,1,1,3,17,3905.4
13.23,0,0.075,4,174.43,0,1987,0,1,2,39,4143.86
14.45,2,0.024,13,86.51,3,2009,1,1,3,17,2620.43
12.9,2,0.014,3,136.17,3,2009,1,1,3,17,3286.0
17.91,0,0.028,1,171.88,2,1999,1,0,0,27,5149.46
13.38,1,0.092,8,99.68,3,2009,1,1,3,17,2649.11
9.86,2,0.057,5,102.3,2,1999,1,0,0,27,5174.91
15.94,0,0.1,14,146.68,0,1987,0,1,2,39,4189.45
14.06,1,0.026,9,185.91,0,1987,0,1,2,39,4566.18
12.0,1,0.149,8,106.22,0,1987,0,1,2,39,2470.78
13.34,1,0.042,9,159.57,3,2009,1,1,3,17,3864.76
12.61,0,0.074,5,106.46,3,2009,1,1,3,17,2614.54
14.49,0,0.011,4,203.67,2,1999,1,0,0,27,5027.03
15.42,2,0.047,10,150.21,1,1998,2,2,1,28,1594.65
14.28,0,0.121,5,152.84,3,2009,1,1,3,17,3939.24
11.8,2,0.016,3,156.64,3,2009,1,1,3,17,3456.59
7.86,0,0.12,13,144.42,0,1987,0,1,2,39,2316.49
15.3,0,0.112,13,194.14,2,1999,1,0,0,27,5014.31
13.84,2,0.176,13,171.83,2,1999,1,0,0,27,4228.57
12.61,0,0.016,2,120.22,3,2009,1,1,3,17,2894.69
13.0,0,0.111,13,133.1,3,2009,1,1,3,17,3246.94
16.09,0,0.015,13,186.55,2,1999,1,0,0,27,5037.97
13.3,2,0.03,3,156.27,3,2009,1,1,3,17,3787.7
12.49,0,0.027,0,130.06,3,2009,1,1,3,17,3069.39
11.14,0,0.089,13,174.32,3,2009,1,1,3,17,3670.64
13.17,2,0.044,10,214.77,0,1987,0,1,2,39,4955.81
15.48,0,0.098,13,138.1,3,2009,1,1,3,17,3909.85
13.61,0,0.026,3,108.18,1,1998,2,2,1,28,1338.06
16.44,0,0.233,13,124.57,3,2009,1,1,3,17,3849.32
16.04,0,0.054,13,173.2,0,1987,0,1,2,39,4753.32
14.8,1,0.154,9,161.76,2,1999,1,0,0,27,4239.81
10.41,2,0.032,0,189.38,3,2009,1,1,3,17,2549.72
11.94,1,0.138,9,176.77,3,2009,1,1,3,17,3900.37
12.96,1,0.071,9,102.52,3,2009,1,1,3,17,2612.98
12.76,2,0.161,4,147.1,3,2009,1,1,3,17,3479.69
6.16,0,0.047,6,96.51,0,1987,0,1,2,39,4439.28
13.06,0,0.038,3,131.62,3,2009,1,1,3,17,3230.3
15.15,2,0.035,0,149.24,0,1987,0,1,2,39,4062.89
12.44,0,0.025,6,157.96,3,2009,1,1,3,17,3628.14
10.65,0,0.055,13,154.47,3,2009,1,1,3,17,3153.49
11.93,0,0.102,1,109.5,3,2009,1,1,3,17,2522.31
10.09,0,0.071,6,156.72,3,2009,1,1,3,17,3073.14
11.43,1,0.079,9,133.54,3,2009,1,1,3,17,2900.24
11.71,0,0.106,4,195.75,2,1999,1,0,0,27,4236.09
10.93,2,0.171,4,146.74,3,2009,1,1,3,17,3058.1
12.92,0,0.017,0,133.41,3,2009,1,1,3,17,3235.99
10.89,0,0.021,3,134.76,3,2009,1,1,3,17,2803.56
11.85,1,0.045,9,147.18,3,2009,1,1,3,17,3274.24
13.01,0,0.077,3,168.09,3,2009,1,1,3,17,3964.78
12.36,0,0.188,15,152.56,3,2009,1,1,3,17,3500.27
15.18,0,0.094,4,146.11,0,1987,0,1,2,39,4005.13
12.86,0,0.149,5,164.67,3,2009,1,1,3,17,3860.66
15.09,0,0.057,10,154.83,0,1987,0,1,2,39,4164.61
9.96,1,0.038,11,140.95,3,2009,1,1,3,17,2720.64
13.72,0,0.051,7,144.15,3,2009,1,1,3,17,3636.68
16.31,2,0.048,6,179.03,2,1999,1,0,0,27,4933.82
10.69,0,0.039,0,155.64,3,2009,1,1,3,17,4603.38
12.08,0,0.035,13,119.58,3,2009,1,1,3,17,2761.54
8.53,0,0.018,5,125.75,1,1998,2,2,1,28,2085.45
10.46,0,0.137,0,117.84,0,1987,0,1,2,39,2413.39
9.37,0,0.049,14,94.63,1,1998,2,2,1,28,1638.08
15.85,0,0.072,0,175.85,1,1998,2,2,1,28,2171.18
16.38,0,0.044,13,206.95,2,1999,1,0,0,27,5520.88
14.73,0,0.035,0,158.53,0,1987,0,1,2,39,4157.02
11.62,2,0.055,0,141.13,3,2009,1,1,3,17,3098.22
14.45,0,0.058,4,148.42,3,2009,1,1,3,17,3888.9
12.15,0,0.081,15,78.82,1,1998,2,2,1,28,1943.02
12.62,2,0.085,5,139.89,3,2009,1,1,3,17,3299.22
15.78,2,0.121,6,212.3,2,1999,1,0,0,27,3666.96
14.2,0,0.049,5,162.54,0,1987,0,1,2,39,4119.73
12.64,2,0.093,6,168.4,3,2009,1,1,3,17,3888.81
9.79,1,0.088,9,176.71,3,2009,1,1,3,17,3412.52
14.3,2,0.065,1,189.18,0,1987,0,1,2,39,4688.09
12.92,2,0.054,13,161.9,3,2009,1,1,3,17,3817.72
12.88,1,0.017,8,140.24,3,2009,1,1,3,17,3364.81
15.05,2,0.044,10,165.04,2,1999,1,0,0,27,4364.07
14.82,1,0.142,8,158.87,0,1987,0,1,2,39,4185.56
11.07,0,0.067,4,125.2,3,2009,1,1,3,17,2648.73
13.66,2,0.076,13,144.64,3,2009,1,1,3,17,3632.6
11.55,0,0.093,1,115.86,3,2009,1,1,3,17,2566.12
14.85,2,0.013,13,195.45,0,1987,0,1,2,39,4939.56
10.77,1,0.126,9,141.22,3,2009,1,1,3,17,2909.9
12.63,0,0.086,4,134.76,3,2009,1,1,3,17,3197.79
15.15,0,0.019,1,145.79,3,2009,1,1,3,17,3993.19
14.23,0,0.048,14,173.95,2,1999,1,0,0,27,4360.65
13.07,0,0.034,15,183.87,2,1999,1,0,0,27,4301.12
10.98,2,0.045,0,59.3,1,1998,2,2,1,28,1280.99
13.24,0,0.072,13,154.53,3,2009,1,1,3,17,3739.65
14.53,0,0.071,13,138.65,3,2009,1,1,3,17,3705.06
11.52,1,0.066,11,109.74,0,1987,0,1,2,39,2433.52
14.25,0,0.022,7,188.67,0,1987,0,1,2,39,4665.76
12.53,1,0.016,8,134.65,3,2009,1,1,3,17,3172.67
13.14,0,0.12,14,161.09,3,2009,1,1,3,17,3849.95
11.3,2,0.099,7,90.06,1,1998,2,2,1,28,1981.53
10.57,1,0.047,9,137.25,3,2009,1,1,3,17,2783.32
9.61,0,0.014,13,122.88,1,1998,2,2,1,28,2270.91
11.22,0,0.064,6,173.61,3,2009,1,1,3,17,3674.38
14.15,1,0.022,9,172.94,2,1999,1,0,0,27,4320.69
11.33,0,0.141,14,158.86,3,2009,1,1,3,17,3396.98
12.95,1,0.085,9,107.38,3,2009,1,1,3,17,4332.32
13.3,2,0.076,4,138.01,3,2009,1,1,3,17,3415.46
14.18,2,0.047,13,119.22,3,2009,1,1,3,17,3228.93
10.51,0,0.043,0,121.81,0,1987,0,1,2,39,2453.04
11.93,0,0.067,1,143.48,3,2009,1,1,3,17,3216.58
13.27,0,0.07,5,131.16,3,2009,1,1,3,17,3269.14
11.81,2,0.07,5,128.82,3,2009,1,1,3,17,2889.43
14.62,0,0.015,10,171.2,2,1999,1,0,0,27,4392.14
15.93,2,0.026,0,168.48,0,1987,0,1,2,39,4631.76
11.91,1,0.098,8,160.78,3,2009,1,1,3,17,3566.9
9.47,1,0.065,9,177.81,3,2009,1,1,3,17,3362.6
14.87,1,0.13,9,184.9,0,1987,0,1,2,39,4728.24
14.38,0,0.042,6,181.63,0,1987,0,1,2,39,4551.13
14.23,0,0.076,4,188.09,0,1987,0,1,2,39,4648.93
11.36,0,0.103,4,111.23,0,1987,0,1,2,39,4986.34
11.91,2,0.174,10,101.32,0,1987,0,1,2,39,3455.38
13.45,2,0.032,3,148.69,3,2009,1,1,3,17,3668.61
13.07,0,0.045,14,161.18,3,2009,1,1,3,17,3836.9
11.64,0,0.056,6,71.59,1,1998,2,2,1,28,1680.56
12.22,2,0.094,0,125.86,3,2009,1,1,3,17,2922.47
10.22,0,0.075,0,108.72,1,1998,2,2,1,28,2118.53
13.76,0,0.034,3,132.72,3,2009,1,1,3,17,3410.72
10.61,1,0.196,9,154.17,3,2009,1,1,3,17,3138.02
8.31,0,0.031,13,92.66,1,1998,2,2,1,28,1358.35
12.77,0,0.068,6,140.79,3,2009,1,1,3,17,3351.09
14.05,2,0.113,4,140.02,3,2009,1,1,3,17,3625.22
15.59,0,0.139,0,158.35,2,1999,1,0,0,27,4348.75
16.57,2,0.046,10,201.92,2,1999,1,0,0,27,5461.78
12.05,2,0.175,3,122.68,3,2009,1,1,3,17,2817.7
12.89,2,0.023,13,101.86,3,2009,1,1,3,17,2581.85
8.16,1,0.025,9,104.51,1,1998,2,2,1,28,1567.08
11.12,0,0.184,4,195.38,0,1987,0,1,2,39,4096.73
12.92,2,0.191,4,161.6,3,2009,1,1,3,17,3812.29
13.39,0,0.117,4,151.09,3,2009,1,1,3,17,2135.61
14.52,0,0.075,3,151.36,3,2009,1,1,3,17,3963.16
14.74,0,0.085,7,187.29,0,1987,0,1,2,39,4749.78
9.08,0,0.085,0,150.86,3,2009,1,1,3,17,2723.52
13.6,0,0.082,5,159.22,3,2009,1,1,3,17,3916.47
14.57,0,0.138,6,147.77,3,2009,1,1,3,17,3902.7
12.92,0,0.028,6,191.12,2,1999,1,0,0,27,4416.12
10.86,2,0.05,6,137.11,3,2009,1,1,3,17,2845.72
11.41,1,0.113,9,143.49,3,2009,1,1,3,17,3099.47
17.77,0,0.113,5,191.63,2,1999,1,0,0,27,5522.96
12.57,0,0.036,14,136.27,1,1998,2,2,1,28,1124.44
11.51,0,0.038,6,143.04,3,2009,1,1,3,17,3113.1
18.74,0,0.034,4,184.15,2,1999,1,0,0,27,5589.63
14.35,1,0.053,9,173.04,2,1999,1,0,0,27,4369.89
10.81,2,0.027,5,166.85,3,2009,1,1,3,17,3441.73
12.68,0,0.03,13,133.19,3,2009,1,1,3,17,3176.35
12.67,1,0.054,8,158.53,3,2009,1,1,3,17,3691.88
11.69,1,0.035,11,183.71,3,2009,1,1,3,17,3985.57
13.06,2,0.055,5,152.58,3,2009,1,1,3,17,3658.47
13.13,2,0.022,4,138.97,3,2009,1,1,3,17,3395.52
14.55,0,0.08,0,186.12,0,1987,0,1,2,39,4681.45
10.9,1,0.067,9,178.42,3,2009,1,1,3,17,3698.71
14.32,0,0.013,0,182.57,0,1987,0,1,2,39,4556.25
10.77,0,0.049,6,169.27,2,1999,1,0,0,27,6744.58
14.56,0,0.041,4,173.87,2,1999,1,0,0,27,4433.58
15.52,0,0.122,4,138.6,3,2009,1,1,3,17,3927.88
15.56,0,0.036,5,193.44,2,1999,1,0,0,27,5059.8
15.15,2,0.021,13,130.79,3,2009,1,1,3,17,3685.57
9.99,0,0.007,5,137.08,3,2009,1,1,3,17,2452.31
11.92,2,0.031,4,138.42,1,1998,2,2,1,28,800.44
10.38,1,0.094,9,96.67,1,1998,2,2,1,28,1909.26
12.84,0,0.109,10,175.87,0,1987,0,1,2,39,4086.02
15.67,2,0.076,5,135.36,3,2009,1,1,3,17,3897.08
15.63,2,0.036,13,156.5,2,1999,1,0,0,27,4320.23
11.39,0,0.064,13,124.5,3,2009,1,1,3,17,2707.77
8.62,1,0.049,8,141.9,0,1987,0,1,2,39,2436.2
12.16,0,0.017,13,174.77,3,2009,1,1,3,17,3909.65
11.77,0,0.057,4,132.2,3,2009,1,1,3,17,2951.21
11.61,2,0.035,3,123.09,3,2009,1,1,3,17,2727.15
11.52,1,0.043,9,110.57,0,1987,0,1,2,39,2451.61
10.97,3,0.023,0,146.95,3,2009,1,1,3,17,3071.95
8.69,1,0.063,8,143.86,0,1987,0,1,2,39,2493.76
15.01,1,0.032,8,181.13,0,1987,0,1,2,39,4682.53
13.09,0,0.148,4,124.13,3,2009,1,1,3,17,3084.52
10.95,0,0.066,2,171.68,3,2009,1,1,3,17,3572.03
15.36,2,0.113,3,114.93,3,2009,1,1,3,17,4422.47
13.85,0,0.146,4,151.4,3,2009,1,1,3,17,3812.51
13.22,2,0.036,6,162.57,3,2009,1,1,3,17,3899.02
12.21,1,0.075,9,151.2,3,2009,1,1,3,17,3439.01
13.08,1,0.052,8,202.0,2,1999,1,0,0,27,5449.81
11.23,0,0.061,6,170.56,3,2009,1,1,3,17,3612.66
11.61,0,0.062,13,140.06,3,2009,1,1,3,17,3073.93
9.91,1,0.038,8,68.04,1,1998,2,2,1,28,1216.1
10.71,0,0.009,5,133.26,3,2009,1,1,3,17,2731.64
8.98,0,0.041,10,145.29,3,2009,1,1,3,17,2586.69
12.84,0,0.047,13,147.58,3,2009,1,1,3,17,3506.54
14.73,0,0.143,13,165.1,1,1998,2,2,1,28,1160.47
12.94,0,0.075,13,109.45,3,2009,1,1,3,17,2748.86
10.46,0,0.103,6,100.58,1,1998,2,2,1,28,2007.53
12.69,0,0.086,14,147.16,3,2009,1,1,3,17,3463.98
15.94,0,0.046,5,195.24,2,1999,1,0,0,27,5183.43
11.06,2,0.031,4,160.42,3,2009,1,1,3,17,3367.83
10.36,2,0.035,6,182.68,3,2009,1,1,3,17,3665.46
17.17,0,0.011,13,181.7,2,1999,1,0,0,27,5182.88
13.58,0,0.104,0,130.78,3,2009,1,1,3,17,3330.43
12.37,1,0.154,8,107.55,3,2009,1,1,3,17,5170.08
8.93,0,0.047,15,139.71,0,1987,0,1,2,39,2462.46
12.93,0,0.025,4,168.67,3,2009,1,1,3,17,3958.54
10.27,0,0.04,0,169.39,3,2009,1,1,3,17,3371.62
11.45,2,0.124,3,125.22,3,2009,1,1,3,17,2734.52
13.21,0,0.059,14,151.87,3,2009,1,1,3,17,3677.56
10.48,0,0.169,0,94.81,1,1998,2,2,1,28,1893.13
8.3,0,0.041,3,88.82,1,1998,2,2,1,28,1279.42
11.7,0,0.108,14,127.24,3,2009,1,1,3,17,4021.37
12.85,2,0.074,10,140.26,3,2009,1,1,3,17,3358.61
16.35,2,0.108,0,145.62,2,1999,1,0,0,27,4259.52
13.44,0,0.021,5,157.43,3,2009,1,1,3,17,3842.89
15.79,0,0.146,12,159.01,2,1999,1,0,0,27,4407.55
14.37,0,0.154,4,126.74,3,2009,1,1,3,17,3426.76
11.87,0,0.126,0,143.22,3,2009,1,1,3,17,3199.52
10.73,0,0.036,13,126.43,3,2009,1,1,3,17,2596.93
14.37,0,0.142,6,133.57,3,2009,1,1,3,17,3566.73
14.2,2,0.128,5,181.79,0,1987,0,1,2,39,4513.23
8.76,2,0.062,2,149.63,3,2009,1,1,3,17,2627.03
7.85,1,0.122,9,113.51,1,1998,2,2,1,28,1681.9
13.46,0,0.075,14,135.73,3,2009,1,1,3,17,3404.91
11.76,1,0.075,8,158.08,3,2009,1,1,3,17,3476.86
10.48,0,0.04,13,141.43,3,2009,1,1,3,17,2469.23
12.25,2,0.129,3,179.96,0,1987,0,1,2,39,4035.32
12.0,1,0.068,9,106.16,0,1987,0,1,2,39,2468.42
9.1,0,0.12,5,77.12,1,1998,2,2,1,28,1219.82
15.63,0,0.054,4,184.91,1,1998,2,2,1,28,903.76
12.54,0,0.075,2,144.1,3,2009,1,1,3,17,3367.78
12.71,0,0.089,4,127.94,3,2009,1,1,3,17,3074.85
12.46,0,0.097,7,91.54,1,1998,2,2,1,28,2274.65
10.55,0,0.15,5,132.82,3,2009,1,1,3,17,2688.24
14.06,2,0.047,14,160.08,0,1987,0,1,2,39,4039.29
12.83,0,0.09,14,166.31,3,2009,1,1,3,17,3887.04
14.42,0,0.129,5,152.98,3,2009,1,1,3,17,3974.95
13.28,0,0.071,7,127.34,3,2009,1,1,3,17,3191.77
13.26,0,0.093,13,95.67,3,2009,1,1,3,17,2540.04
12.42,2,0.076,5,116.05,3,2009,1,1,3,17,2766.26
7.33,1,0.031,9,83.2,1,1998,2,2,1,28,944.3
10.25,1,0.016,9,150.06,3,2009,1,1,3,17,2972.86
8.97,1,0.049,8,95.58,1,1998,2,2,1,28,1567.44
12.25,0,0.061,0,164.38,3,2009,1,1,3,17,3716.68
10.82,0,0.057,2,154.82,3,2009,1,1,3,17,3198.34
13.3,2,0.066,3,150.81,3,2009,1,1,3,17,3676.38
15.88,0,0.082,3,175.63,0,1987,0,1,2,39,4768.83
12.88,2,0.057,7,189.44,2,1999,1,0,0,27,4373.03
15.67,0,0.036,7,180.71,0,1987,0,1,2,39,4823.69
12.52,0,0.042,6,115.53,3,2009,1,1,3,17,2779.81
14.92,1,0.03,8,188.95,0,1987,0,1,2,39,4823.31
14.35,0,0.043,13,129.57,3,2009,1,1,3,17,3480.56
11.17,0,0.016,10,137.87,3,2009,1,1,3,17,4447.91
12.37,2,0.096,6,159.01,3,2009,1,1,3,17,3635.05
15.25,2,0.085,3,122.62,3,2009,1,1,3,17,3540.01
14.99,2,0.014,5,174.24,0,1987,0,1,2,39,4537.88
13.96,1,0.123,9,164.56,2,1999,1,0,0,27,6313.22
11.95,1,0.086,9,155.99,3,2009,1,1,3,17,3477.0
8.76,2,0.024,10,139.86,0,1987,0,1,2,39,2427.66
14.02,1,0.02,9,176.65,2,1999,1,0,0,27,4368.85
10.72,1,0.049,8,92.94,1,1998,2,2,1,28,1910.53
11.58,2,0.172,4,99.03,1,1998,2,2,1,28,2229.47
14.57,0,0.06,13,161.93,0,1987,0,1,2,39,4191.84
14.06,0,0.154,1,136.44,3,2009,1,1,3,17,3553.99
10.87,0,0.105,5,106.74,1,1998,2,2,1,28,2224.99
13.15,0,0.016,6,146.39,3,2009,1,1,3,17,3083.57
14.1,0,0.026,6,154.98,3,2009,1,1,3,17,3943.0
16.47,0,0.059,12,128.65,3,2009,1,1,3,17,3940.21
12.85,3,0.13,6,132.12,3,2009,1,1,3,17,3191.96
11.13,2,0.088,4,135.51,3,2009,1,1,3,17,2873.38
14.7,2,0.077,7,212.65,2,1999,1,0,0,27,5259.27
15.34,0,0.076,13,123.15,3,2009,1,1,3,17,3571.23
10.47,2,0.01,3,130.16,3,2009,1,1,3,17,2614.32
12.29,0,0.047,2,123.19,3,2009,1,1,3,17,2883.44
10.74,0,0.13,14,107.17,1,1998,2,2,1,28,2205.39
15.38,2,0.05,3,150.32,0,1987,0,1,2,39,4135.8
10.77,0,0.12,0,99.48,1,1998,2,2,1,28,2055.18
11.36,0,0.097,0,136.92,3,2009,1,1,3,17,2955.42
13.44,1,0.076,9,137.65,3,2009,1,1,3,17,3440.0
13.71,2,0.092,13,180.21,2,1999,1,0,0,27,4371.51
12.56,0,0.105,3,155.88,3,2009,1,1,3,17,2211.47
11.23,1,0.065,8,175.35,3,2009,1,1,3,17,3710.49
13.46,1,0.011,9,133.21,3,2009,1,1,3,17,3352.49
10.92,2,0.036,0,140.2,3,2009,1,1,3,17,2922.79
11.86,1,0.158,9,129.18,3,2009,1,1,3,17,2908.09
13.11,0,0.191,15,159.36,3,2009,1,1,3,17,3807.67
10.03,2,0.096,13,151.05,3,2009,1,1,3,17,2942.09
15.32,0,0.183,0,196.69,2,1999,1,0,0,27,5072.08
12.31,0,0.023,13,140.68,3,2009,1,1,3,17,3246.84
12.71,0,0.029,3,145.61,3,2009,1,1,3,17,3438.07
13.24,2,0.131,3,171.54,0,1987,0,1,2,39,4088.19
10.64,1,0.034,8,123.88,3,2009,1,1,3,17,2524.16
13.72,1,0.056,8,142.14,3,2009,1,1,3,17,3594.15
16.32,2,0.018,14,174.02,0,1987,0,1,2,39,4833.61
16.22,2,0.023,13,228.38,2,1999,1,0,0,27,5923.05
12.21,0,0.168,5,118.01,3,2009,1,1,3,17,2758.44
12.38,0,0.039,4,153.98,3,2009,1,1,3,17,3533.3
13.07,0,0.019,6,123.23,3,2009,1,1,3,17,3060.38
13.3,1,0.046,9,152.97,3,2009,1,1,3,17,3720.57
13.53,2,0.136,0,133.19,3,2009,1,1,3,17,3367.73
13.89,0,0.047,10,153.26,3,2009,1,1,3,17,3859.63
13.4,2,0.033,4,164.14,3,2009,1,1,3,17,3971.28
9.74,0,0.036,0,89.74,1,1998,2,2,1,28,1621.92
12.25,2,0.031,10,102.71,0,1987,0,1,2,39,2456.43
11.95,1,0.062,9,168.29,3,2009,1,1,3,17,3728.5
16.46,0,0.173,6,200.07,2,1999,1,0,0,27,5398.91
13.59,0,0.069,4,150.54,3,2009,1,1,3,17,3735.87
13.28,0,0.075,1,215.81,2,1999,1,0,0,27,5002.16
12.0,1,0.118,9,81.91,1,1998,2,2,1,28,1739.34
16.17,2,0.156,3,132.92,3,2009,1,1,3,17,2080.92
13.29,0,0.128,6,192.34,1,1998,2,2,1,28,1120.76
11.87,0,0.1,0,130.28,3,2009,1,1,3,17,2933.24
10.77,0,0.014,5,129.05,3,2009,1,1,3,17,2658.68
12.08,2,0.034,6,142.25,3,2009,1,1,3,17,3224.96
13.31,2,0.087,1,131.74,3,2009,1,1,3,17,3288.69
16.33,1,0.142,9,187.24,2,1999,1,0,0,27,5107.18
12.57,0,0.189,6,217.09,0,1987,0,1,2,39,4867.75
15.27,0,0.024,6,181.18,0,1987,0,1,2,39,4743.21
11.57,0,0.136,14,155.25,3,2009,1,1,3,17,3375.97
14.24,0,0.021,5,184.56,0,1987,0,1,2,39,4580.86
8.55,0,0.057,6,155.26,3,2009,1,1,3,17,2695.41
13.47,1,0.089,9,174.12,0,1987,0,1,2,39,4193.18
10.24,0,0.078,13,133.55,3,2009,1,1,3,17,2631.47
10.66,0,0.049,6,129.8,3,2009,1,1,3,17,2650.48
15.58,0,0.103,3,197.53,2,1999,1,0,0,27,5148.54
12.11,2,0.282,5,125.13,3,2009,1,1,3,17,2883.12
9.96,1,0.118,11,120.32,1,1998,2,2,1,28,2298.72
11.09,0,0.062,10,132.55,3,2009,1,1,3,17,2804.28
9.61,2,0.074,0,129.04,0,1987,0,1,2,39,2397.13
12.54,2,0.102,3,199.49,0,1987,0,1,2,39,4500.36
8.67,1,0.18,9,104.04,1,1998,2,2,1,28,1674.24
13.54,0,0.031,0,144.12,3,2009,1,1,3,17,3594.04
4.0,0,0.077,13,75.44,1,1998,2,2,1,28,33.0
14.0,2,0.042,2,165.12,0,1987,0,1,2,39,4128.66
13.82,0,0.066,6,94.37,2,1999,1,0,0,27,5719.69
12.24,1,0.176,9,122.93,3,2009,1,1,3,17,2865.86
13.16,0,0.061,13,185.32,2,1999,1,0,0,27,4351.5
13.65,0,0.091,6,153.58,3,2009,1,1,3,17,3812.09
14.63,0,0.066,13,135.4,3,2009,1,1,3,17,3662.1
15.16,2,0.14,14,222.5,2,1999,1,0,0,27,5563.1
13.51,0,0.191,6,142.7,3,2009,1,1,3,17,3558.56
9.5,0,0.01,13,111.24,1,1998,2,2,1,28,2008.6
14.25,1,0.014,11,166.64,2,1999,1,0,0,27,4214.83
12.83,0,0.068,6,162.76,3,2009,1,1,3,17,3814.11
10.64,0,0.168,3,152.01,3,2009,1,1,3,17,3099.3
11.38,0,0.095,6,122.09,3,2009,1,1,3,17,2655.15
10.15,1,0.014,9,59.96,1,1998,2,2,1,28,1105.17
15.35,0,0.075,0,158.89,1,1998,2,2,1,28,914.75
11.75,1,0.077,8,142.99,3,2009,1,1,3,17,3166.0
16.09,0,0.054,6,158.33,2,1999,1,0,0,27,4461.82
12.19,2,0.038,4,125.9,3,2009,1,1,3,17,2916.66
11.43,0,0.138,1,143.95,3,2009,1,1,3,17,3113.63
12.06,2,0.053,13,138.78,3,2009,1,1,3,17,3150.56
13.33,0,0.069,0,190.93,0,1987,0,1,2,39,4503.52
13.21,2,0.019,0,164.45,3,2009,1,1,3,17,3936.0
11.14,0,0.021,10,160.4,3,2009,1,1,3,17,3384.98
13.31,0,0.041,4,130.39,3,2009,1,1,3,17,3260.25
15.11,0,0.063,5,188.83,0,1987,0,1,2,39,4864.38
13.01,0,0.026,3,117.67,3,2009,1,1,3,17,2933.89
12.22,2,0.064,0,151.05,3,2009,1,1,3,17,3437.02
16.34,2,0.112,6,184.46,2,1999,1,0,0,27,5051.69
13.29,0,0.121,6,149.68,3,2009,1,1,3,17,3650.39
8.41,2,0.012,6,134.61,1,1998,2,2,1,28,2239.9
12.98,2,0.021,1,147.61,3,2009,1,1,3,17,3538.76
14.42,2,0.036,4,162.86,1,1998,2,2,1,28,913.54
11.28,0,0.025,5,120.09,3,2009,1,1,3,17,2590.82
11.54,0,0.054,2,118.11,3,2009,1,1,3,17,2609.55
10.29,0,0.089,14,145.67,3,2009,1,1,3,17,2892.64
12.03,0,0.104,0,168.73,3,2009,1,1,3,17,3755.73
9.36,0,0.006,13,94.31,1,1998,2,2,1,28,1629.55
13.06,0,0.127,5,119.84,3,2009,1,1,3,17,2988.35
13.43,0,0.14,2,141.86,1,1998,2,2,1,28,665.19
11.7,0,0.012,14,146.45,3,2009,1,1,3,17,3226.86
14.38,0,0.009,6,114.96,3,2009,1,1,3,17,3187.05
11.48,0,0.048,1,102.47,1,1998,2,2,1,28,2276.33
11.17,0,0.035,10,107.26,0,1987,0,1,2,39,2303.38
11.54,1,0.034,8,123.58,2,1999,1,0,0,27,5810.42
17.29,0,0.018,0,183.51,2,1999,1,0,0,27,5247.29
13.7,1,0.016,8,136.46,3,2009,1,1,3,17,3473.05
11.96,1,0.078,9,172.14,3,2009,1,1,3,17,3811.6
12.49,0,0.07,15,198.29,2,1999,1,0,0,27,4464.74
9.79,0,0.141,13,71.57,1,1998,2,2,1,28,1262.87
12.21,1,0.035,8,120.86,3,2009,1,1,3,17,2818.46
8.86,1,0.099,9,129.0,1,1998,2,2,1,28,2227.51
11.25,0,0.033,6,140.87,3,2009,1,1,3,17,3010.67
11.13,0,0.123,10,100.02,1,1998,2,2,1,28,2147.4
12.72,0,0.04,4,146.46,3,2009,1,1,3,17,3456.49
8.26,3,0.086,10,131.1,1,1998,2,2,1,28,2134.22
8.9,0,0.074,0,102.65,1,1998,2,2,1,28,1697.38
11.96,2,0.066,0,179.92,3,2009,1,1,3,17,3968.8
8.57,2,0.064,13,81.53,1,1998,2,2,1,28,1189.81
11.7,0,0.01,10,142.9,3,2009,1,1,3,17,3152.89
13.43,0,0.185,14,129.18,3,2009,1,1,3,17,3262.67
14.17,2,0.064,6,142.1,3,2009,1,1,3,17,3694.24
10.15,2,0.016,6,135.23,3,2009,1,1,3,17,2788.38
13.7,2,0.061,6,173.67,2,1999,1,0,0,27,4234.21
13.59,3,0.039,3,133.49,3,2009,1,1,3,17,3388.09
11.99,0,0.094,6,125.16,3,2009,1,1,3,17,2856.48
11.43,2,0.065,0,99.29,1,1998,2,2,1,28,2200.72
13.29,2,0.017,4,110.55,2,1999,1,0,0,27,6578.85
11.15,0,0.165,0,131.87,3,2009,1,1,3,17,2803.37
15.07,0,0.021,13,146.96,3,2009,1,1,3,17,3665.06
11.29,2,0.096,10,144.37,3,2009,1,1,3,17,3091.57
12.82,1,0.083,9,128.5,3,2009,1,1,3,17,3111.82
10.89,0,0.02,6,100.18,1,1998,2,2,1,28,2095.86
7.53,0,0.021,4,143.66,1,1998,2,2,1,28,2226.48
8.98,0,0.038,3,101.43,1,1998,2,2,1,28,1690.64
12.95,2,0.023,10,138.22,3,2009,1,1,3,17,3339.26
15.05,1,0.014,9,160.15,2,1999,1,0,0,27,4264.2
10.95,0,0.073,15,145.75,3,2009,1,1,3,17,3042.38
12.81,0,0.144,4,166.58,3,2009,1,1,3,17,3887.95
10.02,0,0.032,5,146.9,3,2009,1,1,3,17,2855.97
10.66,0,0.046,6,107.51,1,1998,2,2,1,28,2194.07
12.4,0,0.021,0,114.35,3,2009,1,1,3,17,2727.71
13.09,0,0.011,13,140.59,3,2009,1,1,3,17,3420.46
14.43,0,0.068,13,164.13,2,1999,1,0,0,27,4205.09
15.69,0,0.024,13,153.0,2,1999,1,0,0,27,4262.12
13.3,0,0.054,1,157.11,3,2009,1,1,3,17,3806.03
10.0,0,0.011,3,148.3,3,2009,1,1,3,17,2880.21
13.26,1,0.027,8,173.33,0,1987,0,1,2,39,4127.84
12.95,2,0.114,0,134.98,3,2009,1,1,3,17,3272.89
12.11,1,0.033,8,175.29,3,2009,1,1,3,17,3908.14
16.18,0,0.022,5,197.04,2,1999,1,0,0,27,5273.53
13.73,1,0.031,8,171.24,0,1987,0,1,2,39,4192.94
11.18,0,0.036,0,124.9,3,2009,1,1,3,17,2668.03
13.48,0,0.024,6,144.6,3,2009,1,1,3,17,3589.55
9.51,1,0.079,9,94.15,1,1998,2,2,1,28,1661.62
10.49,0,0.032,13,127.63,3,2009,1,1,3,17,2567.98
11.55,2,0.023,13,119.89,3,2009,1,1,3,17,2648.75
14.21,0,0.021,14,219.86,2,1999,1,0,0,27,5296.28
11.9,0,0.172,4,97.08,1,1998,2,2,1,28,2261.32
11.14,0,0.01,6,145.88,3,2009,1,1,3,17,3088.7
11.52,2,0.105,3,188.44,0,1987,0,1,2,39,4043.5
9.61,0,0.015,6,119.13,1,1998,2,2,1,28,2195.62
14.23,2,0.151,14,134.07,3,2009,1,1,3,17,3544.3
16.55,2,0.052,3,184.84,2,1999,1,0,0,27,5106.97
9.6,0,0.033,6,144.63,3,2009,1,1,3,17,2714.28
10.41,0,0.083,0,143.89,3,2009,1,1,3,17,2882.56
14.21,2,0.111,6,127.66,3,2009,1,1,3,17,3407.68
14.45,0,0.042,10,170.68,1,1998,2,2,1,28,2071.28
10.7,1,0.128,9,124.23,3,2009,1,1,3,17,2545.03
12.43,0,0.037,6,137.51,3,2009,1,1,3,17,3207.57
9.66,1,0.042,8,127.15,0,1987,0,1,2,39,2369.71
10.57,0,0.053,0,119.58,0,1987,0,1,2,39,2420.5
13.62,1,0.064,9,173.0,2,1999,1,0,0,27,4203.82
11.65,2,0.017,0,181.67,3,2009,1,1,3,17,2761.89
8.79,0,0.078,0,132.61,1,1998,2,2,1,28,2285.4
12.46,0,0.042,13,146.24,3,2009,1,1,3,17,2401.99
9.06,1,0.023,9,142.99,3,2009,1,1,3,17,2559.58
16.67,2,0.129,6,168.79,0,1987,0,1,2,39,4807.0
11.66,2,0.034,5,141.28,3,2009,1,1,3,17,3111.45
14.47,0,0.033,6,181.67,0,1987,0,1,2,39,4571.91
11.58,2,0.228,14,152.36,3,2009,1,1,3,17,3321.03
9.16,2,0.023,10,112.78,1,1998,2,2,1,28,1962.27
10.59,0,0.074,4,122.2,0,1987,0,1,2,39,2479.34
9.44,0,0.038,6,136.96,3,2009,1,1,3,17,3552.87
14.71,0,0.034,14,140.78,3,2009,1,1,3,17,3789.36
15.73,0,0.102,7,132.78,3,2009,1,1,3,17,3856.65
12.88,1,0.036,8,158.01,1,1998,2,2,1,28,1281.39
12.17,0,0.026,6,131.74,3,2009,1,1,3,17,3031.43
12.71,2,0.058,6,186.11,2,1999,1,0,0,27,4266.96
13.49,2,0.03,13,156.83,3,2009,1,1,3,17,3841.97
12.43,0,0.133,6,137.6,3,2009,1,1,3,17,3209.85
9.04,0,0.208,0,137.25,0,1987,0,1,2,39,2436.48
8.53,2,0.066,6,85.88,2,1999,1,0,0,27,5065.7
11.35,0,0.027,4,119.64,1,1998,2,2,1,28,1011.63
11.33,2,0.036,7,156.12,3,2009,1,1,3,17,3341.22
12.03,2,0.04,0,131.83,3,2009,1,1,3,17,3001.19
10.87,0,0.149,14,184.65,3,2009,1,1,3,17,3819.37
13.99,0,0.071,1,166.83,0,1987,0,1,2,39,4161.34
12.74,2,0.025,13,121.39,3,2009,1,1,3,17,2947.95
13.23,2,0.07,5,175.17,0,1987,0,1,2,39,4159.49
10.4,0,0.011,3,157.73,3,2009,1,1,3,17,3162.04
12.1,0,0.01,3,174.37,3,2009,1,1,3,17,3887.64
9.83,0,0.124,6,157.1,3,2009,1,1,3,17,3021.14
13.86,0,0.03,4,140.61,3,2009,1,1,3,17,3593.76
12.5,0,0.009,6,152.62,3,2009,1,1,3,17,3533.15
12.58,3,0.093,15,159.98,3,2009,1,1,3,17,3702.04
14.51,2,0.09,13,189.42,0,1987,0,1,2,39,4739.56
13.33,0,0.174,5,112.98,3,2009,1,1,3,17,2909.88
16.43,0,0.066,5,141.98,2,1999,1,0,0,27,4202.46
13.32,0,0.076,6,175.0,0,1987,0,1,2,39,4175.82
10.49,2,0.087,6,93.74,1,1998,2,2,1,28,1874.02
8.96,1,0.022,8,129.98,1,1998,2,2,1,28,2269.34
8.51,1,0.1,9,121.64,1,1998,2,2,1,28,1996.83
11.48,0,0.107,10,112.69,0,1987,0,1,2,39,2485.22
14.99,1,0.205,9,154.74,0,1987,0,1,2,39,4139.41
13.52,0,0.066,10,167.92,0,1987,0,1,2,39,4076.94
9.44,1,0.035,9,122.54,1,1998,2,2,1,28,2226.52
15.09,2,0.114,15,114.89,3,2009,1,1,3,17,5256.36
11.75,2,0.043,10,105.44,0,1987,0,1,2,39,2397.77
8.99,2,0.041,15,101.94,1,1998,2,2,1,28,1702.62
8.02,2,0.021,10,138.84,1,1998,2,2,1,28,2238.36
13.07,0,0.167,6,182.56,2,1999,1,0,0,27,4274.17
15.77,0,0.021,4,144.56,0,1987,0,1,2,39,4107.65
12.84,1,0.032,9,138.72,3,2009,1,1,3,17,3325.48
12.92,2,0.021,14,117.97,3,2009,1,1,3,17,2919.86
14.55,2,0.049,13,203.96,2,1999,1,0,0,27,5046.33
16.42,1,0.118,9,177.08,2,1999,1,0,0,27,4919.78
14.51,2,0.066,3,131.78,3,2009,1,1,3,17,3559.96
15.29,0,0.143,0,143.19,3,2009,1,1,3,17,3971.12
10.01,2,0.053,4,111.14,1,1998,2,2,1,28,2122.44
13.02,2,0.061,6,151.74,3,2009,1,1,3,17,3632.32
12.46,0,0.085,14,187.7,2,1999,1,0,0,27,6243.98
11.47,3,0.039,4,88.58,1,1998,2,2,1,28,1990.22
9.92,1,0.104,8,120.78,1,1998,2,2,1,28,2299.5
13.68,0,0.024,13,138.77,3,2009,1,1,3,17,3516.86
10.43,1,0.025,8,130.29,3,2009,1,1,3,17,2607.58
10.11,0,0.036,6,139.32,3,2009,1,1,3,17,2719.85
7.73,0,0.022,14,136.35,1,1998,2,2,1,28,2123.33
11.57,1,0.022,9,133.82,3,2009,1,1,3,17,2938.28
15.18,2,0.079,13,190.65,0,1987,0,1,2,39,4917.81
13.56,0,0.082,5,134.15,3,2009,1,1,3,17,3394.56
13.0,2,0.054,6,166.75,3,2009,1,1,3,17,3934.53
8.18,0,0.021,13,118.86,1,1998,2,2,1,28,1866.43
10.51,0,0.048,4,76.35,1,1998,2,2,1,28,1522.42
13.19,2,0.049,3,144.04,3,2009,1,1,3,17,3514.3
12.55,0,0.019,1,150.82,3,2009,1,1,3,17,3508.49
12.68,3,0.032,15,133.34,3,2009,1,1,3,17,3180.18
11.68,0,0.12,6,129.73,3,2009,1,1,3,17,2879.43
14.74,2,0.051,6,166.51,2,1999,1,0,0,27,4322.85
11.41,0,0.058,13,136.52,3,2009,1,1,3,17,2956.61
11.76,2,0.037,4,106.78,0,1987,0,1,2,39,2428.65
11.67,0,0.035,13,183.87,2,1999,1,0,0,27,6764.72
14.29,2,0.086,1,173.39,2,1999,1,0,0,27,4362.3
16.03,0,0.064,10,194.26,2,1999,1,0,0,27,5184.12
12.59,0,0.058,3,126.91,3,2009,1,1,3,17,3026.98
11.07,0,0.058,4,147.38,3,2009,1,1,3,17,3102.27
14.28,2,0.082,0,134.29,3,2009,1,1,3,17,3561.14
13.96,0,0.01,13,166.25,0,1987,0,1,2,39,4142.8
11.27,2,0.061,5,124.65,3,2009,1,1,3,17,2682.62
6.3,0,0.142,3,85.24,1,1998,2,2,1,28,753.53
11.8,0,0.148,6,142.53,3,2009,1,1,3,17,3168.0
13.36,2,0.04,6,113.38,3,2009,1,1,3,17,2925.1
14.48,0,0.137,3,207.57,2,1999,1,0,0,27,5105.72
12.73,1,0.073,8,148.4,3,2009,1,1,3,17,3498.52
9.28,0,0.136,3,138.34,3,2009,1,1,3,17,2512.21
17.24,0,0.034,4,205.11,2,1999,1,0,0,27,5678.44
13.77,2,0.021,2,134.31,3,2009,1,1,3,17,3446.08
11.37,2,0.033,2,122.56,3,2009,1,1,3,17,2663.81
15.19,0,0.04,0,169.5,2,1999,1,0,0,27,4487.29
9.79,0,0.062,4,105.19,1,1998,2,2,1,28,1949.2
13.27,0,0.047,14,134.1,3,2009,1,1,3,17,3328.92
15.53,0,0.022,10,168.86,0,1987,0,1,2,39,4550.64
13.62,0,0.061,13,97.14,3,2009,1,1,3,17,2650.98
11.9,0,0.136,13,184.5,0,1987,0,1,2,39,4050.29
10.55,0,0.096,13,190.65,3,2009,1,1,3,17,3869.95
11.08,0,0.047,0,195.09,0,1987,0,1,2,39,4081.33
16.29,0,0.019,0,207.55,2,1999,1,0,0,27,5514.57
14.66,0,0.036,10,159.94,0,1987,0,1,2,39,4171.93
7.47,0,0.047,5,141.41,1,1998,2,2,1,28,2166.15
13.2,0,0.129,13,119.89,3,2009,1,1,3,17,3022.29
14.76,0,0.113,4,129.19,3,2009,1,1,3,17,3565.58
16.31,2,0.11,1,191.33,2,1999,1,0,0,27,5186.04
13.83,2,0.025,3,181.0,2,1999,1,0,0,27,6774.43
15.25,1,0.04,9,137.67,3,2009,1,1,3,17,3848.05
14.79,0,0.105,6,200.0,2,1999,1,0,0,27,5019.24
13.6,0,0.022,13,147.93,3,2009,1,1,3,17,3686.19
12.99,0,0.083,6,113.91,3,2009,1,1,3,17,2851.45
10.9,0,0.013,13,91.2,1,1998,2,2,1,28,1914.14
12.79,0,0.019,1,105.05,3,2009,1,1,3,17,2624.41
8.96,0,0.01,4,96.35,1,1998,2,2,1,28,1581.19
10.82,0,0.064,6,148.05,3,2009,1,1,3,17,3060.31
10.89,0,0.061,5,84.31,1,1998,2,2,1,28,1771.29
14.56,1,0.025,9,134.52,3,2009,1,1,3,17,3628.13
12.64,3,0.009,14,140.54,3,2009,1,1,3,17,3317.51
10.19,0,0.021,4,113.5,0,1987,0,1,2,39,2576.85
8.35,0,0.186,14,136.48,1,1998,2,2,1,28,2264.65
9.84,2,0.021,4,106.54,1,1998,2,2,1,28,1989.09
11.45,2,0.118,6,160.96,3,2009,1,1,3,17,5091.48
7.99,0,0.033,6,86.79,0,1987,0,1,2,39,2915.49
12.03,0,0.047,15,116.24,2,1999,1,0,0,27,5853.73
12.34,1,0.061,9,159.88,3,2009,1,1,3,17,3645.03
11.27,0,0.044,7,111.63,0,1987,0,1,2,39,2415.51
12.92,2,0.088,14,116.99,3,2009,1,1,3,17,2899.03
12.89,0,0.047,14,198.96,0,1987,0,1,2,39,4568.58
14.8,0,0.029,14,153.98,0,1987,0,1,2,39,4081.07
13.13,0,0.089,6,142.33,3,2009,1,1,3,17,3465.98
14.71,0,0.016,13,154.94,0,1987,0,1,2,39,4080.58
12.09,0,0.07,6,138.11,3,2009,1,1,3,17,3143.83
14.4,3,0.024,5,148.95,3,2009,1,1,3,17,3887.02
13.86,1,0.124,9,168.03,0,1987,0,1,2,39,4156.66
15.01,0,0.09,0,145.57,3,2009,1,1,3,17,3956.75
12.74,0,0.044,4,126.42,3,2009,1,1,3,17,3051.21
9.36,1,0.036,8,122.03,1,1998,2,2,1,28,2196.62
16.67,1,0.046,9,202.84,2,1999,1,0,0,27,5503.45
13.64,0,0.154,4,153.85,3,2009,1,1,3,17,3815.48
8.95,0,0.056,13,128.82,1,1998,2,2,1,28,2244.12
10.29,0,0.068,0,151.58,1,1998,2,2,1,28,865.96
7.11,0,0.065,5,96.54,1,1998,2,2,1,28,1167.43
11.04,2,0.046,6,147.61,3,2009,1,1,3,17,3101.02
10.76,1,0.126,8,152.18,3,2009,1,1,3,17,3131.36
8.34,2,0.024,3,125.95,1,1998,2,2,1,28,2046.14
13.85,1,0.036,8,154.78,3,2009,1,1,3,17,3882.62
11.13,1,0.073,9,140.73,3,2009,1,1,3,17,2981.04
14.73,0,0.177,13,224.93,1,1998,2,2,1,28,2186.08
12.8,0,0.036,10,115.4,3,2009,1,1,3,17,2839.78
14.58,1,0.044,11,178.61,0,1987,0,1,2,39,4535.43
11.82,0,0.152,13,123.64,3,2009,1,1,3,17,2787.21
14.16,0,0.071,6,194.9,0,1987,0,1,2,39,4773.88
8.68,0,0.033,13,105.52,1,1998,2,2,1,28,1750.89
13.23,0,0.08,7,147.66,3,2009,1,1,3,17,3595.69
11.47,2,0.032,14,126.04,3,2009,1,1,3,17,2757.49
12.69,2,0.016,3,195.67,2,1999,1,0,0,27,4456.82
16.34,0,0.047,13,162.07,0,1987,0,1,2,39,4593.23
13.32,0,0.046,14,111.12,3,2009,1,1,3,17,2868.74
13.25,1,0.039,8,144.34,3,2009,1,1,3,17,3533.9
13.17,0,0.085,13,147.32,3,2009,1,1,3,17,3576.32
11.18,0,0.159,0,121.69,3,2009,1,1,3,17,2602.46
12.79,0,0.045,13,161.31,3,2009,1,1,3,17,3777.1
14.55,2,0.009,6,179.65,0,1987,0,1,2,39,4549.13
12.49,1,0.053,8,176.79,0,1987,0,1,2,39,4025.11
9.03,1,0.039,8,168.43,3,2009,1,1,3,17,3071.62
17.17,0,0.042,6,130.83,0,1987,0,1,2,39,4143.72
13.13,2,0.064,6,142.72,3,2009,1,1,3,17,3472.38
13.39,0,0.097,5,147.12,3,2009,1,1,3,17,3622.12
11.29,0,0.015,3,147.64,3,2009,1,1,3,17,3157.74
12.13,1,0.078,8,77.21,1,1998,2,2,1,28,1907.38
9.96,0,0.047,5,136.53,3,2009,1,1,3,17,2630.07
9.91,0,0.059,4,165.33,2,1999,1,0,0,27,6401.78
11.23,1,0.054,8,109.87,0,1987,0,1,2,39,2371.84
12.07,0,0.098,14,103.73,0,1987,0,1,2,39,2435.19
12.12,0,0.143,14,147.54,3,2009,1,1,3,17,3343.84
15.17,0,0.089,13,197.17,2,1999,1,0,0,27,5048.02
12.64,1,0.061,8,160.89,3,2009,1,1,3,17,3734.73
10.93,2,0.016,10,134.65,3,2009,1,1,3,17,2811.02
9.11,0,0.016,6,93.27,1,1998,2,2,1,28,1553.3
12.51,2,0.021,13,142.41,3,2009,1,1,3,17,3326.19
10.71,0,0.128,5,120.38,0,1987,0,1,2,39,2468.89
9.9,2,0.015,10,85.56,1,1998,2,2,1,28,1574.05
11.47,2,0.066,13,134.31,3,2009,1,1,3,17,2925.23
14.25,1,0.009,9,194.45,0,1987,0,1,2,39,4785.36
8.05,2,0.047,4,101.95,1,1998,2,2,1,28,1491.71
15.98,2,0.072,4,139.19,0,1987,0,1,2,39,4044.71
15.97,0,0.015,13,155.56,2,1999,1,0,0,27,4376.99
10.68,2,0.083,0,146.21,3,2009,1,1,3,17,2990.7
11.58,0,0.07,0,151.71,3,2009,1,1,3,17,4776.28
14.07,0,0.074,5,155.36,3,2009,1,1,3,17,3944.98
14.08,1,0.026,9,123.44,3,2009,1,1,3,17,3293.58
13.78,0,0.081,5,124.38,1,1998,2,2,1,28,516.91
14.06,1,0.042,9,141.08,3,2009,1,1,3,17,3650.56
13.72,0,0.088,1,124.37,2,1999,1,0,0,27,6318.47
15.7,0,0.015,13,163.16,2,1999,1,0,0,27,4471.91
15.87,1,0.08,9,167.92,0,1987,0,1,2,39,4608.59
9.35,0,0.064,6,111.63,1,1998,2,2,1,28,1982.48
11.27,0,0.061,6,103.91,1,1998,2,2,1,28,2257.54
14.74,0,0.147,3,99.48,3,2009,1,1,3,17,2951.27
14.42,0,0.132,13,118.52,3,2009,1,1,3,17,3268.22
12.11,0,0.105,5,135.19,3,2009,1,1,3,17,3089.44
11.87,0,0.031,7,124.59,3,2009,1,1,3,17,2816.57
12.33,2,0.021,10,149.26,3,2009,1,1,3,17,3425.85
9.28,2,0.041,5,86.66,1,1998,2,2,1,28,1455.12
10.34,2,0.015,13,167.16,3,2009,1,1,3,17,3343.49
14.4,0,0.025,0,166.87,2,1999,1,0,0,27,4253.83
13.75,0,0.038,13,150.43,3,2009,1,1,3,17,3771.58
13.37,0,0.026,13,153.06,3,2009,1,1,3,17,3739.69
8.81,2,0.073,14,138.65,0,1987,0,1,2,39,2413.78
13.61,0,0.195,0,103.32,3,2009,1,1,3,17,2775.51
14.98,0,0.098,1,133.58,3,2009,1,1,3,17,3704.74
9.25,0,0.175,4,100.47,1,1998,2,2,1,28,1731.07
13.31,0,0.041,6,153.11,3,2009,1,1,3,17,3726.57
10.83,2,0.014,10,178.78,3,2009,1,1,3,17,3690.18
10.92,2,0.012,14,152.98,3,2009,1,1,3,17,3184.54
16.8,0,0.062,10,170.8,2,1999,1,0,0,27,4877.16
17.21,0,0.033,6,199.57,2,1999,1,0,0,27,5558.43
12.28,0,0.039,4,126.06,3,2009,1,1,3,17,2939.48
13.81,0,0.017,6,164.81,0,1987,0,1,2,39,4079.48
11.57,0,0.042,5,129.84,3,2009,1,1,3,17,3563.66
14.11,0,0.079,0,171.77,2,1999,1,0,0,27,4289.23
13.8,0,0.092,10,152.42,3,2009,1,1,3,17,3822.5
12.42,0,0.072,13,181.53,0,1987,0,1,2,39,4106.93
14.99,2,0.061,6,150.68,0,1987,0,1,2,39,4055.15
13.25,2,0.05,10,102.22,3,2009,1,1,3,17,2671.58
13.18,1,0.015,8,121.54,3,2009,1,1,3,17,3050.48
13.52,0,0.036,6,77.36,1,1998,2,2,1,28,2222.64
12.29,2,0.013,5,135.46,3,2009,1,1,3,17,3135.49
14.98,0,0.092,15,150.59,0,1987,0,1,2,39,3291.12
9.59,1,0.05,8,126.44,0,1987,0,1,2,39,2340.63
12.45,0,0.025,4,166.62,3,2009,1,1,3,17,3809.28
13.12,2,0.113,3,132.67,3,2009,1,1,3,17,3264.7
12.09,0,0.039,13,171.5,3,2009,1,1,3,17,3826.91
16.24,0,0.026,14,153.0,2,1999,1,0,0,27,4386.32
14.59,2,0.105,0,159.67,1,1998,2,2,1,28,1201.99
14.28,0,0.039,14,157.16,0,1987,0,1,2,39,4028.76
15.19,2,0.105,14,176.78,0,1987,0,1,2,39,4636.4
13.59,0,0.031,14,130.87,3,2009,1,1,3,17,3334.93
11.93,0,0.048,4,174.57,3,2009,1,1,3,17,3852.3
14.02,0,0.042,6,201.63,0,1987,0,1,2,39,4880.03
11.38,0,0.12,14,149.29,3,2009,1,1,3,17,3211.85
9.11,1,0.031,8,122.34,1,1998,2,2,1,28,1082.24
13.41,1,0.015,9,132.67,1,1998,2,2,1,28,1000.39
10.21,0,0.034,4,124.16,0,1987,0,1,2,39,2432.97
18.33,2,0.057,0,166.37,2,1999,1,0,0,27,5132.64
11.82,2,0.185,5,124.06,3,2009,1,1,3,17,2796.0
10.97,1,0.082,8,168.37,3,2009,1,1,3,17,3509.36
12.76,2,0.092,3,151.17,3,2009,1,1,3,17,3562.29
12.92,0,0.089,6,91.38,0,1987,0,1,2,39,2374.73
17.37,0,0.033,14,173.52,2,1999,1,0,0,27,5061.32
10.73,1,0.016,8,159.37,3,2009,1,1,3,17,3270.54
16.47,0,0.055,5,164.85,0,1987,0,1,2,39,4680.36
11.69,0,0.151,2,144.35,3,2009,1,1,3,17,3181.14
11.14,0,0.038,4,138.81,3,2009,1,1,3,17,2942.9
11.14,2,0.114,3,140.55,3,2009,1,1,3,17,2979.5
12.04,0,0.059,3,156.28,3,2009,1,1,3,17,3503.79
8.52,2,0.012,13,153.31,3,2009,1,1,3,17,2646.56
13.99,1,0.031,9,175.17,2,1999,1,0,0,27,4331.05
16.64,2,0.12,2,194.21,2,1999,1,0,0,27,5319.33
11.66,2,0.046,6,156.04,3,2009,1,1,3,17,3413.19
11.75,1,0.086,8,122.61,3,2009,1,1,3,17,2749.81
9.92,2,0.012,5,157.86,3,2009,1,1,3,17,3056.66
12.44,0,0.045,4,149.44,3,2009,1,1,3,17,3454.89
9.1,2,0.067,4,189.09,3,2009,1,1,3,17,3511.32
14.12,1,0.083,11,171.03,2,1999,1,0,0,27,4274.85
13.08,2,0.027,13,155.88,3,2009,1,1,3,17,3730.67
13.33,1,0.089,8,159.58,3,2009,1,1,3,17,3863.69
11.77,0,0.025,4,152.22,2,1999,1,0,0,27,5751.8
8.93,0,0.053,4,125.75,1,1998,2,2,1,28,2175.98
8.05,1,0.04,8,67.14,1,1998,2,2,1,28,778.1
13.17,0,0.021,4,158.1,3,2009,1,1,3,17,3796.18
8.86,2,0.015,13,126.89,1,1998,2,2,1,28,2183.5
10.51,2,0.036,0,123.28,0,1987,0,1,2,39,2482.12
11.65,0,0.063,14,154.33,3,2009,1,1,3,17,3376.47
19.61,2,0.168,3,236.83,2,1999,1,0,0,27,6862.43
11.18,0,0.042,4,115.08,0,1987,0,1,2,39,4047.09
10.28,0,0.025,3,142.01,3,2009,1,1,3,17,2813.27
12.03,1,0.034,8,177.25,3,2009,1,1,3,17,3930.09
11.12,2,0.061,4,141.28,3,2009,1,1,3,17,2989.82
15.02,1,0.125,9,197.08,2,1999,1,0,0,27,5013.09
12.67,2,0.016,13,176.07,0,1987,0,1,2,39,4052.31
12.24,1,0.094,9,122.26,3,2009,1,1,3,17,2915.92
10.47,0,0.007,13,147.19,3,2009,1,1,3,17,2964.05
8.36,3,0.077,4,111.56,1,1998,2,2,1,28,1757.87
11.35,0,0.026,4,132.6,3,2009,1,1,3,17,2864.34
12.77,2,0.094,10,176.93,0,1987,0,1,2,39,4091.26
10.18,0,0.103,12,135.38,3,2009,1,1,3,17,2656.36
13.14,0,0.14,1,154.86,3,2009,1,1,3,17,3724.61
10.39,2,0.062,13,148.13,3,2009,1,1,3,17,2963.32
12.72,0,0.094,6,202.75,0,1987,0,1,2,39,4609.12
14.16,0,0.017,3,197.89,0,1987,0,1,2,39,4834.46
11.22,0,0.122,10,121.07,3,2009,1,1,3,17,2597.73
13.04,0,0.034,4,185.53,2,1999,1,0,0,27,4327.71
13.96,1,0.131,9,185.91,0,1987,0,1,2,39,4544.86
11.9,0,0.024,4,152.37,3,2009,1,1,3,17,3393.08
10.98,0,0.04,5,132.87,3,2009,1,1,3,17,2784.78
15.24,1,0.024,11,165.87,2,1999,1,0,0,27,4424.43
9.32,0,0.042,6,127.59,0,1987,0,1,2,39,2301.68
10.77,0,0.036,0,103.87,1,1998,2,2,1,28,2144.87
10.71,0,0.048,0,155.95,3,2009,1,1,3,17,3196.34
10.04,1,0.063,9,147.01,3,2009,1,1,3,17,2862.54
15.53,0,0.046,3,225.08,2,1999,1,0,0,27,5699.64
14.4,0,0.021,4,174.68,2,1999,1,0,0,27,4414.95
12.63,2,0.109,6,102.16,3,2009,1,1,3,17,2529.62
12.56,0,0.084,10,126.16,3,2009,1,1,3,17,3005.68
10.4,2,0.1,13,93.25,1,1998,2,2,1,28,1843.35
14.33,0,0.011,13,128.64,3,2009,1,1,3,17,3456.9
11.73,1,0.059,8,168.41,3,2009,1,1,3,17,3681.62
12.27,0,0.036,10,134.43,3,2009,1,1,3,17,3110.1
15.45,0,0.033,6,172.22,0,1987,0,1,2,39,4600.06
12.97,1,0.025,9,114.48,3,2009,1,1,3,17,2858.59
9.56,0,0.081,3,110.56,1,1998,2,2,1,28,2007.1
11.64,0,0.029,5,182.5,3,2009,1,1,3,17,2585.94
9.74,2,0.065,3,183.82,3,2009,1,1,3,17,3547.38
13.19,0,0.096,5,115.37,3,2009,1,1,3,17,2925.89
12.06,1,0.043,9,123.58,3,2009,1,1,3,17,2840.17
11.8,2,0.082,12,163.81,3,2009,1,1,3,17,2142.41
12.12,0,0.102,1,134.17,3,2009,1,1,3,17,3068.75
7.6,2,0.021,5,175.03,3,2009,1,1,3,17,2885.13
14.44,0,0.077,13,161.24,0,1987,0,1,2,39,4146.75
10.57,0,0.065,5,116.43,0,1987,0,1,2,39,2356.2
11.19,0,0.028,6,166.97,3,2009,1,1,3,17,3530.56
12.33,0,0.185,7,159.15,3,2009,1,1,3,17,3629.33
15.33,0,0.032,4,146.32,0,1987,0,1,2,39,4043.83
11.39,0,0.026,3,118.84,3,2009,1,1,3,17,2591.42
11.56,0,0.024,6,93.65,1,1998,2,2,1,28,2114.3
12.05,0,0.09,13,152.19,3,2009,1,1,3,17,3422.84
13.84,0,0.28,4,113.31,3,2009,1,1,3,17,3031.13
13.96,2,0.081,14,161.59,0,1987,0,1,2,39,4046.64
9.23,0,0.122,0,121.0,1,1998,2,2,1,28,2148.01
9.95,1,0.09,9,166.52,3,2009,1,1,3,17,3240.92
13.23,1,0.089,11,147.24,3,2009,1,1,3,17,3588.15
12.82,2,0.184,0,133.98,3,2009,1,1,3,17,3223.86
14.33,2,0.017,13,160.39,0,1987,0,1,2,39,4105.63
11.27,0,0.124,3,147.12,3,2009,1,1,3,17,3143.52
13.52,0,0.044,6,175.31,2,1999,1,0,0,27,4227.89
12.56,2,0.032,13,135.83,3,2009,1,1,3,17,3203.43
10.77,0,0.07,15,107.46,1,1998,2,2,1,28,2217.81
13.48,2,0.042,10,187.97,2,1999,1,0,0,27,4478.77
14.39,0,0.019,4,164.5,2,1999,1,0,0,27,4203.26
11.62,0,0.184,14,135.03,3,2009,1,1,3,17,2974.58
10.41,2,0.17,4,115.64,0,1987,0,1,2,39,2303.6
9.23,2,0.105,6,110.49,1,1998,2,2,1,28,1932.58
14.87,1,0.103,8,217.23,2,1999,1,0,0,27,5391.61
7.98,0,0.097,10,95.02,1,1998,2,2,1,28,1332.44
13.29,0,0.081,6,187.52,2,1999,1,0,0,27,4425.34
11.11,1,0.124,11,147.86,3,2009,1,1,3,17,3122.12
10.89,2,0.142,5,112.77,0,1987,0,1,2,39,2354.38
10.37,0,0.018,3,111.87,1,1998,2,2,1,28,2217.44
14.04,1,0.167,8,145.76,3,2009,1,1,3,17,3740.05
13.47,2,0.104,10,165.38,0,1987,0,1,2,39,4012.5
11.12,1,0.026,9,104.77,1,1998,2,2,1,28,2241.79
11.29,2,0.085,4,150.24,3,2009,1,1,3,17,3211.32
15.63,1,0.106,9,151.5,2,1999,1,0,0,27,4218.53
7.96,2,0.016,6,85.82,1,1998,2,2,1,28,1139.7
16.93,0,0.049,6,204.8,2,1999,1,0,0,27,5603.12
12.98,1,0.211,9,118.77,3,2009,1,1,3,17,2949.5
11.87,0,0.072,6,140.76,3,2009,1,1,3,17,3148.54
12.68,0,0.065,10,153.71,3,2009,1,1,3,17,3596.24
10.15,2,0.031,6,90.96,1,1998,2,2,1,28,1739.39
14.36,0,0.039,3,117.03,3,2009,1,1,3,17,3226.24
9.37,0,0.019,10,108.18,1,1998,2,2,1,28,1917.0
13.08,0,0.079,4,168.87,3,2009,1,1,3,17,3997.8
10.28,1,0.067,8,146.56,3,2009,1,1,3,17,2907.14
13.88,0,0.013,10,103.23,3,2009,1,1,3,17,2834.29
12.5,2,0.081,3,135.26,3,2009,1,1,3,17,3177.05
9.39,1,0.09,8,191.52,3,2009,1,1,3,17,3626.06
17.02,0,0.118,4,198.9,2,1999,1,0,0,27,5501.27
16.59,1,0.077,11,151.9,2,1999,1,0,0,27,4443.4
15.18,0,0.076,14,164.02,2,1999,1,0,0,27,4372.76
15.78,1,0.067,8,186.35,2,1999,1,0,0,27,4963.64
14.86,1,0.07,8,157.62,0,1987,0,1,2,39,4168.05
11.96,2,0.015,13,172.03,3,2009,1,1,3,17,3808.59
14.17,0,0.082,5,161.55,1,1998,2,2,1,28,1786.99
14.09,0,0.128,13,178.38,2,1999,1,0,0,27,4418.71
11.84,0,0.036,6,133.55,3,2009,1,1,3,17,2993.91
17.39,0,0.07,14,137.14,2,1999,1,0,0,27,4320.56
13.16,0,0.176,3,122.52,3,2009,1,1,3,17,3066.82
9.08,0,0.054,4,145.76,3,2009,1,1,3,17,2620.42
14.07,0,0.111,13,185.51,1,1998,2,2,1,28,1489.42
13.65,0,0.096,5,155.42,3,2009,1,1,3,17,3850.43
14.89,2,0.131,3,171.17,2,1999,1,0,0,27,4451.93
12.6,1,0.052,9,122.98,3,2009,1,1,3,17,2949.61
12.71,0,0.072,13,171.51,3,2009,1,1,3,17,3967.02
17.28,0,0.098,5,176.49,2,1999,1,0,0,27,5102.86
9.98,0,0.057,6,103.51,1,1998,2,2,1,28,1958.4
13.02,2,0.112,4,161.96,3,2009,1,1,3,17,3841.02
14.08,0,0.077,5,128.96,3,2009,1,1,3,17,3405.24
17.08,0,0.076,10,173.23,2,1999,1,0,0,27,4988.93
12.51,2,0.121,0,149.62,3,2009,1,1,3,17,3474.09
10.76,2,0.086,14,172.34,3,2009,1,1,3,17,3544.2
8.35,2,0.015,0,106.13,1,1998,2,2,1,28,1643.86
10.83,0,0.174,3,111.45,0,1987,0,1,2,39,2314.46
16.45,1,0.074,8,119.11,3,2009,1,1,3,17,3989.09
12.16,0,0.084,13,130.67,3,2009,1,1,3,17,3006.41
10.35,0,0.015,7,109.57,1,1998,2,2,1,28,2165.85
14.36,2,0.077,14,107.01,3,2009,1,1,3,17,3019.43
10.93,0,0.037,6,107.15,1,1998,2,2,1,28,2248.58
11.73,1,0.066,9,137.3,3,2009,1,1,3,17,3044.77
14.48,0,0.089,1,195.27,0,1987,0,1,2,39,4854.34
11.75,1,0.09,8,146.97,3,2009,1,1,3,17,3248.48
12.55,2,0.036,13,176.84,0,1987,0,1,2,39,4039.15
14.49,0,0.061,14,161.24,0,1987,0,1,2,39,2910.78
13.82,0,0.098,6,149.84,3,2009,1,1,3,17,3773.69
13.47,1,0.021,9,126.33,3,2009,1,1,3,17,3214.79
11.97,0,0.047,5,142.36,3,2009,1,1,3,17,3202.54
12.97,2,0.036,13,157.12,3,2009,1,1,3,17,3730.49
13.8,0,0.036,10,135.45,3,2009,1,1,3,17,3475.59
10.88,0,0.078,14,158.85,3,2009,1,1,3,17,3295.11
8.09,0,0.007,10,118.46,1,1998,2,2,1,28,1837.38
6.42,0,0.046,6,122.2,1,1998,2,2,1,28,1536.78
9.71,1,0.008,11,145.5,3,2009,1,1,3,17,2757.65
12.26,3,0.085,6,138.07,3,2009,1,1,3,17,3180.13
12.92,1,0.053,8,164.32,3,2009,1,1,3,17,3868.24
11.09,2,0.079,6,116.91,0,1987,0,1,2,39,2482.79
11.71,0,0.054,3,168.98,3,2009,1,1,3,17,3688.46
12.35,0,0.085,0,137.31,3,2009,1,1,3,17,3185.57
12.9,1,0.087,9,176.86,0,1987,0,1,2,39,4118.86
10.68,0,0.036,6,145.38,3,2009,1,1,3,17,2973.37
10.07,1,0.036,9,123.41,0,1987,0,1,2,39,2386.89
10.08,1,0.006,8,119.38,2,1999,1,0,0,27,5642.35
15.1,0,0.08,3,170.16,2,1999,1,0,0,27,4478.43
13.51,0,0.033,14,165.08,0,1987,0,1,2,39,4017.37
8.91,0,0.108,3,113.78,1,1998,2,2,1,28,1927.71
13.45,2,0.076,14,145.41,3,2009,1,1,3,17,3600.16
10.38,0,0.013,1,84.65,1,1998,2,2,1,28,1662.46
14.43,0,0.115,6,181.83,0,1987,0,1,2,39,4566.17
14.95,0,0.168,5,139.2,3,2009,1,1,3,17,3813.39
10.06,0,0.142,5,161.89,3,2009,1,1,3,17,3171.96
12.76,0,0.017,10,192.15,2,1999,1,0,0,27,4400.67
9.13,0,0.027,6,121.09,1,1998,2,2,1,28,2125.92
16.83,0,0.041,5,175.24,2,1999,1,0,0,27,4974.43
13.33,0,0.024,14,153.99,3,2009,1,1,3,17,3748.59
13.34,0,0.039,5,150.81,3,2009,1,1,3,17,3686.47
14.42,1,0.072,8,179.01,0,1987,0,1,2,39,4507.97
9.94,0,0.029,3,116.89,1,1998,2,2,1,28,2222.45
14.5,0,0.102,13,145.7,3,2009,1,1,3,17,3842.61
16.66,1,0.119,11,168.63,0,1987,0,1,2,39,4801.09
11.01,2,0.047,3,127.09,3,2009,1,1,3,17,2672.84
15.47,0,0.035,13,130.49,3,2009,1,1,3,17,3752.3
13.15,2,0.009,13,138.92,3,2009,1,1,3,17,3400.47
9.82,0,0.235,14,160.14,3,2009,1,1,3,17,3080.29
8.87,0,0.088,0,113.03,1,1998,2,2,1,28,1901.95
14.57,1,0.049,9,142.88,3,2009,1,1,3,17,3802.73
15.37,3,0.015,3,213.79,2,1999,1,0,0,27,5434.38
19.13,0,0.018,10,166.57,2,1999,1,0,0,27,5316.66
15.26,0,0.168,0,173.03,0,1987,0,1,2,39,4574.15
13.37,0,0.067,6,135.98,3,2009,1,1,3,17,3389.05
10.96,0,0.109,4,130.68,3,2009,1,1,3,17,2737.2
11.03,2,0.185,5,183.66,3,2009,1,1,3,17,3835.57
14.83,0,0.08,6,176.77,0,1987,0,1,2,39,4554.39
15.04,0,0.049,13,196.49,2,1999,1,0,0,27,5004.0
14.79,0,0.014,6,175.33,0,1987,0,1,2,39,4516.25
11.92,0,0.035,10,166.65,3,2009,1,1,3,17,3689.54
14.58,1,0.058,9,155.51,0,1987,0,1,2,39,4061.96
13.44,2,0.016,4,158.08,3,2009,1,1,3,17,3856.91
14.56,0,0.039,0,156.96,0,1987,0,1,2,39,4087.94
10.95,0,0.081,3,133.99,3,2009,1,1,3,17,2801.22
12.02,1,0.133,9,172.95,3,2009,1,1,3,17,3840.93
10.28,0,0.135,6,113.83,1,1998,2,2,1,28,2237.04
8.71,2,0.018,6,121.69,1,1998,2,2,1,28,775.74
11.12,0,0.024,6,168.69,3,2009,1,1,3,17,3550.62
14.92,1,0.171,9,152.48,0,1987,0,1,2,39,4076.11
9.06,0,0.074,13,120.19,1,1998,2,2,1,28,2092.56
13.02,2,0.009,0,126.55,3,2009,1,1,3,17,3116.97
10.54,2,0.062,5,124.14,3,2009,1,1,3,17,2507.55
13.54,0,0.1,13,154.55,3,2009,1,1,3,17,3808.62
13.45,2,0.049,4,179.74,2,1999,1,0,0,27,4301.99
16.23,2,0.064,5,194.58,2,1999,1,0,0,27,5233.81
12.21,0,0.021,12,107.93,3,2009,1,1,3,17,2552.81
16.71,0,0.154,4,157.73,2,1999,1,0,0,27,6497.24
16.6,2,0.193,0,190.12,2,1999,1,0,0,27,5225.93
13.33,0,0.147,14,154.99,3,2009,1,1,3,17,3768.48
11.18,2,0.076,4,154.45,3,2009,1,1,3,17,3272.91
13.75,1,0.033,8,123.05,3,2009,1,1,3,17,3209.7
14.52,0,0.061,6,130.67,3,2009,1,1,3,17,3541.1
9.97,1,0.083,9,96.19,1,1998,2,2,1,28,1805.79
15.24,2,0.026,0,120.93,3,2009,1,1,3,17,3503.84
11.49,2,0.041,6,81.78,1,1998,2,2,1,28,1855.55
12.93,2,0.029,13,130.35,3,2009,1,1,3,17,3173.86
12.1,0,0.112,0,186.31,0,1987,0,1,2,39,4132.18
13.02,2,0.053,5,150.46,3,2009,1,1,3,17,3605.57
13.13,1,0.024,11,179.25,2,1999,1,0,0,27,4220.47
11.43,0,0.137,13,124.91,3,2009,1,1,3,17,2725.28
13.88,0,0.141,4,196.47,0,1987,0,1,2,39,4742.34
16.07,2,0.067,10,176.39,0,1987,0,1,2,39,4825.85
12.95,2,0.162,4,157.08,3,2009,1,1,3,17,3725.81
15.23,2,0.067,6,254.34,2,1999,1,0,0,27,6231.41
10.81,3,0.144,4,134.48,3,2009,1,1,3,17,2780.44
11.47,0,0.178,10,194.61,0,1987,0,1,2,39,4159.9
12.95,0,0.076,4,157.84,3,2009,1,1,3,17,3742.18
9.54,2,0.077,2,89.16,1,1998,2,2,1,28,1566.79
15.09,2,0.037,13,128.49,3,2009,1,1,3,17,3624.0
12.77,0,0.046,15,165.71,3,2009,1,1,3,17,3861.91
15.56,2,0.04,3,148.73,0,1987,0,1,2,39,4144.36
17.77,0,0.047,14,175.25,2,1999,1,0,0,27,5186.32
9.99,2,0.052,14,130.19,3,2009,1,1,3,17,2506.61
12.23,2,0.136,1,117.44,3,2009,1,1,3,17,2752.95
11.86,2,0.124,15,170.24,3,2009,1,1,3,17,3748.32
12.35,1,0.081,11,135.79,3,2009,1,1,3,17,3154.71
14.13,1,0.049,9,130.21,3,2009,1,1,3,17,3442.55
21.04,2,0.04,15,158.86,2,1999,1,0,0,27,5591.41
11.37,1,0.016,9,153.27,3,2009,1,1,3,17,3290.89
11.93,0,0.058,1,119.61,3,2009,1,1,3,17,2728.9
13.57,0,0.091,5,201.17,1,1998,2,2,1,28,2290.59
8.19,1,0.049,8,137.13,1,1998,2,2,1,28,2241.31
15.73,0,0.015,4,191.55,2,1999,1,0,0,27,5060.34
9.49,0,0.01,6,109.57,1,1998,2,2,1,28,1972.99
12.53,2,0.066,13,145.62,3,2009,1,1,3,17,3396.37
9.57,1,0.019,11,124.26,1,1998,2,2,1,28,2291.34
11.82,0,0.189,3,160.05,3,2009,1,1,3,17,3531.68
14.71,0,0.038,4,205.11,2,1999,1,0,0,27,5105.48
13.5,0,0.066,6,125.21,3,2009,1,1,3,17,3199.4
11.9,0,0.086,3,125.64,3,2009,1,1,3,17,2844.73
11.01,0,0.03,0,153.17,3,2009,1,1,3,17,3206.61
14.52,0,0.163,7,120.86,3,2009,1,1,3,17,3340.76
14.22,1,0.098,8,129.29,3,2009,1,1,3,17,3443.99
11.41,0,0.143,5,184.03,3,2009,1,1,3,17,4144.87
13.77,0,0.131,4,180.91,0,1987,0,1,2,39,4553.3
9.38,1,0.119,9,97.46,1,1998,2,2,1,28,1698.42
14.43,1,0.099,9,160.51,0,1987,0,1,2,39,4131.59
13.79,2,0.034,14,134.71,3,2009,1,1,3,17,3458.63
8.91,1,0.025,9,120.18,1,1998,2,2,1,28,2056.89
7.75,1,0.029,11,90.53,1,1998,2,2,1,28,1189.64
11.4,0,0.024,7,113.14,0,1987,0,1,2,39,2477.46
10.85,0,0.151,5,167.37,3,2009,1,1,3,17,3462.07
13.18,0,0.018,15,158.11,3,2009,1,1,3,17,3799.91
5.72,2,0.054,6,73.62,1,1998,2,2,1,28,384.07
12.25,0,0.105,4,150.03,3,2009,1,1,3,17,3423.5
10.6,0,0.027,10,91.29,0,1987,0,1,2,39,2466.17
11.53,0,0.02,13,119.91,3,2009,1,1,3,17,2644.95
9.36,1,0.025,8,104.17,1,1998,2,2,1,28,1831.4
15.63,1,0.123,9,173.89,0,1987,0,1,2,39,4675.56
14.75,0,0.104,4,148.76,3,2009,1,1,3,17,3961.79
13.08,1,0.019,8,97.93,3,2009,1,1,3,17,2545.17
14.41,0,0.068,6,162.72,0,1987,0,1,2,39,4171.67
12.91,2,0.017,13,87.98,0,1987,0,1,2,39,2303.02
11.05,1,0.073,8,140.16,3,2009,1,1,3,17,2951.38
11.47,1,0.096,11,145.6,3,2009,1,1,3,17,3156.05
12.24,0,0.065,2,87.91,1,1998,2,2,1,28,2151.04
12.31,0,0.05,4,139.57,3,2009,1,1,3,17,3223.9
11.73,0,0.015,3,168.33,3,2009,1,1,3,17,3680.91
15.8,0,0.09,0,183.34,0,1987,0,1,2,39,4907.46
14.02,2,0.035,4,131.93,3,2009,1,1,3,17,3453.19
9.01,2,0.046,6,104.24,2,1999,1,0,0,27,5623.48
10.56,0,0.019,2,140.99,3,2009,1,1,3,17,2856.36
12.4,0,0.075,3,152.97,3,2009,1,1,3,17,3518.02
14.77,0,0.077,15,187.72,0,1987,0,1,2,39,4763.72
16.59,0,0.053,14,206.71,2,1999,1,0,0,27,5563.65
13.56,0,0.029,0,126.47,3,2009,1,1,3,17,3238.63
12.57,0,0.085,0,156.28,3,2009,1,1,3,17,3622.69
7.32,0,0.09,3,110.03,1,1998,2,2,1,28,1491.13
11.55,2,0.054,14,148.92,3,2009,1,1,3,17,3241.91
15.17,0,0.12,10,124.25,3,2009,1,1,3,17,3556.9
13.23,0,0.191,13,129.25,3,2009,1,1,3,17,3219.22
14.05,2,0.122,3,164.51,0,1987,0,1,2,39,4126.15
12.78,2,0.016,6,119.09,3,2009,1,1,3,17,2909.66
11.91,0,0.053,0,73.22,1,1998,2,2,1,28,1775.13
11.69,2,0.098,10,144.09,3,2009,1,1,3,17,3175.59
13.56,2,0.042,0,121.49,3,2009,1,1,3,17,3136.35
12.04,2,0.091,13,126.95,3,2009,1,1,3,17,2903.34
12.17,0,0.025,10,108.29,3,2009,1,1,3,17,2552.45
10.17,1,0.031,9,156.69,3,2009,1,1,3,17,4075.37
17.84,0,0.037,14,148.23,0,1987,0,1,2,39,4650.04
12.35,0,0.054,14,161.07,3,2009,1,1,3,17,3672.24
12.64,1,0.013,9,162.56,3,2009,1,1,3,17,3767.84
11.95,0,0.017,4,147.26,3,2009,1,1,3,17,3299.09
10.06,0,0.127,13,93.41,0,1987,0,1,2,39,3998.13
11.81,1,0.104,9,150.43,3,2009,1,1,3,17,3332.07
11.8,2,0.112,13,142.17,3,2009,1,1,3,17,3160.19
11.5,2,0.1,15,178.23,3,2009,1,1,3,17,3832.19
13.07,1,0.037,9,178.67,0,1987,0,1,2,39,4195.56
14.8,0,0.051,13,199.65,2,1999,1,0,0,27,5015.3
13.81,0,0.016,6,114.58,3,2009,1,1,3,17,3051.48
11.11,2,0.048,6,108.9,0,1987,0,1,2,39,2324.24
15.47,0,0.159,6,180.54,0,1987,0,1,2,39,4775.21
10.2,2,0.04,10,157.81,3,2009,1,1,3,17,3119.7
14.06,0,0.083,13,143.26,3,2009,1,1,3,17,3694.94
11.47,2,0.089,6,102.13,2,1999,1,0,0,27,6680.01
14.26,1,0.024,8,157.31,0,1987,0,1,2,39,4027.85
11.0,2,0.119,0,127.96,3,2009,1,1,3,17,2688.75
14.07,0,0.041,0,181.33,2,1999,1,0,0,27,4475.39
13.58,2,0.045,13,147.02,3,2009,1,1,3,17,3662.57
14.59,0,0.068,0,201.72,2,1999,1,0,0,27,5009.1
14.42,2,0.07,10,155.14,0,1987,0,1,2,39,4017.75
14.61,3,0.014,2,144.48,3,2009,1,1,3,17,3842.24
10.74,2,0.022,13,135.31,3,2009,1,1,3,17,2780.41
8.05,2,0.039,0,103.58,1,1998,2,2,1,28,1524.79
13.14,2,0.081,3,124.68,3,2009,1,1,3,17,3106.09
10.71,0,0.033,13,116.75,0,1987,0,1,2,39,2395.76
12.67,0,0.036,6,143.53,3,2009,1,1,3,17,3386.08
13.68,2,0.068,4,193.19,0,1987,0,1,2,39,4631.08
13.58,1,0.04,8,144.93,3,2009,1,1,3,17,3619.95
9.65,0,0.06,4,109.18,1,1998,2,2,1,28,2001.26
12.54,0,0.077,4,178.81,0,1987,0,1,2,39,4078.82
12.29,1,0.061,11,95.98,0,1987,0,1,2,39,2327.53
10.37,0,0.117,5,141.27,3,2009,1,1,3,17,2818.47
7.12,2,0.009,4,57.41,1,1998,2,2,1,28,368.72
14.07,2,0.042,6,196.37,0,1987,0,1,2,39,4783.41
12.03,0,0.048,4,176.72,3,2009,1,1,3,17,2255.43
12.12,0,0.099,6,152.1,3,2009,1,1,3,17,3437.43
8.94,1,0.039,8,92.18,1,1998,2,2,1,28,1492.65
16.01,2,0.126,5,163.85,0,1987,0,1,2,39,4556.62
10.3,0,0.01,6,122.52,0,1987,0,1,2,39,2419.44
15.98,1,0.042,9,195.42,2,1999,1,0,0,27,5194.84
13.2,2,0.118,6,149.92,3,2009,1,1,3,17,3636.48
12.23,0,0.019,10,133.93,3,2009,1,1,3,17,3090.41
11.62,2,0.015,6,142.64,3,2009,1,1,3,17,3129.65
13.2,0,0.138,14,159.85,3,2009,1,1,3,17,3838.27
14.39,0,0.047,6,158.65,0,1987,0,1,2,39,3058.74
12.14,0,0.09,0,95.05,1,1998,2,2,1,28,2273.91
9.03,0,0.015,14,146.39,3,2009,1,1,3,17,2622.29
11.78,0,0.017,10,160.95,3,2009,1,1,3,17,3541.57
13.52,0,0.1,6,185.4,2,1999,1,0,0,27,4435.15
11.0,1,0.041,8,124.52,3,2009,1,1,3,17,2618.11
12.79,2,0.045,3,152.02,3,2009,1,1,3,17,3586.82
14.49,1,0.042,9,194.46,0,1987,0,1,2,39,4839.18
11.43,0,0.108,6,141.98,3,2009,1,1,3,17,3073.45
11.35,2,0.018,10,84.89,1,1998,2,2,1,28,1888.47
11.25,0,0.142,0,101.79,1,1998,2,2,1,28,2209.58
13.22,3,0.122,0,127.13,3,2009,1,1,3,17,3174.35
14.53,0,0.171,5,148.55,3,2009,1,1,3,17,3908.32
14.48,0,0.108,6,114.8,3,2009,1,1,3,17,3206.01
9.44,0,0.033,5,104.08,1,1998,2,2,1,28,1847.37
13.18,3,0.076,5,132.7,3,2009,1,1,3,17,3278.14
11.7,0,0.028,5,114.71,2,1999,1,0,0,27,6027.07
13.97,2,0.04,5,181.11,2,1999,1,0,0,27,4448.37
11.42,0,0.034,10,156.9,3,2009,1,1,3,17,3376.55
11.81,0,0.058,1,111.58,3,2009,1,1,3,17,2537.41
10.65,0,0.053,14,174.51,3,2009,1,1,3,17,3563.53
13.24,2,0.089,10,163.78,3,2009,1,1,3,17,3929.4
12.26,1,0.159,9,124.22,3,2009,1,1,3,17,2896.91
11.55,0,0.162,15,191.87,0,1987,0,1,2,39,4121.64
17.0,2,0.098,0,169.53,2,1999,1,0,0,27,4896.25
8.29,0,0.093,5,114.4,1,1998,2,2,1,28,1799.78
10.71,0,0.126,5,165.94,3,2009,1,1,3,17,3400.82
15.06,2,0.042,13,186.81,0,1987,0,1,2,39,4811.47
12.61,1,0.094,9,135.24,3,2009,1,1,3,17,3201.58
14.38,0,0.056,13,129.89,3,2009,1,1,3,17,3493.6
11.88,0,0.099,13,164.6,3,2009,1,1,3,17,3077.61
13.56,2,0.076,6,143.3,3,2009,1,1,3,17,3580.89
10.85,2,0.111,14,102.41,1,1998,2,2,1,28,2132.57
12.1,0,0.085,0,155.02,3,2009,1,1,3,17,3491.13
11.85,2,0.03,14,128.03,3,2009,1,1,3,17,2882.75
12.57,1,0.018,9,118.08,3,2009,1,1,3,17,3398.39
9.52,0,0.076,4,128.96,0,1987,0,1,2,39,2375.5
14.92,2,0.053,6,157.72,0,1987,0,1,2,39,4184.88
12.82,0,0.036,6,167.49,3,2009,1,1,3,17,3909.01
13.88,0,0.033,0,179.07,2,1999,1,0,0,27,4385.76
8.52,0,0.055,10,105.69,1,1998,2,2,1,28,1672.61
14.02,2,0.045,3,144.69,3,2009,1,1,3,17,3714.61
12.62,0,0.055,10,149.6,3,2009,1,1,3,17,3497.55
10.75,0,0.061,2,133.29,3,2009,1,1,3,17,2743.23
7.16,0,0.025,14,118.89,1,1998,2,2,1,28,1636.25
14.67,2,0.072,3,150.17,3,2009,1,1,3,17,3973.91
12.4,0,0.097,5,137.46,3,2009,1,1,3,17,3201.41
11.89,0,0.089,5,161.22,3,2009,1,1,3,17,3571.13
13.44,2,0.045,6,146.29,3,2009,1,1,3,17,3617.14
10.31,1,0.026,8,117.43,0,1987,0,1,2,39,2318.15
9.55,0,0.043,14,88.28,1,1998,2,2,1,28,539.71
10.94,0,0.061,5,128.45,3,2009,1,1,3,17,2686.68
10.95,0,0.063,7,173.24,3,2009,1,1,3,17,3605.53
14.19,0,0.052,13,170.91,2,1999,1,0,0,27,4258.98
15.76,2,0.038,4,170.12,0,1987,0,1,2,39,4628.4
16.69,2,0.147,3,169.3,2,1999,1,0,0,27,4238.57
15.34,0,0.104,15,176.23,0,1987,0,1,2,39,4656.88
10.21,0,0.025,4,125.47,0,1987,0,1,2,39,2459.61
13.95,0,0.034,0,127.5,3,2009,1,1,3,17,3345.97
14.66,2,0.023,13,171.91,2,1999,1,0,0,27,4415.01
12.22,2,0.148,0,126.41,3,2009,1,1,3,17,2934.49
14.37,2,0.076,5,173.74,2,1999,1,0,0,27,4388.63
10.24,1,0.067,9,146.43,3,2009,1,1,3,17,2895.01
11.86,2,0.123,13,111.41,3,2009,1,1,3,17,2544.74
13.49,0,0.049,6,152.38,3,2009,1,1,3,17,3751.07
11.97,0,0.031,13,141.82,3,2009,1,1,3,17,3192.84
13.8,0,0.173,4,159.88,3,2009,1,1,3,17,3974.78
11.88,0,0.16,1,128.15,3,2009,1,1,3,17,2891.5
11.11,0,0.034,13,153.58,3,2009,1,1,3,17,3238.29
12.78,2,0.058,5,148.44,3,2009,1,1,3,17,3511.1
9.52,1,0.029,9,139.47,3,2009,1,1,3,17,2589.75
12.72,1,0.051,8,150.71,3,2009,1,1,3,17,3544.16
12.18,0,0.09,5,145.02,3,2009,1,1,3,17,3305.28
11.88,2,0.062,6,123.43,3,2009,1,1,3,17,2794.64
13.91,0,0.018,5,131.94,3,2009,1,1,3,17,3429.62
8.47,2,0.031,15,73.7,1,1998,2,2,1,28,1006.65
10.55,0,0.078,6,192.06,3,2009,1,1,3,17,3899.12
12.92,2,0.01,0,173.23,0,1987,0,1,2,39,4050.13
8.15,0,0.065,6,99.78,1,1998,2,2,1,28,1467.89
14.21,2,0.176,4,144.38,3,2009,1,1,3,17,3751.48
12.66,0,0.105,4,191.4,2,1999,1,0,0,27,4361.81
14.28,2,0.031,3,162.08,0,1987,0,1,2,39,4130.16
14.19,2,0.126,10,157.81,0,1987,0,1,2,39,4022.32
14.64,0,0.093,10,128.3,3,2009,1,1,3,17,3519.85
14.01,2,0.184,10,177.48,2,1999,1,0,0,27,4382.45
10.36,0,0.043,7,126.49,3,2009,1,1,3,17,2513.99
10.84,1,0.103,8,162.99,3,2009,1,1,3,17,3370.23
11.11,0,0.076,6,151.25,3,2009,1,1,3,17,3190.21
11.73,0,0.011,3,164.37,3,2009,1,1,3,17,3598.39
13.58,0,0.113,15,87.17,0,1987,0,1,2,39,2437.49
11.82,2,0.186,4,109.6,0,1987,0,1,2,39,2499.78
10.9,0,0.036,0,107.79,1,1998,2,2,1,28,2254.11
13.46,0,0.15,3,169.06,0,1987,0,1,2,39,4086.69
15.31,0,0.143,10,203.02,1,1998,2,2,1,28,1472.54
14.67,0,0.055,10,132.25,3,2009,1,1,3,17,3605.79
12.72,1,0.09,9,159.16,3,2009,1,1,3,17,3715.99
12.36,2,0.026,14,98.31,0,1987,0,1,2,39,2389.89
14.58,1,0.061,9,156.21,0,1987,0,1,2,39,4077.74
14.43,0,0.128,5,151.94,3,2009,1,1,3,17,3954.8
15.93,3,0.102,12,202.92,2,1999,1,0,0,27,5336.72
13.89,0,0.015,5,196.66,0,1987,0,1,2,39,4748.77
13.48,0,0.177,0,159.8,3,2009,1,1,3,17,3900.87
8.55,2,0.123,13,90.0,1,1998,2,2,1,28,1358.45
9.71,0,0.012,0,150.3,3,2009,1,1,3,17,2854.64
10.55,1,0.159,9,139.07,3,2009,1,1,3,17,2814.49
17.45,0,0.105,4,174.27,2,1999,1,0,0,27,5093.97
13.32,2,0.007,13,204.53,0,1987,0,1,2,39,4780.97
11.39,2,0.067,13,115.79,3,2009,1,1,3,17,2528.52
9.35,0,0.174,10,137.23,3,2009,1,1,3,17,2506.34
7.78,0,0.033,3,84.71,1,1998,2,2,1,28,1076.32
13.65,2,0.038,3,143.94,3,2009,1,1,3,17,3614.76
15.09,2,0.058,5,117.38,3,2009,1,1,3,17,3396.29
12.24,0,0.072,5,157.59,3,2009,1,1,3,17,3576.25
13.87,0,0.043,4,130.68,3,2009,1,1,3,17,3392.96
15.98,0,0.015,7,152.25,2,1999,1,0,0,27,4312.36
9.88,0,0.026,3,131.72,3,2009,1,1,3,17,2512.52
11.44,1,0.085,9,101.11,1,1998,2,2,1,28,2238.75
12.07,0,0.107,4,118.99,3,2009,1,1,3,17,2747.61
11.5,0,0.03,13,120.85,3,2009,1,1,3,17,2656.28
13.99,0,0.021,6,210.21,2,1999,1,0,0,27,5047.84
14.78,1,0.054,8,135.47,3,2009,1,1,3,17,3697.92
11.98,2,0.027,6,156.32,3,2009,1,1,3,17,3490.6
9.45,0,0.094,3,162.28,1,1998,2,2,1,28,563.06
12.18,0,0.017,6,168.17,3,2009,1,1,3,17,3778.49
14.65,0,0.009,14,158.12,0,1987,0,1,2,39,4130.89
14.68,0,0.027,6,139.47,3,2009,1,1,3,17,3756.45
13.56,0,0.009,0,163.39,3,2009,1,1,3,17,3992.37
10.99,2,0.015,5,145.42,3,2009,1,1,3,17,3044.69
16.01,0,0.053,13,219.19,2,1999,1,0,0,27,5687.57
15.89,0,0.079,7,163.86,0,1987,0,1,2,39,4530.22
11.42,0,0.072,12,131.2,3,2009,1,1,3,17,5081.46
16.98,2,0.015,15,188.74,2,1999,1,0,0,27,5285.09
14.69,0,0.044,13,172.0,0,1987,0,1,2,39,3365.01
13.43,0,0.107,13,139.13,3,2009,1,1,3,17,3468.09
11.27,0,0.081,13,144.13,3,2009,1,1,3,17,3082.59
11.33,0,0.026,4,105.6,0,1987,0,1,2,39,2306.16
15.52,2,0.014,6,200.75,2,1999,1,0,0,27,5200.84
12.86,0,0.107,13,176.41,0,1987,0,1,2,39,4100.72
15.6,0,0.128,10,142.9,0,1987,0,1,2,39,4034.74
12.27,0,0.035,3,137.97,3,2009,1,1,3,17,3180.66
13.38,2,0.042,5,162.95,3,2009,1,1,3,17,3943.21
14.35,0,0.116,10,145.74,3,2009,1,1,3,17,3809.87
11.66,0,0.013,0,162.76,3,2009,1,1,3,17,3550.3
7.55,2,0.054,5,106.1,1,1998,2,2,1,28,1462.89
14.55,1,0.092,8,148.29,3,2009,1,1,3,17,3907.49
10.96,0,0.016,1,74.2,1,1998,2,2,1,28,1581.31
11.68,1,0.045,9,114.64,3,2009,1,1,3,17,2571.51
14.2,0,0.033,6,135.22,3,2009,1,1,3,17,3561.93
10.5,0,0.147,5,119.81,0,1987,0,1,2,39,2409.94
16.95,2,0.034,6,151.42,0,1987,0,1,2,39,4514.19
13.08,0,0.082,6,149.55,3,2009,1,1,3,17,3602.08
14.3,0,0.028,13,122.07,3,2009,1,1,3,17,3314.37
16.37,2,0.037,13,166.25,0,1987,0,1,2,39,4687.33
10.37,0,0.024,6,126.19,3,2009,1,1,3,17,2511.3
13.07,0,0.017,13,122.22,3,2009,1,1,3,17,3040.18
13.26,2,0.029,14,120.55,3,2009,1,1,3,17,3048.43
10.31,0,0.01,0,164.34,3,2009,1,1,3,17,3279.07
12.23,2,0.024,13,137.52,3,2009,1,1,3,17,3164.11
11.25,1,0.031,9,105.49,1,1998,2,2,1,28,2285.7
11.39,0,0.034,6,137.21,3,2009,1,1,3,17,2966.09
9.69,0,0.104,13,100.79,1,1998,2,2,1,28,1838.22
13.25,0,0.073,0,137.13,3,2009,1,1,3,17,3386.71
15.52,1,0.044,11,185.24,0,1987,0,1,2,39,4870.75
10.82,1,0.165,11,124.54,3,2009,1,1,3,17,2578.88
11.59,0,0.108,6,139.98,3,2009,1,1,3,17,3069.02
11.46,0,0.067,14,146.59,3,2009,1,1,3,17,3174.28
14.83,0,0.157,13,189.19,0,1987,0,1,2,39,4807.21
11.69,2,0.025,0,101.1,1,1998,2,2,1,28,2296.99
16.1,0,0.05,4,172.97,0,1987,0,1,2,39,4764.19
12.58,1,0.073,8,118.43,3,2009,1,1,3,17,2851.97
12.93,2,0.015,3,156.76,3,2009,1,1,3,17,3713.83
13.73,1,0.047,9,147.0,3,2009,1,1,3,17,3695.97
10.23,0,0.129,14,54.23,1,1998,2,2,1,28,1005.98
15.97,0,0.011,10,169.76,0,1987,0,1,2,39,4668.59
11.59,2,0.024,3,108.4,0,1987,0,1,2,39,2422.4
11.44,2,0.097,7,126.14,3,2009,1,1,3,17,2752.51
9.14,2,0.048,3,150.72,3,2009,1,1,3,17,2735.04
10.56,0,0.1,13,92.82,1,1998,2,2,1,28,1871.6
15.74,0,0.057,5,170.68,0,1987,0,1,2,39,4634.7
9.65,2,0.092,13,140.61,2,1999,1,0,0,27,6275.6
17.69,0,0.028,4,194.89,2,1999,1,0,0,27,5570.9
12.48,0,0.066,13,109.64,3,2009,1,1,3,17,2649.1
10.74,0,0.128,3,132.21,3,2009,1,1,3,17,2716.76
12.23,0,0.058,12,164.15,3,2009,1,1,3,17,3708.81
12.15,1,0.012,8,128.65,3,2009,1,1,3,17,2962.87
12.26,0,0.077,13,113.37,3,2009,1,1,3,17,2676.41
12.59,2,0.067,6,153.51,3,2009,1,1,3,17,3572.09
13.68,2,0.055,13,172.37,2,1999,1,0,0,27,4204.8
11.92,0,0.048,5,111.83,3,2009,1,1,3,17,2567.84
7.6,1,0.063,9,134.67,1,1998,2,2,1,28,880.44
14.78,0,0.039,3,212.84,2,1999,1,0,0,27,5280.86
15.29,0,0.029,6,173.15,1,1998,2,2,1,28,739.79
14.07,0,0.103,4,125.86,3,2009,1,1,3,17,3339.39
8.2,2,0.078,13,126.68,1,1998,2,2,1,28,2030.27
12.37,0,0.066,5,120.29,3,2009,1,1,3,17,2842.59
14.68,0,0.162,6,115.68,3,2009,1,1,3,17,3270.12
11.47,1,0.129,11,102.4,1,1998,2,2,1,28,2273.32
8.72,2,0.076,6,120.93,1,1998,2,2,1,28,2029.95
14.47,2,0.01,3,146.03,3,2009,1,1,3,17,3844.46
7.76,2,0.067,10,104.59,1,1998,2,2,1,28,1479.09
14.92,0,0.114,12,160.54,2,1999,1,0,0,27,4241.79
17.29,0,0.125,0,207.43,2,1999,1,0,0,27,5736.55
13.26,0,0.024,1,156.17,3,2009,1,1,3,17,3776.76
12.15,2,0.047,5,140.69,3,2009,1,1,3,17,3209.66
13.36,2,0.116,0,165.89,3,2009,1,1,3,17,3997.86
12.52,0,0.024,0,160.88,3,2009,1,1,3,17,3705.89
15.4,0,0.128,6,177.14,0,1987,0,1,2,39,4690.32
14.07,0,0.05,10,154.0,3,2009,1,1,3,17,3917.18
12.16,2,0.03,14,158.08,3,2009,1,1,3,17,3568.45
12.74,0,0.037,13,157.51,3,2009,1,1,3,17,3686.93
11.65,2,0.154,3,157.84,3,2009,1,1,3,17,3447.49
16.87,0,0.047,0,171.9,2,1999,1,0,0,27,4915.21
12.44,0,0.093,4,137.86,1,1998,2,2,1,28,552.0
13.97,2,0.104,13,147.5,3,2009,1,1,3,17,3760.57
6.78,0,0.057,6,119.22,1,1998,2,2,1,28,1556.23
12.51,0,0.043,4,102.78,3,2009,1,1,3,17,2516.6
11.58,0,0.019,14,103.05,0,1987,0,1,2,39,2310.65
11.35,0,0.036,6,129.96,3,2009,1,1,3,17,2808.9
12.99,1,0.147,9,138.94,3,2009,1,1,3,17,2028.38
11.59,0,0.055,13,141.64,3,2009,1,1,3,17,3102.56
12.07,1,0.034,9,143.16,3,2009,1,1,3,17,5163.54
10.74,0,0.183,3,129.43,3,2009,1,1,3,17,2660.9
10.9,3,0.066,13,155.17,3,2009,1,1,3,17,3224.66
11.44,0,0.085,10,110.21,0,1987,0,1,2,39,2424.69
12.08,1,0.021,9,121.54,3,2009,1,1,3,17,4782.44
14.16,1,0.046,9,120.08,3,2009,1,1,3,17,3242.93
12.24,2,0.051,3,177.75,3,2009,1,1,3,17,3987.9
10.95,0,0.027,10,191.65,3,2009,1,1,3,17,3981.67
13.6,0,0.017,6,159.2,3,2009,1,1,3,17,3915.2
11.61,1,0.049,8,200.87,2,1999,1,0,0,27,4318.24
10.45,0,0.019,6,141.04,3,2009,1,1,3,17,2833.3
12.16,2,0.024,4,123.09,3,2009,1,1,3,17,2853.08
10.49,2,0.096,12,131.73,3,2009,1,1,3,17,2650.56
14.57,0,0.014,3,103.73,3,2009,1,1,3,17,3000.54
12.59,2,0.026,14,163.47,3,2009,1,1,3,17,3774.53
13.54,0,0.093,3,152.82,3,2009,1,1,3,17,3772.87
13.02,1,0.02,8,136.03,3,2009,1,1,3,17,3311.89
10.95,0,0.061,14,110.82,0,1987,0,1,2,39,2327.71
13.87,0,0.045,0,204.18,2,1999,1,0,0,27,6763.94
9.97,0,0.14,13,136.87,3,2009,1,1,3,17,2639.91
11.68,2,0.01,4,125.88,3,2009,1,1,3,17,2801.49
11.37,0,0.014,13,191.25,0,1987,0,1,2,39,3727.97
11.24,2,0.068,13,128.89,3,2009,1,1,3,17,2763.2
17.06,1,0.019,8,205.71,2,1999,1,0,0,27,5649.15
10.76,0,0.035,5,138.59,3,2009,1,1,3,17,2851.78
12.29,0,0.012,4,165.69,3,2009,1,1,3,17,3752.62
11.56,0,0.179,7,152.18,3,2009,1,1,3,17,3311.67
12.95,0,0.045,3,91.27,0,1987,0,1,2,39,2378.63
12.19,0,0.092,2,164.5,3,2009,1,1,3,17,3705.87
11.18,1,0.057,8,141.09,3,2009,1,1,3,17,2998.57
14.06,2,0.046,1,208.62,2,1999,1,0,0,27,5031.47
13.45,0,0.077,6,118.27,3,2009,1,1,3,17,2849.96
12.56,0,0.092,13,161.24,3,2009,1,1,3,17,5064.03
7.8,0,0.036,4,131.56,1,1998,2,2,1,28,2039.3
18.54,0,0.057,1,171.9,2,1999,1,0,0,27,5292.66
11.73,1,0.042,9,166.45,3,2009,1,1,3,17,3642.81
11.69,0,0.011,3,135.43,3,2009,1,1,3,17,2998.93
16.5,0,0.054,4,152.48,2,1999,1,0,0,27,4434.22
13.0,2,0.047,13,121.32,3,2009,1,1,3,17,3004.95
15.26,2,0.031,3,170.72,0,1987,0,1,2,39,4527.77
15.44,2,0.031,1,184.62,0,1987,0,1,2,39,4851.79
14.8,0,0.055,13,130.36,3,2009,1,1,3,17,3597.04
12.27,2,0.064,13,195.1,2,1999,1,0,0,27,4350.77
17.81,0,0.027,15,250.57,2,1999,1,0,0,27,6736.81
10.73,0,0.054,10,148.79,3,2009,1,1,3,17,3055.69
14.93,1,0.064,9,148.93,0,1987,0,1,2,39,4007.69
12.35,0,0.057,5,96.96,0,1987,0,1,2,39,2359.92
15.46,1,0.026,9,171.83,0,1987,0,1,2,39,4595.77
8.58,2,0.166,4,113.04,1,1998,2,2,1,28,2263.31
10.91,0,0.05,5,129.6,3,2009,1,1,3,17,2703.23
14.07,0,0.014,7,190.42,0,1987,0,1,2,39,4660.82
15.35,0,0.016,0,229.2,2,1999,1,0,0,27,5744.55
15.09,0,0.162,6,140.83,3,2009,1,1,3,17,3877.64
13.14,0,0.026,3,185.08,2,1999,1,0,0,27,4340.82
10.31,0,0.133,10,114.65,1,1998,2,2,1,28,2261.67
6.96,1,0.153,11,59.22,1,1998,2,2,1,28,369.31
12.09,0,0.108,2,146.57,3,2009,1,1,3,17,3315.78
13.07,0,0.104,13,148.16,3,2009,1,1,3,17,3569.59
12.18,0,0.061,14,154.25,3,2009,1,1,3,17,3494.03
14.56,0,0.038,7,178.4,0,1987,0,1,2,39,4525.69
11.38,0,0.066,6,185.17,3,2009,1,1,3,17,3945.95
13.7,0,0.171,7,135.23,3,2009,1,1,3,17,3448.01
11.62,0,0.031,6,115.11,3,2009,1,1,3,17,2567.76
14.22,1,0.08,8,181.36,0,1987,0,1,2,39,4508.7
14.23,0,0.128,14,160.44,0,1987,0,1,2,39,4084.04
13.97,1,0.047,11,119.68,3,2009,1,1,3,17,3190.48
8.82,0,0.083,4,138.88,0,1987,0,1,2,39,2420.03
12.13,1,0.067,8,171.71,3,2009,1,1,3,17,3840.72
14.89,1,0.007,9,176.25,0,1987,0,1,2,39,4556.06
13.94,2,0.036,0,191.07,0,1987,0,1,2,39,4645.79
12.54,2,0.157,0,105.25,3,2009,1,1,3,17,2573.15
13.25,0,0.2,15,198.32,0,1987,0,1,2,39,4637.97
12.94,1,0.065,9,131.53,3,2009,1,1,3,17,3200.75
12.8,0,0.083,7,163.35,3,2009,1,1,3,17,3819.71
10.85,0,0.094,14,160.07,3,2009,1,1,3,17,2873.34
12.46,0,0.011,14,144.98,3,2009,1,1,3,17,3366.74
16.34,2,0.055,3,141.81,0,1987,0,1,2,39,4179.16
11.82,0,0.104,3,81.45,0,1987,0,1,2,39,4512.55
12.75,0,0.186,7,128.06,3,2009,1,1,3,17,3087.77
12.64,1,0.065,9,115.04,3,2009,1,1,3,17,2796.34
10.98,0,0.03,0,179.08,3,2009,1,1,3,17,3730.45
13.51,0,0.013,5,178.92,2,1999,1,0,0,27,4298.8
11.39,1,0.09,9,148.97,3,2009,1,1,3,17,3206.78
16.53,0,0.042,0,181.12,2,1999,1,0,0,27,5027.6
13.53,1,0.149,8,144.49,3,2009,1,1,3,17,3600.1
10.27,2,0.105,14,123.79,1,1998,2,2,1,28,874.26
11.04,0,0.058,6,167.84,2,1999,1,0,0,27,5861.54
12.82,2,0.009,10,119.88,3,2009,1,1,3,17,2934.54
13.88,2,0.068,6,159.78,3,2009,1,1,3,17,3990.93
10.35,0,0.028,1,126.05,3,2009,1,1,3,17,2502.63
9.77,0,0.055,3,139.51,3,2009,1,1,3,17,2647.72
10.06,0,0.066,13,138.78,3,2009,1,1,3,17,2698.59
11.79,0,0.097,14,156.35,3,2009,1,1,3,17,3449.41
12.17,2,0.143,7,109.71,3,2009,1,1,3,17,2580.16
16.06,2,0.07,3,184.56,2,1999,1,0,0,27,4992.19
12.22,0,0.034,5,130.54,3,2009,1,1,3,17,3019.09
10.15,0,0.108,0,131.3,3,2009,1,1,3,17,2564.81
14.41,1,0.082,9,163.96,0,1987,0,1,2,39,4197.53
12.84,0,0.046,0,144.7,3,2009,1,1,3,17,3448.32
15.27,0,0.066,6,142.28,3,2009,1,1,3,17,3947.37
10.72,2,0.119,3,127.9,3,2009,1,1,3,17,2626.22
14.09,3,0.183,7,117.92,3,2009,1,1,3,17,3181.9
10.7,0,0.007,2,134.68,3,2009,1,1,3,17,2758.43
11.0,2,0.026,4,136.85,3,2009,1,1,3,17,2871.95
12.46,0,0.049,5,135.85,3,2009,1,1,3,17,3181.06
15.67,0,0.077,0,191.78,2,1999,1,0,0,27,5050.45
10.78,0,0.037,3,144.32,3,2009,1,1,3,17,2975.2
13.42,2,0.011,10,97.93,3,2009,1,1,3,17,2623.0
12.09,1,0.063,11,165.33,3,2009,1,1,3,17,3701.12
14.34,3,0.014,10,160.3,0,1987,0,1,2,39,4106.06
10.09,0,0.012,0,105.52,1,1998,2,2,1,28,2025.81
13.61,2,0.139,10,168.22,0,1987,0,1,2,39,4103.73
13.51,0,0.212,13,143.48,3,2009,1,1,3,17,3573.67
12.15,0,0.033,13,120.05,2,1999,1,0,0,27,5816.98
11.49,2,0.05,6,143.55,3,2009,1,1,3,17,3120.01
10.4,1,0.076,8,150.81,3,2009,1,1,3,17,3943.23
12.15,0,0.043,1,146.37,3,2009,1,1,3,17,3326.51
13.04,0,0.058,13,91.53,0,1987,0,1,2,39,2405.69
13.13,2,0.053,3,148.39,3,2009,1,1,3,17,3589.17
18.0,2,0.095,0,233.52,2,1999,1,0,0,27,6432.28
14.88,2,0.061,3,166.43,2,1999,1,0,0,27,4354.64
16.85,0,0.086,5,189.55,2,1999,1,0,0,27,5271.92
11.48,0,0.106,0,132.64,3,2009,1,1,3,17,2894.0
11.73,0,0.017,4,104.99,0,1987,0,1,2,39,2385.32
14.14,1,0.064,9,119.88,3,2009,1,1,3,17,3233.7
7.71,0,0.029,10,148.91,1,1998,2,2,1,28,2072.75
12.7,0,0.017,4,144.49,3,2009,1,1,3,17,3411.33
8.25,0,0.123,4,100.0,1,1998,2,2,1,28,1495.15
11.67,1,0.026,8,164.09,3,2009,1,1,3,17,3581.03
13.47,0,0.184,6,154.78,3,2009,1,1,3,17,3796.93
18.76,0,0.035,10,238.81,2,1999,1,0,0,27,6711.59
8.18,0,0.151,14,103.74,1,1998,2,2,1,28,1557.03
8.52,0,0.055,14,135.91,1,1998,2,2,1,28,2290.82
10.94,0,0.147,3,157.42,3,2009,1,1,3,17,3278.64
15.11,2,0.069,2,203.19,2,1999,1,0,0,27,5157.4
12.88,0,0.148,13,121.06,3,2009,1,1,3,17,2973.36
12.44,0,0.041,4,175.32,3,2009,1,1,3,17,3983.94
14.1,1,0.106,9,203.7,0,1987,0,1,2,39,4939.33
12.35,0,0.038,4,117.82,3,2009,1,1,3,17,2787.17
14.76,0,0.033,5,145.42,3,2009,1,1,3,17,3896.2
10.39,0,0.105,7,145.29,3,2009,1,1,3,17,2905.88
14.53,0,0.132,0,174.17,2,1999,1,0,0,27,4432.44
14.56,3,0.105,0,180.21,0,1987,0,1,2,39,4562.36
13.84,0,0.055,6,122.2,3,2009,1,1,3,17,3212.17
11.91,0,0.059,10,192.83,2,1999,1,0,0,27,4221.73
15.61,1,0.022,8,187.8,2,1999,1,0,0,27,3163.73
13.53,0,0.018,0,106.76,3,2009,1,1,3,17,2826.44
14.38,0,0.035,14,181.77,0,1987,0,1,2,39,4554.0
9.14,2,0.046,4,93.58,1,1998,2,2,1,28,1566.71
11.78,1,0.126,9,168.68,3,2009,1,1,3,17,3698.77
12.55,0,0.039,4,152.82,3,2009,1,1,3,17,3548.52
10.25,0,0.061,14,79.44,1,1998,2,2,1,28,1527.43
11.99,0,0.075,5,161.14,3,2009,1,1,3,17,3592.84
10.91,1,0.037,9,104.28,1,1998,2,2,1,28,2184.3
13.84,0,0.089,0,135.04,3,2009,1,1,3,17,3475.33
11.54,2,0.175,0,178.34,3,2009,1,1,3,17,3842.54
10.07,0,0.043,13,121.94,0,1987,0,1,2,39,2356.35
7.73,1,0.068,8,115.8,1,1998,2,2,1,28,1701.48
13.71,2,0.073,6,151.2,3,2009,1,1,3,17,3778.55
11.59,2,0.015,5,136.89,3,2009,1,1,3,17,3005.51
16.6,0,0.056,3,170.27,2,1999,1,0,0,27,4820.03
14.09,2,0.017,13,168.81,2,1999,1,0,0,27,4223.93
11.48,2,0.042,13,146.91,3,2009,1,1,3,17,3186.57
14.02,0,0.09,14,118.48,3,2009,1,1,3,17,3177.22
13.8,1,0.014,8,129.59,3,2009,1,1,3,17,3355.85
15.83,2,0.113,4,127.93,3,2009,1,1,3,17,3781.36
12.14,0,0.048,3,168.28,3,2009,1,1,3,17,3772.64
10.62,2,0.068,3,145.3,3,2009,1,1,3,17,2958.97
7.7,2,0.038,6,98.13,1,1998,2,2,1,28,1334.13
12.76,2,0.028,6,141.51,3,2009,1,1,3,17,3364.43
10.23,0,0.152,3,124.63,0,1987,0,1,2,39,2447.5
9.75,2,0.073,5,144.78,3,2009,1,1,3,17,2751.86
13.79,2,0.21,0,154.03,3,2009,1,1,3,17,3853.03
10.98,0,0.055,10,142.47,3,2009,1,1,3,17,2981.6
14.45,0,0.098,4,127.37,3,2009,1,1,3,17,3458.22
9.88,0,0.123,14,130.54,0,1987,0,1,2,39,2490.3
14.65,2,0.065,14,147.63,3,2009,1,1,3,17,3916.42
13.77,0,0.024,6,153.21,3,2009,1,1,3,17,3831.27
11.32,2,0.163,1,157.13,3,2009,1,1,3,17,3358.67
14.1,2,0.031,10,155.49,3,2009,1,1,3,17,3953.57
13.41,0,0.173,3,140.92,3,2009,1,1,3,17,2171.43
14.34,1,0.047,9,199.55,0,1987,0,1,2,39,4909.67
12.83,1,0.01,9,190.06,2,1999,1,0,0,27,4373.23
11.16,0,0.143,13,174.91,3,2009,1,1,3,17,3686.4
12.37,2,0.049,0,181.19,2,1999,1,0,0,27,5533.8
11.52,1,0.019,9,101.37,1,1998,2,2,1,28,2263.36
12.35,0,0.028,4,183.26,0,1987,0,1,2,39,4126.84
15.41,0,0.121,4,181.15,0,1987,0,1,2,39,4774.06
13.3,2,0.053,13,161.25,3,2009,1,1,3,17,3890.89
11.81,0,0.01,3,127.14,3,2009,1,1,3,17,2855.23
16.26,0,0.025,13,188.82,2,1999,1,0,0,27,5123.82
11.56,0,0.027,0,126.98,3,2009,1,1,3,17,2795.66
13.63,2,0.058,3,133.01,3,2009,1,1,3,17,3386.97
12.12,2,0.12,6,151.5,3,2009,1,1,3,17,3424.31
15.08,0,0.031,6,173.85,0,1987,0,1,2,39,4550.82
9.72,2,0.029,10,142.16,3,2009,1,1,3,17,2690.35
13.01,0,0.043,5,162.94,3,2009,1,1,3,17,3858.96
15.57,2,0.149,13,223.53,2,1999,1,0,0,27,5676.98
13.03,0,0.041,3,141.02,3,2009,1,1,3,17,3416.16
10.8,0,0.12,12,68.36,1,1998,2,2,1,28,1423.82
12.54,0,0.032,1,158.7,3,2009,1,1,3,17,3665.97
13.39,2,0.028,5,188.49,2,1999,1,0,0,27,4469.12
15.2,0,0.013,0,164.09,2,1999,1,0,0,27,4378.47
10.44,2,0.022,5,97.29,1,1998,2,2,1,28,1935.25
10.38,0,0.095,5,131.93,3,2009,1,1,3,17,2631.2
10.63,1,0.129,9,105.06,0,1987,0,1,2,39,3503.05
13.75,0,0.054,6,148.99,3,2009,1,1,3,17,3740.76
12.75,1,0.086,9,139.62,3,2009,1,1,3,17,3324.42
14.46,0,0.042,14,159.49,0,1987,0,1,2,39,4115.73
14.47,0,0.049,0,170.25,2,1999,1,0,0,27,4339.24
13.06,0,0.023,5,159.64,3,2009,1,1,3,17,3804.16
9.54,0,0.078,0,132.03,0,1987,0,1,2,39,2441.81
11.26,0,0.08,3,161.09,3,2009,1,1,3,17,3426.12
8.32,1,0.233,8,128.89,1,1998,2,2,1,28,2102.35
12.4,0,0.122,4,106.15,3,2009,1,1,3,17,2559.42
6.47,0,0.111,5,82.45,1,1998,2,2,1,28,733.49
9.86,0,0.107,6,130.28,0,1987,0,1,2,39,2480.27
9.86,0,0.061,0,157.14,3,2009,1,1,3,17,3029.46
11.56,0,0.114,6,137.97,3,2009,1,1,3,17,3020.23
13.09,0,0.009,1,160.81,3,2009,1,1,3,17,3834.67
11.51,2,0.044,6,128.68,3,2009,1,1,3,17,2818.86
12.47,2,0.013,5,156.41,3,2009,1,1,3,17,3603.48
8.76,2,0.053,13,104.89,1,1998,2,2,1,28,1711.89
12.49,2,0.077,6,138.54,3,2009,1,1,3,17,3243.32
12.56,2,0.031,13,158.58,2,1999,1,0,0,27,6707.41
14.44,1,0.062,9,205.48,2,1999,1,0,0,27,5052.78
14.91,2,0.038,13,149.75,0,1987,0,1,2,39,4019.09
7.15,0,0.028,13,139.85,1,1998,2,2,1,28,2063.65
14.41,0,0.227,10,169.72,2,1999,1,0,0,27,4314.66
11.28,1,0.118,9,167.68,3,2009,1,1,3,17,3566.01
16.01,2,0.085,5,163.0,0,1987,0,1,2,39,4537.79
12.67,2,0.074,6,139.06,3,2009,1,1,3,17,3293.97
15.82,0,0.049,14,117.06,3,2009,1,1,3,17,3555.72
12.29,2,0.108,15,156.35,3,2009,1,1,3,17,3561.73
12.04,0,0.022,13,147.49,3,2009,1,1,3,17,3324.8
11.4,1,0.063,8,141.03,3,2009,1,1,3,17,3047.2
7.65,0,0.019,3,126.46,1,1998,2,2,1,28,1901.23
8.4,0,0.14,3,96.48,1,1998,2,2,1,28,1458.62
9.45,0,0.057,5,102.98,1,1998,2,2,1,28,1828.81
12.04,1,0.064,8,99.19,0,1987,0,1,2,39,2336.73
14.16,0,0.077,13,179.68,2,1999,1,0,0,27,4461.79
12.86,1,0.076,8,154.49,3,2009,1,1,3,17,3651.67
10.93,2,0.179,13,125.73,3,2009,1,1,3,17,2627.43
14.1,0,0.091,14,174.64,2,1999,1,0,0,27,4345.97
14.7,0,0.178,4,157.63,0,1987,0,1,2,39,4133.49
17.65,2,0.102,10,179.13,2,1999,1,0,0,27,5238.96
14.97,0,0.019,4,190.03,0,1987,0,1,2,39,4857.19
12.85,0,0.112,13,154.57,3,2009,1,1,3,17,3651.71
10.64,0,0.02,7,165.99,3,2009,1,1,3,17,3385.46
12.99,0,0.038,10,155.48,3,2009,1,1,3,17,3701.33
13.06,2,0.074,6,160.34,3,2009,1,1,3,17,3817.18
10.49,2,0.07,0,93.99,1,1998,2,2,1,28,1879.3
10.52,0,0.058,7,132.88,3,2009,1,1,3,17,2682.74
13.74,0,0.154,7,145.73,3,2009,1,1,3,17,3671.61
13.02,2,0.033,6,174.11,0,1987,0,1,2,39,4089.84
16.81,0,0.111,4,180.56,2,1999,1,0,0,27,5078.5
10.43,2,0.047,6,118.94,0,1987,0,1,2,39,2376.66
12.04,0,0.064,3,129.1,3,2009,1,1,3,17,2947.11
17.79,2,0.119,0,95.09,3,2009,1,1,3,17,3552.09
12.51,1,0.039,8,160.5,3,2009,1,1,3,17,3697.44
9.68,0,0.03,3,130.73,0,1987,0,1,2,39,2448.62
12.12,1,0.113,8,151.61,3,2009,1,1,3,17,3426.25
10.96,0,0.029,10,137.54,3,2009,1,1,3,17,2875.92
12.74,2,0.033,0,168.17,3,2009,1,1,3,17,3904.67
7.65,0,0.111,13,92.53,1,1998,2,2,1,28,1207.64
11.75,0,0.076,6,148.84,3,2009,1,1,3,17,3287.37
13.83,2,0.044,13,181.91,2,1999,1,0,0,27,4432.01
14.16,0,0.069,5,200.95,0,1987,0,1,2,39,4897.16
16.6,0,0.116,13,165.19,0,1987,0,1,2,39,4717.55
10.77,0,0.016,3,136.99,3,2009,1,1,3,17,2822.73
17.48,2,0.111,7,167.59,2,1999,1,0,0,27,4965.91
12.85,1,0.049,11,113.8,3,2009,1,1,3,17,2817.67
10.6,0,0.039,5,110.61,1,1998,2,2,1,28,2243.02
13.98,1,0.025,9,143.1,3,2009,1,1,3,17,3672.74
10.87,1,0.026,8,141.53,3,2009,1,1,3,17,2937.57
12.92,1,0.086,8,174.86,0,1987,0,1,2,39,4082.33
9.96,0,0.064,0,156.4,3,2009,1,1,3,17,3036.5
12.89,2,0.064,5,192.2,2,1999,1,0,0,27,5326.02
12.92,0,0.083,10,180.95,2,1999,1,0,0,27,4207.7
11.42,1,0.031,8,116.53,3,2009,1,1,3,17,2551.6
16.48,1,0.011,9,155.02,0,1987,0,1,2,39,3187.7
12.53,1,0.113,9,139.39,3,2009,1,1,3,17,3268.65
12.71,1,0.022,9,178.46,0,1987,0,1,2,39,4108.2
11.9,2,0.067,6,118.8,3,2009,1,1,3,17,2704.29
15.51,1,0.118,9,164.9,2,1999,1,0,0,27,4463.89
14.19,0,0.235,6,169.51,2,1999,1,0,0,27,4260.6
15.76,0,0.046,13,176.65,0,1987,0,1,2,39,4761.01
15.55,0,0.054,5,175.65,0,1987,0,1,2,39,4693.61
10.93,0,0.073,14,145.92,3,2009,1,1,3,17,3040.05
16.65,0,0.033,13,162.26,0,1987,0,1,2,39,4191.9
11.15,0,0.096,6,156.0,3,2009,1,1,3,17,3297.99
16.11,0,0.039,3,183.43,2,1999,1,0,0,27,4980.03
11.82,0,0.097,6,164.34,3,2009,1,1,3,17,3619.04
14.33,0,0.035,10,188.37,0,1987,0,1,2,39,4677.17
12.64,2,0.093,6,165.84,1,1998,2,2,1,28,1404.47
13.88,2,0.014,3,215.19,2,1999,1,0,0,27,5126.13
12.76,0,0.041,3,133.96,3,2009,1,1,3,17,3209.97
12.4,0,0.041,0,141.18,3,2009,1,1,3,17,3275.98
11.56,2,0.039,13,152.18,3,2009,1,1,3,17,3312.79
14.99,2,0.051,13,163.35,2,1999,1,0,0,27,4314.99
10.23,2,0.026,10,136.92,3,2009,1,1,3,17,2697.8
12.78,0,0.065,6,194.5,2,1999,1,0,0,27,4453.75
13.07,0,0.037,10,143.79,3,2009,1,1,3,17,3481.67
9.63,0,0.011,4,125.43,0,1987,0,1,2,39,2327.55
13.66,0,0.034,4,113.31,3,2009,1,1,3,17,2991.39
16.33,0,0.052,3,167.31,2,1999,1,0,0,27,5696.17
7.54,0,0.066,10,82.03,1,1998,2,2,1,28,967.97
13.36,0,0.067,13,124.34,3,2009,1,1,3,17,3148.42
12.56,1,0.057,8,180.23,2,1999,1,0,0,27,4450.63
8.06,0,0.07,3,83.66,1,1998,2,2,1,28,1117.81
10.47,1,0.054,11,123.41,0,1987,0,1,2,39,2477.39
11.69,0,0.071,6,153.15,3,2009,1,1,3,17,3361.82
10.92,0,0.295,3,157.14,3,2009,1,1,3,17,3269.1
10.37,0,0.019,4,163.15,3,2009,1,1,3,17,3268.11
12.11,1,0.038,9,150.48,3,2009,1,1,3,17,3401.96
11.77,0,0.091,1,147.67,3,2009,1,1,3,17,3267.73
14.91,1,0.011,9,141.66,3,2009,1,1,3,17,3853.24
13.78,1,0.012,11,154.9,3,2009,1,1,3,17,3868.43
14.22,2,0.083,3,158.94,0,1987,0,1,2,39,4050.02
9.55,2,0.127,4,100.28,1,1998,2,2,1,28,1795.75
10.58,0,0.032,10,115.12,0,1987,0,1,2,39,2331.74
10.92,1,0.035,9,178.53,3,2009,1,1,3,17,3705.71
17.17,1,0.058,8,205.48,2,1999,1,0,0,27,3401.23
11.12,0,0.186,6,156.32,3,2009,1,1,3,17,3297.52
14.38,0,0.033,5,120.04,3,2009,1,1,3,17,3292.32
11.97,0,0.008,0,140.76,3,2009,1,1,3,17,3170.25
13.55,0,0.124,14,147.12,3,2009,1,1,3,17,3658.63
17.53,0,0.163,0,240.4,2,1999,1,0,0,27,6466.54
12.99,0,0.082,10,169.17,3,2009,1,1,3,17,3983.52
13.25,1,0.154,9,179.2,2,1999,1,0,0,27,4245.37
13.11,2,0.11,6,176.0,0,1987,0,1,2,39,4148.58
14.11,2,0.069,0,150.74,3,2009,1,1,3,17,3859.4
10.91,1,0.104,9,152.46,3,2009,1,1,3,17,3169.95
9.29,1,0.174,9,136.72,0,1987,0,1,2,39,2482.01
14.48,2,0.019,10,158.6,0,1987,0,1,2,39,4117.33
14.08,0,0.019,1,159.17,0,1987,0,1,2,39,4024.9
10.6,0,0.147,4,146.23,3,2009,1,1,3,17,2973.2
11.55,0,0.033,5,145.53,3,2009,1,1,3,17,3174.45
15.73,0,0.128,5,157.51,2,1999,1,0,0,27,4364.04
12.8,0,0.046,0,177.69,0,1987,0,1,2,39,4113.94
13.72,0,0.057,13,120.09,3,2009,1,1,3,17,3143.55
7.13,0,0.074,5,83.24,1,1998,2,2,1,28,900.16
11.43,1,0.138,8,142.91,3,2009,1,1,3,17,3093.58
13.98,0,0.017,10,156.46,3,2009,1,1,3,17,3945.58
7.3,2,0.033,3,133.38,1,1998,2,2,1,28,1963.62
16.45,0,0.021,5,199.29,2,1999,1,0,0,27,5381.25
10.96,1,0.011,11,106.66,1,1998,2,2,1,28,2244.35
13.33,0,0.129,6,144.62,3,2009,1,1,3,17,3557.11
14.11,2,0.063,6,160.54,0,1987,0,1,2,39,4059.72
13.23,0,0.061,13,129.3,3,2009,1,1,3,17,3222.07
10.91,0,0.021,5,224.28,0,1987,0,1,2,39,4640.51
15.07,0,0.014,6,176.85,0,1987,0,1,2,39,4610.46
12.75,2,0.02,6,139.42,3,2009,1,1,3,17,3318.74
12.77,0,0.052,13,148.67,3,2009,1,1,3,17,3512.39
12.49,1,0.019,8,133.8,3,2009,1,1,3,17,3145.81
11.99,0,0.012,14,157.85,3,2009,1,1,3,17,3525.77
12.0,0,0.097,4,141.49,3,2009,1,1,3,17,3191.41
13.12,0,0.088,14,144.82,3,2009,1,1,3,17,3514.03
13.83,0,0.016,4,157.59,3,2009,1,1,3,17,3934.91
14.28,0,0.01,5,153.35,3,2009,1,1,3,17,3950.0
14.25,0,0.147,13,142.02,3,2009,1,1,3,17,3712.25
7.68,0,0.05,13,67.01,1,1998,2,2,1,28,692.38
10.57,2,0.097,12,169.05,3,2009,1,1,3,17,5341.06
12.06,2,0.017,5,139.54,3,2009,1,1,3,17,4409.76
12.04,0,0.026,10,137.59,3,2009,1,1,3,17,3121.33
15.63,3,0.147,5,190.71,2,1999,1,0,0,27,5019.88
13.33,0,0.054,14,149.59,3,2009,1,1,3,17,3658.51
15.89,2,0.016,3,142.78,0,1987,0,1,2,39,4097.18
13.73,0,0.036,6,176.0,2,1999,1,0,0,27,4289.01
11.15,2,0.032,3,101.23,1,1998,2,2,1,28,2177.2
14.28,0,0.019,4,150.42,3,2009,1,1,3,17,3890.89
11.39,0,0.066,3,153.58,3,2009,1,1,3,17,3302.46
9.65,0,0.117,1,106.35,1,1998,2,2,1,28,1941.92
14.82,2,0.03,0,190.42,0,1987,0,1,2,39,4830.81
13.25,0,0.046,2,146.32,3,2009,1,1,3,17,3572.54
9.49,0,0.007,13,110.12,1,1998,2,2,1,28,1983.84
13.29,0,0.032,13,152.63,3,2009,1,1,3,17,3712.24
15.81,0,0.088,4,130.95,3,2009,1,1,3,17,3837.71
12.74,0,0.064,5,182.38,0,1987,0,1,2,39,4197.22
10.29,2,0.036,10,202.9,0,1987,0,1,2,39,4062.75
11.54,0,0.03,13,177.65,3,2009,1,1,3,17,3827.82
11.23,2,0.067,13,148.57,3,2009,1,1,3,17,3163.79
13.82,1,0.021,8,162.84,0,1987,0,1,2,39,4041.33
15.45,2,0.012,5,191.07,2,1999,1,0,0,27,4986.35
12.73,0,0.042,6,143.71,3,2009,1,1,3,17,3402.45
10.38,1,0.089,8,112.11,1,1998,2,2,1,28,2224.89
12.61,1,0.039,9,165.19,3,2009,1,1,3,17,3815.55
12.13,2,0.034,14,100.6,0,1987,0,1,2,39,2385.76
11.99,2,0.081,4,122.18,3,2009,1,1,3,17,2794.79
16.15,0,0.171,5,202.51,2,1999,1,0,0,27,5379.31
9.03,0,0.119,4,123.07,1,1998,2,2,1,28,2143.28
14.61,2,0.056,4,166.68,2,1999,1,0,0,27,4297.68
10.14,0,0.125,10,176.79,3,2009,1,1,3,17,3493.26
13.55,0,0.021,0,133.29,3,2009,1,1,3,17,3375.08
12.42,0,0.119,14,168.13,3,2009,1,1,3,17,3833.04
10.89,0,0.014,6,105.7,1,1998,2,2,1,28,2210.11
12.85,2,0.071,14,149.41,3,2009,1,1,3,17,3546.23
14.72,0,0.115,0,154.67,0,1987,0,1,2,39,4077.18
15.05,0,0.055,13,149.42,0,1987,0,1,2,39,4044.46
14.59,2,0.026,3,149.84,3,2009,1,1,3,17,3948.42
11.42,2,0.103,6,139.09,3,2009,1,1,3,17,3012.54
13.51,0,0.048,6,121.14,3,2009,1,1,3,17,3117.68
11.24,0,0.044,15,134.05,3,2009,1,1,3,17,4194.9
11.16,0,0.039,13,171.62,3,2009,1,1,3,17,3619.1
10.48,2,0.015,10,154.22,3,2009,1,1,3,17,3110.05
10.77,3,0.083,10,180.96,3,2009,1,1,3,17,3722.83
15.44,2,0.056,6,202.42,2,1999,1,0,0,27,5217.54
9.91,2,0.142,5,124.09,0,1987,0,1,2,39,2362.92
17.34,0,0.025,13,239.31,2,1999,1,0,0,27,6277.33
12.13,0,0.038,10,137.0,3,2009,1,1,3,17,3129.14
11.85,0,0.007,0,123.29,3,2009,1,1,3,17,2785.75
10.94,0,0.138,4,121.01,3,2009,1,1,3,17,2532.68
12.63,2,0.046,3,110.82,3,2009,1,1,3,17,2706.22
12.78,0,0.188,3,160.99,3,2009,1,1,3,17,3766.79
13.32,0,0.025,13,92.42,0,1987,0,1,2,39,2485.93
15.16,1,0.112,11,150.81,0,1987,0,1,2,39,4097.55
11.87,0,0.14,15,128.01,3,2009,1,1,3,17,2887.03
11.54,2,0.06,6,140.71,3,2009,1,1,3,17,3071.94
14.58,0,0.128,6,149.01,3,2009,1,1,3,17,3929.59
12.35,0,0.094,4,182.43,0,1987,0,1,2,39,4109.54
14.01,0,0.141,14,193.58,0,1987,0,1,2,39,4712.78
14.25,2,0.053,13,170.39,2,1999,1,0,0,27,4292.76
11.27,0,0.116,6,124.9,3,2009,1,1,3,17,2686.83
19.82,0,0.014,3,210.94,1,1998,2,2,1,28,2129.71
12.28,0,0.011,13,127.58,3,2009,1,1,3,17,2971.03
14.67,1,0.03,11,155.11,0,1987,0,1,2,39,4073.4
13.49,0,0.178,6,184.74,2,1999,1,0,0,27,4414.76
13.23,0,0.019,5,175.13,0,1987,0,1,2,39,4158.06
12.05,0,0.041,4,143.47,3,2009,1,1,3,17,3245.23
14.92,0,0.057,4,161.57,2,1999,1,0,0,27,4263.41
13.2,0,0.119,10,129.96,3,2009,1,1,3,17,3226.96
12.7,2,0.034,10,178.53,0,1987,0,1,2,39,4108.21
11.26,0,0.104,4,133.62,3,2009,1,1,3,17,2862.91
12.4,1,0.116,8,151.96,3,2009,1,1,3,17,3496.02
15.42,0,0.019,13,173.6,0,1987,0,1,2,39,4621.34
11.08,0,0.073,10,151.76,3,2009,1,1,3,17,3193.59
13.15,0,0.053,13,116.92,3,2009,1,1,3,17,2950.02
13.09,0,0.143,5,135.76,3,2009,1,1,3,17,3320.51
14.93,0,0.086,5,127.68,3,2009,1,1,3,17,3572.68
12.92,0,0.104,14,110.45,3,2009,1,1,3,17,2765.83
11.29,0,0.021,7,155.86,3,2009,1,1,3,17,3325.42
12.23,0,0.028,0,165.24,3,2009,1,1,3,17,3730.58
11.93,1,0.142,9,156.09,3,2009,1,1,3,17,3474.72
14.16,0,0.055,12,138.84,3,2009,1,1,3,17,3627.0
17.96,1,0.123,8,201.49,2,1999,1,0,0,27,5766.29
12.97,2,0.036,13,184.16,2,1999,1,0,0,27,4283.68
10.76,1,0.052,9,189.07,3,2009,1,1,3,17,3886.43
12.26,0,0.057,6,136.75,3,2009,1,1,3,17,3155.15
10.4,2,0.029,0,123.1,0,1987,0,1,2,39,2455.6
14.25,0,0.031,0,182.95,0,1987,0,1,2,39,4549.33
12.64,0,0.021,15,172.89,3,2009,1,1,3,17,2898.86
13.3,1,0.093,8,158.62,3,2009,1,1,3,17,3837.37
10.85,2,0.039,2,142.8,3,2009,1,1,3,17,2960.22
11.74,0,0.026,10,125.81,3,2009,1,1,3,17,2812.33
14.79,2,0.091,0,147.9,3,2009,1,1,3,17,3954.93
13.09,1,0.043,9,166.92,3,2009,1,1,3,17,3959.48
17.62,2,0.032,14,186.17,2,1999,1,0,0,27,5376.9
9.58,2,0.011,3,143.94,3,2009,1,1,3,17,2694.98
11.13,0,0.053,14,124.54,3,2009,1,1,3,17,2649.25
15.02,0,0.044,13,193.24,0,1987,0,1,2,39,4934.83
12.14,0,0.027,13,140.48,3,2009,1,1,3,17,3202.22
10.92,0,0.053,6,146.88,3,2009,1,1,3,17,3058.47
13.16,2,0.011,10,130.22,3,2009,1,1,3,17,3223.31
15.16,0,0.14,5,193.25,0,1987,0,1,2,39,4965.8
14.32,2,0.075,0,154.88,3,2009,1,1,3,17,3989.84
16.02,0,0.07,4,156.21,2,1999,1,0,0,27,4401.52
15.72,0,0.123,15,186.22,2,1999,1,0,0,27,4949.09
9.2,1,0.05,11,96.71,1,1998,2,2,1,28,1644.4
11.19,1,0.015,9,155.38,3,2009,1,1,3,17,3293.82
13.07,2,0.053,3,123.25,3,2009,1,1,3,17,3061.13
11.96,2,0.024,0,137.69,3,2009,1,1,3,17,3106.37
16.04,0,0.028,6,171.28,0,1987,0,1,2,39,4715.82
10.52,0,0.024,0,132.07,3,2009,1,1,3,17,2664.9
12.39,0,0.026,3,160.13,3,2009,1,1,3,17,3661.32
14.13,0,0.118,6,223.61,2,1999,1,0,0,27,5353.78
8.26,2,0.081,3,123.63,1,1998,2,2,1,28,1981.74
13.2,0,0.03,4,149.75,3,2009,1,1,3,17,3632.99
12.82,0,0.097,6,120.47,3,2009,1,1,3,17,2947.79
16.9,0,0.122,10,243.98,2,1999,1,0,0,27,6396.62
7.34,2,0.058,1,170.06,3,2009,1,1,3,17,2723.51
15.82,0,0.031,6,162.76,2,1999,1,0,0,27,4489.9
10.2,0,0.08,13,145.66,3,2009,1,1,3,17,2871.58
14.87,0,0.185,6,126.36,3,2009,1,1,3,17,3531.51
12.95,2,0.076,10,155.55,3,2009,1,1,3,17,3695.51
15.15,0,0.066,13,196.83,0,1987,0,1,2,39,2769.49
15.29,0,0.113,0,155.21,2,1999,1,0,0,27,4216.97
13.9,0,0.035,4,168.12,0,1987,0,1,2,39,4166.58
12.54,0,0.045,10,172.34,3,2009,1,1,3,17,3946.6
14.43,1,0.021,9,147.12,3,2009,1,1,3,17,3855.59
15.46,0,0.105,6,105.02,3,2009,1,1,3,17,3229.08
10.97,2,0.016,10,138.24,3,2009,1,1,3,17,2892.79
9.95,2,0.032,10,112.26,1,1998,2,2,1,28,2131.95
16.85,3,0.084,4,197.25,2,1999,1,0,0,27,5428.72
10.19,2,0.129,4,115.6,1,1998,2,2,1,28,2254.59
13.62,0,0.069,10,134.47,3,2009,1,1,3,17,3413.74
14.19,0,0.097,4,174.24,2,1999,1,0,0,27,4357.23
11.49,2,0.064,3,148.49,3,2009,1,1,3,17,3221.39
11.66,0,0.031,5,125.99,3,2009,1,1,3,17,2799.44
9.23,0,0.022,5,146.69,3,2009,1,1,3,17,2672.65
12.44,2,0.112,6,153.52,3,2009,1,1,3,17,3537.66
13.19,2,0.03,2,163.87,3,2009,1,1,3,17,3920.06
11.66,2,0.094,3,145.99,3,2009,1,1,3,17,3207.89
13.1,0,0.078,3,145.5,3,2009,1,1,3,17,3523.76
14.28,2,0.14,6,144.26,3,2009,1,1,3,17,3765.23
12.7,2,0.021,13,133.99,3,2009,1,1,3,17,3196.91
13.77,0,0.108,6,189.04,0,1987,0,1,2,39,4565.13
10.68,0,0.017,3,96.41,1,1998,2,2,1,28,1970.82
14.59,0,0.183,7,161.64,0,1987,0,1,2,39,4189.17
14.87,2,0.097,14,151.69,0,1987,0,1,2,39,4049.79
12.84,1,0.02,9,131.99,3,2009,1,1,3,17,3187.56
9.61,0,0.064,0,92.03,1,1998,2,2,1,28,1639.82
11.83,0,0.043,3,153.74,3,2009,1,1,3,17,3404.16
13.21,0,0.013,3,113.6,3,2009,1,1,3,17,2894.73
10.99,0,0.057,2,145.0,3,2009,1,1,3,17,3035.09
11.04,2,0.024,6,134.17,3,2009,1,1,3,17,2826.38
14.84,1,0.11,9,167.73,2,1999,1,0,0,27,4371.59
12.44,0,0.061,3,137.09,3,2009,1,1,3,17,3202.79
11.15,0,0.031,13,132.22,3,2009,1,1,3,17,2810.51
12.36,1,0.052,8,131.79,3,2009,1,1,3,17,3074.56
10.71,0,0.016,6,128.6,3,2009,1,1,3,17,2637.11
11.76,2,0.082,6,180.96,3,2009,1,1,3,17,3945.38
11.95,0,0.022,6,226.26,0,1987,0,1,2,39,4916.4
13.92,0,0.038,6,145.91,3,2009,1,1,3,17,3717.2
14.0,0,0.235,13,120.56,3,2009,1,1,3,17,3215.81
11.66,0,0.027,7,140.56,3,2009,1,1,3,17,3096.31
14.2,1,0.032,9,122.57,3,2009,1,1,3,17,3301.93
13.31,0,0.066,6,162.29,3,2009,1,1,3,17,3914.8
13.04,0,0.142,4,163.19,3,2009,1,1,3,17,3871.26
17.32,2,0.168,10,191.1,2,1999,1,0,0,27,5409.88
13.87,0,0.088,14,117.65,3,2009,1,1,3,17,3126.8
15.07,0,0.043,10,135.09,3,2009,1,1,3,17,3754.54
11.81,0,0.082,4,104.35,0,1987,0,1,2,39,2389.25
9.09,0,0.081,14,82.27,1,1998,2,2,1,28,1322.63
13.04,0,0.044,0,143.05,3,2009,1,1,3,17,3459.64
8.31,2,0.092,0,116.09,1,1998,2,2,1,28,1839.11
12.6,0,0.025,13,157.47,3,2009,1,1,3,17,3288.06
9.65,0,0.066,2,82.08,1,1998,2,2,1,28,1444.64
16.36,0,0.011,3,160.12,0,1987,0,1,2,39,4558.21
11.83,1,0.045,8,162.44,3,2009,1,1,3,17,3582.89
14.9,0,0.05,13,199.95,2,1999,1,0,0,27,5043.15
19.37,0,0.099,13,226.76,2,1999,1,0,0,27,5961.77
10.49,1,0.082,8,106.12,1,1998,2,2,1,28,2126.41
13.66,0,0.064,0,149.54,3,2009,1,1,3,17,3438.18
12.51,0,0.039,10,122.83,3,2009,1,1,3,17,2926.07
14.87,0,0.154,6,151.9,0,1987,0,1,2,39,4054.14
12.17,0,0.059,10,177.83,3,2009,1,1,3,17,3973.77
10.22,0,0.077,3,129.55,3,2009,1,1,3,17,2546.38
12.69,1,0.172,11,135.49,3,2009,1,1,3,17,3225.11
14.08,0,0.046,0,147.01,3,2009,1,1,3,17,3775.5
12.65,0,0.04,5,124.33,3,2009,1,1,3,17,2987.74
9.3,0,0.009,5,142.03,3,2009,1,1,3,17,2593.56
9.92,2,0.039,13,113.89,1,1998,2,2,1,28,2158.36
10.17,0,0.119,14,119.1,0,1987,0,1,2,39,2320.08
15.49,0,0.118,6,124.26,3,2009,1,1,3,17,3628.52
15.6,0,0.02,1,171.47,0,1987,0,1,2,39,4618.49
12.78,0,0.058,13,181.08,0,1987,0,1,2,39,4177.68
14.78,0,0.119,10,152.48,0,1987,0,1,2,39,4044.94
13.28,2,0.035,0,188.91,2,1999,1,0,0,27,4451.41
14.52,0,0.039,14,184.85,0,1987,0,1,2,39,4648.1
9.79,1,0.027,8,175.9,3,2009,1,1,3,17,3396.6
12.19,0,0.137,13,140.54,3,2009,1,1,3,17,3214.91
12.74,1,0.021,8,173.87,0,1987,0,1,2,39,4023.1
10.08,2,0.097,14,165.38,3,2009,1,1,3,17,3248.31
16.56,2,0.096,6,185.24,2,1999,1,0,0,27,5117.37
11.63,0,0.004,5,174.42,3,2009,1,1,3,17,3782.81
11.32,0,0.063,10,128.01,3,2009,1,1,3,17,2762.5
10.0,2,0.156,3,108.64,1,1998,2,2,1,28,1509.55
16.89,2,0.054,6,172.81,2,1999,1,0,0,27,4938.83
13.76,0,0.037,5,116.7,3,2009,1,1,3,17,3082.26
13.74,2,0.028,10,184.46,2,1999,1,0,0,27,4464.83
11.85,0,0.026,13,138.75,3,2009,1,1,3,17,3102.39
11.72,2,0.101,0,116.19,3,2009,1,1,3,17,2610.53
12.21,0,0.021,5,142.91,3,2009,1,1,3,17,3268.26
14.93,0,0.085,13,174.03,0,1987,0,1,2,39,4521.29
13.27,2,0.046,13,173.14,0,1987,0,1,2,39,4128.1
13.37,0,0.089,4,108.51,3,2009,1,1,3,17,2827.9
14.12,0,0.151,6,140.95,3,2009,1,1,3,17,3659.99
13.93,0,0.021,5,200.09,0,1987,0,1,2,39,4827.94
14.47,2,0.023,6,146.44,3,2009,1,1,3,17,3852.16
13.73,1,0.05,9,139.12,3,2009,1,1,3,17,3535.07
8.57,0,0.061,5,120.74,1,1998,2,2,1,28,1991.81
12.95,0,0.02,14,144.45,3,2009,1,1,3,17,3467.47
12.32,0,0.01,5,160.78,3,2009,1,1,3,17,3659.31
11.07,0,0.128,10,108.41,0,1987,0,1,2,39,2305.71
14.19,0,0.028,5,155.48,3,2009,1,1,3,17,3972.98
12.04,0,0.185,13,114.88,3,2009,1,1,3,17,2656.24
16.4,0,0.025,3,171.88,0,1987,0,1,2,39,4809.32
10.24,0,0.016,10,169.41,3,2009,1,1,3,17,3365.07
14.93,2,0.007,6,141.63,3,2009,1,1,3,17,3858.15
10.0,0,0.123,6,92.43,1,1998,2,2,1,28,1737.61
13.75,2,0.034,13,144.12,3,2009,1,1,3,17,3642.88
14.69,0,0.043,4,181.42,0,1987,0,1,2,39,4617.15
12.66,0,0.013,4,134.81,3,2009,1,1,3,17,3204.8
15.23,0,0.047,14,158.9,2,1999,1,0,0,27,4279.28
12.53,0,0.153,4,138.85,3,2009,1,1,3,17,3257.83
9.21,2,0.044,13,127.39,1,1998,2,2,1,28,2273.06
16.34,1,0.139,8,205.83,2,1999,1,0,0,27,5489.47
8.04,0,0.013,4,108.38,1,1998,2,2,1,28,1620.7
13.06,2,0.112,10,87.14,0,1987,0,1,2,39,2320.84
16.0,0,0.031,5,205.47,2,1999,1,0,0,27,5404.94
12.19,0,0.115,0,117.35,3,2009,1,1,3,17,2490.03
11.46,2,0.033,3,111.72,0,1987,0,1,2,39,2461.65
17.44,0,0.016,6,173.84,2,1999,1,0,0,27,5083.62
11.09,2,0.025,14,118.29,3,2009,1,1,3,17,2511.66
12.67,1,0.076,9,154.3,3,2009,1,1,3,17,3605.41
13.81,0,0.029,6,156.77,3,2009,1,1,3,17,3914.0
15.31,1,0.063,9,144.37,3,2009,1,1,3,17,3998.52
12.14,0,0.154,0,132.23,3,2009,1,1,3,17,3033.74
17.14,2,0.031,10,206.22,2,1999,1,0,0,27,5678.29
10.25,1,0.038,8,82.21,1,1998,2,2,1,28,1585.11
13.53,2,0.048,13,193.39,0,1987,0,1,2,39,4599.89
14.35,0,0.013,4,176.79,2,1999,1,0,0,27,4445.84
12.76,1,0.094,8,100.44,3,2009,1,1,3,17,2525.18
11.95,1,0.052,9,112.04,3,2009,1,1,3,17,2578.75
15.75,1,0.043,9,128.82,3,2009,1,1,3,17,3780.15
13.0,1,0.047,11,195.3,0,1987,0,1,2,39,4519.93
15.34,0,0.024,0,185.01,0,1987,0,1,2,39,4837.23
11.47,1,0.041,8,116.17,3,2009,1,1,3,17,2555.32
10.95,0,0.013,4,111.91,0,1987,0,1,2,39,2349.15
11.86,0,0.024,15,154.57,3,2009,1,1,3,17,3428.32
17.06,1,0.041,8,144.67,2,1999,1,0,0,27,4400.84
11.23,1,0.057,8,153.12,3,2009,1,1,3,17,3255.63
12.36,0,0.017,12,167.0,3,2009,1,1,3,17,3795.84
7.35,2,0.013,6,54.69,1,1998,2,2,1,28,366.37
13.79,0,0.124,4,133.55,3,2009,1,1,3,17,3434.67
13.6,0,0.08,13,127.68,3,2009,1,1,3,17,3271.17
15.68,2,0.05,13,167.02,0,1987,0,1,2,39,4547.13
11.15,0,0.056,0,106.33,1,1998,2,2,1,28,2282.01
16.82,0,0.113,4,140.14,2,1999,1,0,0,27,4253.75
13.13,1,0.131,8,139.3,3,2009,1,1,3,17,3403.68
11.34,2,0.03,6,196.92,0,1987,0,1,2,39,4178.27
9.09,0,0.16,0,124.01,1,1998,2,2,1,28,2177.53
12.27,2,0.022,7,127.72,3,2009,1,1,3,17,2970.89
15.66,0,0.053,14,162.81,2,1999,1,0,0,27,4455.37
11.16,0,0.129,10,97.84,1,1998,2,2,1,28,2110.05
15.92,0,0.119,6,171.7,0,1987,0,1,2,39,4696.23
9.86,2,0.116,10,95.57,1,1998,2,2,1,28,1769.49
14.25,0,0.055,12,190.69,0,1987,0,1,2,39,4706.76
10.31,0,0.017,6,153.91,3,2009,1,1,3,17,2082.23
13.96,1,0.029,9,181.45,2,1999,1,0,0,27,4452.46
11.76,2,0.149,7,195.02,2,1999,1,0,0,27,4233.47
15.04,0,0.037,5,156.91,1,1998,2,2,1,28,1683.4
12.16,0,0.149,3,132.5,3,2009,1,1,3,17,3043.63
12.09,2,0.038,3,147.86,3,2009,1,1,3,17,3343.02
12.63,1,0.05,9,207.07,0,1987,0,1,2,39,4677.12
9.03,0,0.021,5,119.89,1,1998,2,2,1,28,2080.01
16.01,0,0.027,6,117.48,3,2009,1,1,3,17,3606.55
15.29,0,0.105,4,166.6,2,1999,1,0,0,27,4448.61
17.14,2,0.127,15,225.33,2,1999,1,0,0,27,6069.48
10.9,2,0.083,13,121.33,3,2009,1,1,3,17,2531.05
10.42,1,0.11,8,128.48,3,2009,1,1,3,17,2568.49
14.36,2,0.055,3,181.23,0,1987,0,1,2,39,4539.29
10.76,0,0.147,6,145.21,3,2009,1,1,3,17,2988.59
15.75,0,0.1,6,179.35,0,1987,0,1,2,39,4813.71
13.46,0,0.011,6,142.12,3,2009,1,1,3,17,3534.96
10.76,0,0.078,14,174.99,3,2009,1,1,3,17,5204.13
11.97,2,0.024,5,139.41,3,2009,1,1,3,17,3142.56
12.7,0,0.108,10,99.65,0,1987,0,1,2,39,2495.16
11.78,0,0.027,3,128.7,3,2009,1,1,3,17,2879.9
13.91,2,0.046,14,162.65,0,1987,0,1,2,39,4057.88
11.82,0,0.128,6,98.36,1,1998,2,2,1,28,2269.01
11.44,0,0.038,6,174.75,3,2009,1,1,3,17,3745.45
17.12,2,0.111,14,217.03,2,1999,1,0,0,27,5894.91
14.52,2,0.044,5,186.51,0,1987,0,1,2,39,4683.72
14.58,2,0.081,0,155.59,0,1987,0,1,2,39,4063.97
14.84,0,0.078,4,133.89,3,2009,1,1,3,17,3679.12
11.34,0,0.047,5,72.61,1,1998,2,2,1,28,1633.12
11.82,0,0.095,14,175.22,3,2009,1,1,3,17,3842.68
12.33,0,0.035,0,168.63,3,2009,1,1,3,17,3822.43
12.58,0,0.12,14,141.38,3,2009,1,1,3,17,3320.87
9.45,1,0.035,9,129.31,0,1987,0,1,2,39,4884.07
14.23,0,0.072,4,149.17,3,2009,1,1,3,17,3853.96
9.36,2,0.025,5,148.15,3,2009,1,1,3,17,2732.81
11.22,1,0.233,9,131.33,3,2009,1,1,3,17,2807.71
12.1,1,0.057,11,201.72,2,1999,1,0,0,27,4446.42
11.34,1,0.075,9,177.47,3,2009,1,1,3,17,3779.74
15.75,2,0.076,4,144.77,0,1987,0,1,2,39,4107.19
9.35,2,0.126,1,111.24,0,1987,0,1,2,39,2778.51
13.64,1,0.006,8,133.06,3,2009,1,1,3,17,3390.46
9.26,2,0.043,14,102.67,1,1998,2,2,1,28,1778.64
12.39,2,0.102,14,164.12,3,2009,1,1,3,17,3743.0
16.33,2,0.175,5,188.46,2,1999,1,0,0,27,5133.16
13.62,0,0.021,6,168.33,0,1987,0,1,2,39,4107.78
